sensor_id,timestamp,rms,assimetria,curtose,frequencia_pico,rotacao_rpm,status_alerta,anomalia_real,tipo_anomalia
1,2026-10-01T10:19:18Z,1.5333,0.1775,1.9711,30.0,1772.0,NORMAL,0,
2,2026-10-01T10:19:18Z,1.6284,-0.2539,1.9447,30.0,1780.6,NORMAL,0,
3,2026-10-01T10:19:18Z,1.5706,0.2292,1.9619,30.0,1776.2,NORMAL,0,
4,2026-10-01T10:19:18Z,1.0323,-0.0301,1.9334,30.0,1777.1,NORMAL,0,
5,2026-10-01T10:19:18Z,1.3631,-0.0569,1.9617,60.0,3553.5,NORMAL,0,
6,2026-10-01T10:19:18Z,1.0752,0.2602,1.8872,60.0,3554.5,NORMAL,0,
1,2026-10-01T10:20:18Z,1.5501,0.0734,1.9401,30.0,1785.2,NORMAL,0,
2,2026-10-01T10:20:18Z,1.7741,0.2825,1.8806,30.0,1770.8,NORMAL,0,
3,2026-10-01T10:20:18Z,1.6217,0.2171,1.9124,30.0,1779.1,NORMAL,0,
4,2026-10-01T10:20:18Z,0.992,0.1344,2.01,30.0,1778.4,NORMAL,0,
5,2026-10-01T10:20:18Z,1.4087,-0.1173,1.8958,60.0,3555.7,NORMAL,0,
6,2026-10-01T10:20:18Z,1.0993,0.2926,1.9251,60.0,3553.0,NORMAL,0,
1,2026-10-01T10:21:18Z,1.5911,0.2974,1.9696,30.0,1778.8,NORMAL,0,
2,2026-10-01T10:21:18Z,1.6788,0.1948,1.9072,30.0,1778.8,NORMAL,0,
3,2026-10-01T10:21:18Z,1.6057,0.1065,1.9478,30.0,1772.8,NORMAL,0,
4,2026-10-01T10:21:18Z,1.0455,-0.2709,1.8976,30.0,1774.3,NORMAL,0,
5,2026-10-01T10:21:18Z,1.4164,-0.3221,1.9597,60.0,3551.7,NORMAL,0,
6,2026-10-01T10:21:18Z,1.0843,-0.2833,1.9526,60.0,3564.1,NORMAL,0,
1,2026-10-01T10:22:18Z,1.6085,-0.2367,1.9183,30.0,1788.4,NORMAL,0,
2,2026-10-01T10:22:18Z,1.6816,-0.2954,1.9321,30.0,1778.1,NORMAL,0,
3,2026-10-01T10:22:18Z,1.6233,-0.3057,1.9618,30.0,1784.1,NORMAL,0,
4,2026-10-01T10:22:18Z,1.0257,-0.2684,1.9669,30.0,1778.6,NORMAL,0,
5,2026-10-01T10:22:18Z,1.3826,-0.101,1.9223,60.0,3571.5,NORMAL,0,
6,2026-10-01T10:22:18Z,1.0691,-0.0521,1.9864,60.0,3565.6,NORMAL,0,
1,2026-10-01T10:23:18Z,1.6174,0.0529,1.9061,30.0,1779.2,NORMAL,0,
2,2026-10-01T10:23:18Z,1.6401,-0.2997,1.9937,30.0,1789.5,NORMAL,0,
3,2026-10-01T10:23:18Z,1.5858,0.2317,1.901,30.0,1776.2,NORMAL,0,
4,2026-10-01T10:23:18Z,1.0858,0.1589,1.9312,30.0,1782.9,NORMAL,0,
5,2026-10-01T10:23:18Z,1.3708,-0.2645,1.8311,60.0,3550.1,NORMAL,0,
6,2026-10-01T10:23:18Z,1.1331,0.3294,1.901,60.0,3552.4,NORMAL,0,
1,2026-10-01T10:24:18Z,1.5641,-0.0058,1.9325,30.0,1779.4,NORMAL,0,
2,2026-10-01T10:24:18Z,1.6336,0.2831,1.964,30.0,1780.3,NORMAL,0,
3,2026-10-01T10:24:18Z,1.5458,0.2207,1.9056,30.0,1784.6,NORMAL,0,
4,2026-10-01T10:24:18Z,1.0758,0.3407,1.881,30.0,1770.8,NORMAL,0,
5,2026-10-01T10:24:18Z,1.4259,0.0248,1.8882,60.0,3582.0,NORMAL,0,
6,2026-10-01T10:24:18Z,1.1153,0.2228,1.9088,58.0,3533.4,NORMAL,0,
1,2026-10-01T10:25:18Z,1.5799,0.3259,1.9887,30.0,1783.3,NORMAL,0,
2,2026-10-01T10:25:18Z,1.8131,0.1155,1.9605,30.0,1782.7,NORMAL,0,
3,2026-10-01T10:25:18Z,1.5922,0.2186,1.9315,30.0,1775.2,NORMAL,0,
4,2026-10-01T10:25:18Z,1.0818,0.1769,1.9007,30.0,1778.7,NORMAL,0,
5,2026-10-01T10:25:18Z,1.4736,-0.2451,1.875,60.0,3554.3,NORMAL,0,
6,2026-10-01T10:25:18Z,1.0849,0.2504,1.9381,60.0,3546.3,NORMAL,0,
1,2026-10-01T10:26:18Z,1.5569,-0.0123,1.9221,30.0,1775.6,NORMAL,0,
2,2026-10-01T10:26:18Z,1.7082,-0.2826,1.9302,30.0,1780.5,NORMAL,0,
3,2026-10-01T10:26:18Z,1.4766,0.2081,1.9404,30.0,1783.2,NORMAL,0,
4,2026-10-01T10:26:18Z,1.0411,0.0596,1.9285,30.0,1791.5,NORMAL,0,
5,2026-10-01T10:26:18Z,1.3171,0.3158,1.9993,60.0,3562.8,NORMAL,0,
6,2026-10-01T10:26:18Z,1.096,-0.3759,1.9503,60.0,3561.9,NORMAL,0,
1,2026-10-01T10:27:18Z,1.6824,-0.0178,1.8584,30.0,1779.2,NORMAL,0,
2,2026-10-01T10:27:18Z,1.7231,0.3152,1.9301,30.0,1785.0,NORMAL,0,
3,2026-10-01T10:27:18Z,1.6096,-0.0295,1.8904,30.0,1787.2,NORMAL,0,
4,2026-10-01T10:27:18Z,1.0496,0.2795,1.8584,30.0,1776.3,NORMAL,0,
5,2026-10-01T10:27:18Z,1.4693,-0.3191,1.9414,60.0,3546.5,NORMAL,0,
6,2026-10-01T10:27:18Z,1.108,0.1259,1.9283,58.0,3525.7,NORMAL,0,
1,2026-10-01T10:28:18Z,1.5896,0.0676,1.9845,30.0,1772.3,NORMAL,0,
2,2026-10-01T10:28:18Z,1.7154,0.3044,1.9554,30.0,1788.0,NORMAL,0,
3,2026-10-01T10:28:18Z,1.5167,0.2471,1.9974,30.0,1777.4,NORMAL,0,
4,2026-10-01T10:28:18Z,1.0326,0.2475,2.0011,30.0,1772.5,NORMAL,0,
5,2026-10-01T10:28:18Z,1.3863,0.052,1.8981,60.0,3554.5,NORMAL,0,
6,2026-10-01T10:28:18Z,1.0852,0.1044,1.9644,60.0,3573.7,NORMAL,0,
1,2026-10-01T10:29:18Z,1.5905,0.2816,1.9056,30.0,1764.3,NORMAL,0,
2,2026-10-01T10:29:18Z,1.7693,-0.0543,1.863,30.0,1778.8,NORMAL,0,
3,2026-10-01T10:29:18Z,1.6233,0.2365,1.9552,30.0,1774.0,NORMAL,0,
4,2026-10-01T10:29:18Z,1.0393,0.228,1.8693,30.0,1780.5,NORMAL,0,
5,2026-10-01T10:29:18Z,1.372,0.207,1.9293,60.0,3575.1,NORMAL,0,
6,2026-10-01T10:29:18Z,1.0994,-0.0044,1.9741,60.0,3571.5,NORMAL,0,
1,2026-10-01T10:30:18Z,1.5857,-0.1907,1.9519,30.0,1778.6,NORMAL,0,
2,2026-10-01T10:30:18Z,1.786,0.1056,1.9145,30.0,1772.6,NORMAL,0,
3,2026-10-01T10:30:18Z,1.6234,0.0175,1.8809,30.0,1781.8,NORMAL,0,
4,2026-10-01T10:30:18Z,1.0563,-0.1975,1.955,30.0,1777.8,NORMAL,0,
5,2026-10-01T10:30:18Z,1.4456,-0.0043,1.948,60.0,3555.1,NORMAL,0,
6,2026-10-01T10:30:18Z,1.1176,-0.2447,1.9102,60.0,3570.8,NORMAL,0,
1,2026-10-01T10:31:18Z,1.599,-0.2965,1.9675,30.0,1779.9,NORMAL,0,
2,2026-10-01T10:31:18Z,1.7824,0.0526,1.924,30.0,1780.1,NORMAL,0,
3,2026-10-01T10:31:18Z,1.56,-0.161,1.8681,30.0,1775.7,NORMAL,0,
4,2026-10-01T10:31:18Z,1.0119,-0.3146,1.8939,30.0,1785.4,NORMAL,0,
5,2026-10-01T10:31:18Z,1.398,-0.0557,1.9218,60.0,3579.8,NORMAL,0,
6,2026-10-01T10:31:18Z,1.1013,0.2639,1.8839,58.0,3519.5,NORMAL,0,
1,2026-10-01T10:32:18Z,1.5436,0.2519,1.9243,30.0,1781.2,NORMAL,0,
2,2026-10-01T10:32:18Z,1.67,0.2017,2.0274,30.0,1780.2,NORMAL,0,
3,2026-10-01T10:32:18Z,1.5734,0.3288,1.9542,30.0,1782.2,NORMAL,0,
4,2026-10-01T10:32:18Z,1.0588,-0.341,1.9032,30.0,1783.8,NORMAL,0,
5,2026-10-01T10:32:18Z,2.677,0.6486,2.2356,118.0,3553.9,NORMAL,1,DESALINHAMENTO
6,2026-10-01T10:32:18Z,1.06,-0.0173,1.9484,60.0,3570.2,NORMAL,0,
1,2026-10-01T10:33:18Z,1.5924,-0.3213,1.8999,30.0,1778.9,NORMAL,0,
2,2026-10-01T10:33:18Z,1.7254,0.3343,1.8801,30.0,1773.0,NORMAL,0,
3,2026-10-01T10:33:18Z,1.7524,-0.3348,1.9045,30.0,1783.3,NORMAL,0,
4,2026-10-01T10:33:18Z,1.0383,-0.1963,1.9233,30.0,1769.9,NORMAL,0,
5,2026-10-01T10:33:18Z,2.6866,0.2061,2.2629,60.0,3564.8,NORMAL,1,DESALINHAMENTO
6,2026-10-01T10:33:18Z,1.0734,0.0168,1.9346,60.0,3563.8,NORMAL,0,
1,2026-10-01T10:34:18Z,1.6269,-0.2848,1.8904,30.0,1774.1,NORMAL,0,
2,2026-10-01T10:34:18Z,1.7104,0.2088,1.8911,30.0,1775.9,NORMAL,0,
3,2026-10-01T10:34:18Z,1.538,0.0445,1.9195,30.0,1781.9,NORMAL,0,
4,2026-10-01T10:34:18Z,1.0273,0.3418,1.9618,30.0,1788.4,NORMAL,0,
5,2026-10-01T10:34:18Z,2.9445,0.3974,2.3323,118.0,3559.8,NORMAL,1,DESALINHAMENTO
6,2026-10-01T10:34:18Z,1.0903,-0.0087,1.9877,60.0,3548.9,NORMAL,0,
1,2026-10-01T10:35:18Z,1.4991,0.179,1.8829,30.0,1771.1,NORMAL,0,
2,2026-10-01T10:35:18Z,1.7702,-0.3133,1.8565,30.0,1785.9,NORMAL,0,
3,2026-10-01T10:35:18Z,1.6165,0.1582,1.9069,30.0,1781.2,NORMAL,0,
4,2026-10-01T10:35:18Z,1.0166,0.0615,1.9346,30.0,1773.6,NORMAL,0,
5,2026-10-01T10:35:18Z,3.2507,0.5015,2.26,118.0,3564.2,NORMAL,1,DESALINHAMENTO
6,2026-10-01T10:35:18Z,1.0795,-0.0451,1.8651,60.0,3565.7,NORMAL,0,
1,2026-10-01T10:36:18Z,1.5578,0.1675,1.9995,30.0,1764.7,NORMAL,0,
2,2026-10-01T10:36:18Z,1.6983,0.2473,1.916,30.0,1774.2,NORMAL,0,
3,2026-10-01T10:36:18Z,1.5877,0.2567,1.9796,30.0,1773.9,NORMAL,0,
4,2026-10-01T10:36:18Z,1.0314,0.0448,1.9315,30.0,1782.2,NORMAL,0,
5,2026-10-01T10:36:18Z,3.6086,0.0704,2.2396,120.0,3574.7,NORMAL,1,DESALINHAMENTO
6,2026-10-01T10:36:18Z,1.1076,0.3502,1.9288,58.0,3529.9,NORMAL,0,
1,2026-10-01T10:37:18Z,3.4524,-0.1234,1.5906,30.0,1788.2,NORMAL,1,DESBALANCEAMENTO
2,2026-10-01T10:37:18Z,1.7307,0.2823,1.8903,30.0,1783.8,NORMAL,0,
3,2026-10-01T10:37:18Z,1.6686,-0.3409,1.9024,30.0,1773.1,NORMAL,0,
4,2026-10-01T10:37:18Z,1.0377,-0.2775,1.937,30.0,1777.9,NORMAL,0,
5,2026-10-01T10:37:18Z,3.5452,0.5521,2.1727,60.0,3568.8,NORMAL,1,DESALINHAMENTO
6,2026-10-01T10:37:18Z,1.1292,0.0724,1.9194,60.0,3555.4,NORMAL,0,
1,2026-10-01T10:38:18Z,3.7672,0.0321,1.57,30.0,1782.2,NORMAL,1,DESBALANCEAMENTO
2,2026-10-01T10:38:18Z,1.7668,0.2967,1.9476,30.0,1779.0,NORMAL,0,
3,2026-10-01T10:38:18Z,1.6657,0.1517,1.8667,30.0,1783.6,NORMAL,0,
4,2026-10-01T10:38:18Z,1.0469,0.2041,1.94,30.0,1777.7,NORMAL,0,
5,2026-10-01T10:38:18Z,4.0295,-0.137,2.1798,118.0,3560.8,NORMAL,1,DESALINHAMENTO
6,2026-10-01T10:38:18Z,1.083,-0.2431,1.9596,58.0,3523.8,NORMAL,0,
1,2026-10-01T10:39:18Z,4.2686,-0.1007,1.578,30.0,1784.2,NORMAL,1,DESBALANCEAMENTO
2,2026-10-01T10:39:18Z,1.6312,-0.2877,1.95,30.0,1776.5,NORMAL,0,
3,2026-10-01T10:39:18Z,1.5951,0.3403,1.9274,30.0,1779.9,NORMAL,0,
4,2026-10-01T10:39:18Z,1.0455,0.3059,1.8692,30.0,1770.3,NORMAL,0,
5,2026-10-01T10:39:18Z,4.484,0.3187,2.1655,118.0,3564.5,NORMAL,1,DESALINHAMENTO
6,2026-10-01T10:39:18Z,1.04,0.2303,1.9729,60.0,3547.6,NORMAL,0,
1,2026-10-01T10:40:18Z,4.3642,0.0364,1.5621,30.0,1778.6,NORMAL,1,DESBALANCEAMENTO
2,2026-10-01T10:40:18Z,1.7469,-0.2903,1.8823,30.0,1772.2,NORMAL,0,
3,2026-10-01T10:40:18Z,1.5504,-0.1363,1.9166,30.0,1771.3,NORMAL,0,
4,2026-10-01T10:40:18Z,1.0412,-0.3066,1.9111,30.0,1783.5,NORMAL,0,
5,2026-10-01T10:40:18Z,4.8381,0.118,2.1429,118.0,3570.2,ATENCAO,1,DESALINHAMENTO
6,2026-10-01T10:40:18Z,1.0447,-0.2867,2.0045,60.0,3582.8,NORMAL,0,
1,2026-10-01T10:41:18Z,4.7351,-0.0378,1.5426,30.0,1782.0,ATENCAO,1,DESBALANCEAMENTO
2,2026-10-01T10:41:18Z,1.7169,-0.2759,1.9231,30.0,1772.6,NORMAL,0,
3,2026-10-01T10:41:18Z,1.6185,-0.2413,1.9457,30.0,1782.4,NORMAL,0,
4,2026-10-01T10:41:18Z,1.0398,0.3024,1.933,30.0,1779.2,NORMAL,0,
5,2026-10-01T10:41:18Z,1.4546,0.2253,1.9307,60.0,3575.9,NORMAL,0,
6,2026-10-01T10:41:18Z,1.0739,0.1788,1.9519,60.0,3549.8,NORMAL,0,
1,2026-10-01T10:42:18Z,4.9667,-0.0531,1.5417,30.0,1794.1,ATENCAO,1,DESBALANCEAMENTO
2,2026-10-01T10:42:18Z,1.7375,-0.0472,1.9394,30.0,1777.4,NORMAL,0,
3,2026-10-01T10:42:18Z,1.5271,0.267,1.9524,30.0,1790.1,NORMAL,0,
4,2026-10-01T10:42:18Z,1.0589,-0.0554,1.9375,30.0,1775.0,NORMAL,0,
5,2026-10-01T10:42:18Z,1.3757,0.124,1.9032,60.0,3576.4,NORMAL,0,
6,2026-10-01T10:42:18Z,1.0701,0.2827,1.9847,60.0,3543.8,NORMAL,0,
1,2026-10-01T10:43:18Z,5.0429,0.1242,1.5642,30.0,1782.5,ATENCAO,1,DESBALANCEAMENTO
2,2026-10-01T10:43:18Z,1.734,-0.2991,1.9508,30.0,1786.4,NORMAL,0,
3,2026-10-01T10:43:18Z,1.5849,-0.1528,1.8807,30.0,1781.2,NORMAL,0,
4,2026-10-01T10:43:18Z,1.0467,0.2675,1.9036,30.0,1770.9,NORMAL,0,
5,2026-10-01T10:43:18Z,1.3307,-0.1554,1.9993,60.0,3552.1,NORMAL,0,
6,2026-10-01T10:43:18Z,1.0997,0.0147,1.9726,60.0,3548.2,NORMAL,0,
1,2026-10-01T10:44:18Z,5.1475,0.1028,1.5377,30.0,1780.8,ATENCAO,1,DESBALANCEAMENTO
2,2026-10-01T10:44:18Z,1.7249,0.3004,1.8747,30.0,1786.6,NORMAL,0,
3,2026-10-01T10:44:18Z,0.0088,0.148,3.1351,698.0,1766.7,ATENCAO,1,SENSOR_TRAVADO
4,2026-10-01T10:44:18Z,0.984,0.3049,1.9686,30.0,1788.2,NORMAL,0,
5,2026-10-01T10:44:18Z,1.4632,0.1266,1.9547,60.0,3571.3,NORMAL,0,
6,2026-10-01T10:44:18Z,1.0811,0.0266,1.9617,60.0,3571.1,NORMAL,0,
1,2026-10-01T10:45:18Z,5.7171,0.1265,1.5346,30.0,1775.1,ATENCAO,1,DESBALANCEAMENTO
2,2026-10-01T10:45:18Z,1.7349,0.1547,1.8449,30.0,1771.0,NORMAL,0,
3,2026-10-01T10:45:18Z,0.0095,-0.023,2.9843,1012.0,1774.7,ATENCAO,1,SENSOR_TRAVADO
4,2026-10-01T10:45:18Z,1.0026,0.1626,1.9281,30.0,1775.3,NORMAL,0,
5,2026-10-01T10:45:18Z,1.4009,0.245,1.889,60.0,3560.2,NORMAL,0,
6,2026-10-01T10:45:18Z,1.1473,0.2935,1.9883,60.0,3574.5,NORMAL,0,
1,2026-10-01T10:46:18Z,5.9325,0.0055,1.5307,30.0,1788.1,ATENCAO,1,DESBALANCEAMENTO
2,2026-10-01T10:46:18Z,1.79,0.0715,1.8799,30.0,1780.9,NORMAL,0,
3,2026-10-01T10:46:18Z,0.0096,-0.0746,3.1411,1010.0,1777.6,ATENCAO,1,SENSOR_TRAVADO
4,2026-10-01T10:46:18Z,1.0258,0.3225,1.9524,30.0,1798.5,NORMAL,0,
5,2026-10-01T10:46:18Z,1.4186,0.3303,1.9172,60.0,3579.0,NORMAL,0,
6,2026-10-01T10:46:18Z,1.1089,0.2708,1.9327,60.0,3558.2,NORMAL,0,
1,2026-10-01T10:47:18Z,6.3562,0.0397,1.5268,30.0,1777.6,ATENCAO,1,DESBALANCEAMENTO
2,2026-10-01T10:47:18Z,1.7007,0.2988,1.9717,30.0,1778.4,NORMAL,0,
3,2026-10-01T10:47:18Z,0.0092,0.0644,2.9477,448.0,1776.1,ATENCAO,1,SENSOR_TRAVADO
4,2026-10-01T10:47:18Z,1.0169,0.0994,1.9576,30.0,1770.9,NORMAL,0,
5,2026-10-01T10:47:18Z,1.4348,0.2439,2.002,60.0,3569.3,NORMAL,0,
6,2026-10-01T10:47:18Z,1.0734,0.2145,1.9463,60.0,3542.4,NORMAL,0,
1,2026-10-01T10:48:18Z,6.4546,0.0799,1.5424,30.0,1771.5,ATENCAO,1,DESBALANCEAMENTO
2,2026-10-01T10:48:18Z,1.6964,0.2094,1.9024,30.0,1773.1,NORMAL,0,
3,2026-10-01T10:48:18Z,0.0094,0.0421,2.7139,40.0,1783.5,ATENCAO,1,SENSOR_TRAVADO
4,2026-10-01T10:48:18Z,1.0413,0.0495,1.8837,30.0,1789.3,NORMAL,0,
5,2026-10-01T10:48:18Z,1.3953,0.1769,1.9102,60.0,3567.9,NORMAL,0,
6,2026-10-01T10:48:18Z,1.0733,0.2772,1.954,60.0,3568.0,NORMAL,0,
1,2026-10-01T10:49:18Z,1.591,0.3208,1.9604,30.0,1786.7,NORMAL,0,
2,2026-10-01T10:49:18Z,1.7558,0.0909,1.8895,30.0,1788.7,NORMAL,0,
3,2026-10-01T10:49:18Z,0.0096,0.0035,3.107,550.0,1791.9,ATENCAO,1,SENSOR_TRAVADO
4,2026-10-01T10:49:18Z,1.0166,0.0972,1.9717,30.0,1775.0,NORMAL,0,
5,2026-10-01T10:49:18Z,1.3926,-0.2765,1.8928,58.0,3533.1,NORMAL,0,
6,2026-10-01T10:49:18Z,1.1054,0.3567,1.9132,60.0,3557.8,NORMAL,0,
1,2026-10-01T10:50:18Z,1.5942,0.0153,1.919,30.0,1790.8,NORMAL,0,
2,2026-10-01T10:50:18Z,1.7002,0.3271,1.9657,30.0,1774.0,NORMAL,0,
3,2026-10-01T10:50:18Z,1.5693,0.0264,1.9138,30.0,1778.4,NORMAL,0,
4,2026-10-01T10:50:18Z,1.0047,-0.2979,1.9127,30.0,1790.0,NORMAL,0,
5,2026-10-01T10:50:18Z,1.4189,0.1328,1.9486,60.0,3556.6,NORMAL,0,
6,2026-10-01T10:50:18Z,1.093,0.1905,1.8604,60.0,3549.7,NORMAL,0,
1,2026-10-01T10:51:18Z,1.6077,-0.038,1.8919,30.0,1770.9,NORMAL,0,
2,2026-10-01T10:51:18Z,1.7053,0.1081,1.9064,30.0,1791.0,NORMAL,0,
3,2026-10-01T10:51:18Z,1.6566,0.0103,1.9203,30.0,1782.8,NORMAL,0,
4,2026-10-01T10:51:18Z,1.0761,0.1837,1.8732,30.0,1781.1,NORMAL,0,
5,2026-10-01T10:51:18Z,1.3739,0.2878,1.9553,58.0,3532.9,NORMAL,0,
6,2026-10-01T10:51:18Z,1.1425,0.2499,1.905,60.0,3558.3,NORMAL,0,
1,2026-10-01T10:52:18Z,1.6667,0.1344,1.9037,30.0,1778.8,NORMAL,0,
2,2026-10-01T10:52:18Z,1.7818,0.2935,1.856,30.0,1775.3,NORMAL,0,
3,2026-10-01T10:52:18Z,1.5524,0.2481,1.9695,30.0,1775.8,NORMAL,0,
4,2026-10-01T10:52:18Z,1.0457,0.0193,1.9525,30.0,1784.7,NORMAL,0,
5,2026-10-01T10:52:18Z,1.4195,-0.1124,1.9114,60.0,3561.1,NORMAL,0,
6,2026-10-01T10:52:18Z,1.101,-0.1215,1.9328,60.0,3560.3,NORMAL,0,
1,2026-10-01T10:53:18Z,1.5657,0.2733,1.8676,30.0,1783.5,NORMAL,0,
2,2026-10-01T10:53:18Z,1.7027,0.2759,1.9351,30.0,1779.7,NORMAL,0,
3,2026-10-01T10:53:18Z,1.5627,-0.1281,1.9183,30.0,1766.4,NORMAL,0,
4,2026-10-01T10:53:18Z,1.0643,0.0075,1.91,30.0,1784.6,NORMAL,0,
5,2026-10-01T10:53:18Z,1.3933,-0.0048,1.9126,60.0,3573.4,NORMAL,0,
6,2026-10-01T10:53:18Z,1.0701,-0.2845,1.9423,60.0,3562.3,NORMAL,0,
1,2026-10-01T10:54:18Z,1.564,-0.2702,1.9246,30.0,1785.5,NORMAL,0,
2,2026-10-01T10:54:18Z,1.743,-0.1865,1.8532,30.0,1775.6,NORMAL,0,
3,2026-10-01T10:54:18Z,1.6425,0.0361,1.9374,30.0,1786.5,NORMAL,0,
4,2026-10-01T10:54:18Z,1.0063,0.2624,1.949,30.0,1774.2,NORMAL,0,
5,2026-10-01T10:54:18Z,1.4199,0.1111,1.9564,60.0,3556.1,NORMAL,0,
6,2026-10-01T10:54:18Z,1.0591,0.2971,1.9278,60.0,3585.9,NORMAL,0,
1,2026-10-01T10:55:18Z,1.6119,-0.1753,1.8914,30.0,1787.4,NORMAL,0,
2,2026-10-01T10:55:18Z,1.7343,0.2943,1.8534,30.0,1779.8,NORMAL,0,
3,2026-10-01T10:55:18Z,1.5588,-0.2407,1.9831,30.0,1772.3,NORMAL,0,
4,2026-10-01T10:55:18Z,1.0268,-0.2245,1.8976,30.0,1777.2,NORMAL,0,
5,2026-10-01T10:55:18Z,1.4275,0.3026,1.9018,60.0,3549.0,NORMAL,0,
6,2026-10-01T10:55:18Z,1.1164,0.2179,1.9035,60.0,3599.0,NORMAL,0,
1,2026-10-01T10:56:18Z,1.582,0.1794,1.9452,30.0,1779.3,NORMAL,0,
2,2026-10-01T10:56:18Z,1.6577,-0.1974,1.9421,30.0,1777.6,NORMAL,0,
3,2026-10-01T10:56:18Z,1.5904,0.2608,1.9769,30.0,1780.1,NORMAL,0,
4,2026-10-01T10:56:18Z,1.0307,0.3005,1.9577,30.0,1787.4,NORMAL,0,
5,2026-10-01T10:56:18Z,1.4188,-0.3097,1.9006,60.0,3574.5,NORMAL,0,
6,2026-10-01T10:56:18Z,1.0728,0.3386,1.9793,60.0,3548.1,NORMAL,0,
1,2026-10-01T10:57:18Z,1.5779,0.2182,1.964,30.0,1778.2,NORMAL,0,
2,2026-10-01T10:57:18Z,1.7263,0.172,1.8813,30.0,1789.0,NORMAL,0,
3,2026-10-01T10:57:18Z,1.6095,0.3097,1.9018,30.0,1772.3,NORMAL,0,
4,2026-10-01T10:57:18Z,1.0132,0.218,1.9412,30.0,1791.1,NORMAL,0,
5,2026-10-01T10:57:18Z,1.3528,0.2814,1.9201,60.0,3567.7,NORMAL,0,
6,2026-10-01T10:57:18Z,1.0583,0.107,1.8601,60.0,3596.0,NORMAL,0,
1,2026-10-01T10:58:18Z,1.5548,0.095,1.9853,30.0,1775.3,NORMAL,0,
2,2026-10-01T10:58:18Z,1.7245,0.1225,1.8688,30.0,1784.6,NORMAL,0,
3,2026-10-01T10:58:18Z,1.634,-0.0961,1.8929,30.0,1783.1,NORMAL,0,
4,2026-10-01T10:58:18Z,1.0204,0.2971,1.9366,30.0,1781.7,NORMAL,0,
5,2026-10-01T10:58:18Z,1.4134,0.0471,1.8577,60.0,3563.5,NORMAL,0,
6,2026-10-01T10:58:18Z,1.0807,0.274,2.0162,60.0,3561.1,NORMAL,0,
1,2026-10-01T10:59:18Z,1.5105,-0.1433,1.9101,30.0,1772.8,NORMAL,0,
2,2026-10-01T10:59:18Z,1.7488,0.072,1.9249,30.0,1785.6,NORMAL,0,
3,2026-10-01T10:59:18Z,1.6104,0.2072,1.9809,30.0,1776.2,NORMAL,0,
4,2026-10-01T10:59:18Z,1.0516,-0.192,1.932,30.0,1773.0,NORMAL,0,
5,2026-10-01T10:59:18Z,1.3424,0.2192,1.9221,60.0,3559.1,NORMAL,0,
6,2026-10-01T10:59:18Z,1.1154,-0.2453,1.9213,60.0,3552.3,NORMAL,0,
1,2026-10-01T11:00:18Z,1.5565,0.0056,1.9312,30.0,1788.4,NORMAL,0,
2,2026-10-01T11:00:18Z,1.6851,-0.1393,1.9627,30.0,1774.2,NORMAL,0,
3,2026-10-01T11:00:18Z,1.6052,-0.2509,1.9187,30.0,1775.2,NORMAL,0,
4,2026-10-01T11:00:18Z,1.0524,0.2493,1.9197,30.0,1779.9,NORMAL,0,
5,2026-10-01T11:00:18Z,1.3741,0.0905,2.0091,60.0,3562.6,NORMAL,0,
6,2026-10-01T11:00:18Z,1.071,0.1742,1.9332,60.0,3568.3,NORMAL,0,
1,2026-10-01T11:01:18Z,1.5777,-0.2049,1.9292,30.0,1783.6,NORMAL,0,
2,2026-10-01T11:01:18Z,1.691,-0.2003,1.9085,30.0,1785.5,NORMAL,0,
3,2026-10-01T11:01:18Z,1.6082,0.1149,1.9849,30.0,1775.4,NORMAL,0,
4,2026-10-01T11:01:18Z,1.0304,0.2688,1.9593,30.0,1775.7,NORMAL,0,
5,2026-10-01T11:01:18Z,1.3696,0.0132,1.9863,60.0,3571.8,NORMAL,0,
6,2026-10-01T11:01:18Z,1.0829,0.2677,1.9248,60.0,3563.3,NORMAL,0,
1,2026-10-01T11:02:18Z,1.5591,0.2252,1.9789,30.0,1779.1,NORMAL,0,
2,2026-10-01T11:02:18Z,1.711,0.1732,1.9369,30.0,1780.7,NORMAL,0,
3,2026-10-01T11:02:18Z,1.5354,0.3,1.9412,30.0,1778.0,NORMAL,0,
4,2026-10-01T11:02:18Z,1.0723,0.2313,1.9278,30.0,1782.2,NORMAL,0,
5,2026-10-01T11:02:18Z,1.3769,0.0653,1.8979,60.0,3556.6,NORMAL,0,
6,2026-10-01T11:02:18Z,1.0787,-0.2616,1.9098,60.0,3569.3,NORMAL,0,
1,2026-10-01T11:03:18Z,1.5974,0.3376,1.931,30.0,1767.2,NORMAL,0,
2,2026-10-01T11:03:18Z,1.645,-0.2299,1.9794,30.0,1774.8,NORMAL,0,
3,2026-10-01T11:03:18Z,1.5673,0.268,1.9128,30.0,1760.5,NORMAL,0,
4,2026-10-01T11:03:18Z,1.0076,0.364,1.8991,30.0,1778.4,NORMAL,0,
5,2026-10-01T11:03:18Z,1.507,0.3385,1.8804,60.0,3590.6,NORMAL,0,
6,2026-10-01T11:03:18Z,1.0812,-0.2768,1.918,60.0,3549.2,NORMAL,0,
1,2026-10-01T11:04:18Z,1.5811,0.2835,1.8976,30.0,1795.2,NORMAL,0,
2,2026-10-01T11:04:18Z,1.655,0.0886,1.9708,30.0,1785.3,NORMAL,0,
3,2026-10-01T11:04:18Z,1.5581,0.2811,1.9768,30.0,1781.8,NORMAL,0,
4,2026-10-01T11:04:18Z,1.0726,0.2932,1.9454,30.0,1778.5,NORMAL,0,
5,2026-10-01T11:04:18Z,1.4617,-0.1183,1.903,60.0,3571.6,NORMAL,0,
6,2026-10-01T11:04:18Z,1.0611,0.2336,1.9372,60.0,3554.8,NORMAL,0,
1,2026-10-01T11:05:18Z,1.508,-0.2379,1.947,30.0,1779.4,NORMAL,0,
2,2026-10-01T11:05:18Z,1.679,0.0767,1.9418,30.0,1781.8,NORMAL,0,
3,2026-10-01T11:05:18Z,1.4764,-0.2195,1.9393,30.0,1779.6,NORMAL,0,
4,2026-10-01T11:05:18Z,1.0038,-0.0625,1.9333,30.0,1785.0,NORMAL,0,
5,2026-10-01T11:05:18Z,1.3546,0.2416,1.9499,60.0,3562.2,NORMAL,0,
6,2026-10-01T11:05:18Z,1.0365,0.0668,1.9734,60.0,3561.2,NORMAL,0,
1,2026-10-01T11:06:18Z,1.5348,0.2579,1.9419,30.0,1779.6,NORMAL,0,
2,2026-10-01T11:06:18Z,1.7052,-0.2756,1.9182,30.0,1783.2,NORMAL,0,
3,2026-10-01T11:06:18Z,1.5956,0.3207,1.9381,30.0,1779.3,NORMAL,0,
4,2026-10-01T11:06:18Z,1.0213,0.2193,1.926,30.0,1769.9,NORMAL,0,
5,2026-10-01T11:06:18Z,1.3915,0.2566,1.9374,60.0,3546.5,NORMAL,0,
6,2026-10-01T11:06:18Z,1.1255,0.0462,1.8682,60.0,3556.5,NORMAL,0,
1,2026-10-01T11:07:18Z,1.4747,0.2851,1.9322,30.0,1778.2,NORMAL,0,
2,2026-10-01T11:07:18Z,1.7357,0.106,1.9312,30.0,1773.0,NORMAL,0,
3,2026-10-01T11:07:18Z,1.5588,-0.0313,1.9295,30.0,1781.5,NORMAL,0,
4,2026-10-01T11:07:18Z,0.9951,0.389,1.9492,30.0,1783.1,NORMAL,0,
5,2026-10-01T11:07:18Z,1.3991,0.2144,1.9293,60.0,3559.7,NORMAL,0,
6,2026-10-01T11:07:18Z,1.1188,-0.2756,1.9591,60.0,3551.1,NORMAL,0,
1,2026-10-01T11:08:18Z,1.5406,-0.2563,1.9403,30.0,1778.9,NORMAL,0,
2,2026-10-01T11:08:18Z,1.6989,0.0594,1.9422,30.0,1784.2,NORMAL,0,
3,2026-10-01T11:08:18Z,1.6338,0.0485,1.9448,30.0,1781.7,NORMAL,0,
4,2026-10-01T11:08:18Z,1.0309,0.2867,1.9751,30.0,1781.2,NORMAL,0,
5,2026-10-01T11:08:18Z,1.3702,-0.1287,1.891,60.0,3545.7,NORMAL,0,
6,2026-10-01T11:08:18Z,1.0306,0.3268,1.9144,60.0,3564.9,NORMAL,0,
1,2026-10-01T11:09:18Z,1.6038,-0.2157,1.9298,30.0,1778.9,NORMAL,0,
2,2026-10-01T11:09:18Z,1.7107,0.167,1.9,30.0,1773.5,NORMAL,0,
3,2026-10-01T11:09:18Z,1.5725,-0.2132,1.9172,30.0,1779.2,NORMAL,0,
4,2026-10-01T11:09:18Z,1.244,5.526,98.4138,30.0,1769.9,CRITICO,1,PICO_ISOLADO
5,2026-10-01T11:09:18Z,1.4307,0.1883,1.9317,60.0,3571.9,NORMAL,0,
6,2026-10-01T11:09:18Z,1.074,0.1551,1.9982,60.0,3597.1,NORMAL,0,
1,2026-10-01T11:10:18Z,1.5554,0.2474,1.9641,30.0,1771.8,NORMAL,0,
2,2026-10-01T11:10:18Z,1.6779,0.2198,1.9729,30.0,1775.3,NORMAL,0,
3,2026-10-01T11:10:18Z,1.6262,0.0564,1.9169,30.0,1786.3,NORMAL,0,
4,2026-10-01T11:10:18Z,1.1949,5.6371,103.7196,30.0,1784.0,CRITICO,1,PICO_ISOLADO
5,2026-10-01T11:10:18Z,1.3624,-0.1367,2.0113,60.0,3540.8,NORMAL,0,
6,2026-10-01T11:10:18Z,1.0968,-0.1367,1.9509,60.0,3571.2,NORMAL,0,
1,2026-10-01T11:11:18Z,1.5817,0.3236,1.962,30.0,1777.0,NORMAL,0,
2,2026-10-01T11:11:18Z,1.7471,-0.02,1.8237,30.0,1783.5,NORMAL,0,
3,2026-10-01T11:11:18Z,1.533,-0.0271,1.9696,30.0,1790.4,NORMAL,0,
4,2026-10-01T11:11:18Z,1.03,0.0941,1.917,30.0,1785.9,NORMAL,0,
5,2026-10-01T11:11:18Z,1.451,-0.0667,1.9541,60.0,3540.0,NORMAL,0,
6,2026-10-01T11:11:18Z,1.0868,-0.0777,2.0214,60.0,3568.0,NORMAL,0,
1,2026-10-01T11:12:18Z,1.5905,0.301,1.8842,30.0,1781.9,NORMAL,0,
2,2026-10-01T11:12:18Z,1.7502,0.285,2.0744,30.0,1787.8,NORMAL,0,
3,2026-10-01T11:12:18Z,1.6487,0.3338,1.9297,30.0,1771.9,NORMAL,0,
4,2026-10-01T11:12:18Z,0.985,-0.1979,2.0085,30.0,1789.4,NORMAL,0,
5,2026-10-01T11:12:18Z,1.4206,0.2401,1.9176,60.0,3553.2,NORMAL,0,
6,2026-10-01T11:12:18Z,1.0711,-0.2948,1.9353,60.0,3549.7,NORMAL,0,
1,2026-10-01T11:13:18Z,1.579,0.3001,1.9241,30.0,1782.0,NORMAL,0,
2,2026-10-01T11:13:18Z,1.7049,-0.3442,1.9216,30.0,1775.4,NORMAL,0,
3,2026-10-01T11:13:18Z,1.6246,-0.1567,1.9913,30.0,1780.4,NORMAL,0,
4,2026-10-01T11:13:18Z,1.0285,0.1847,1.9636,30.0,1780.3,NORMAL,0,
5,2026-10-01T11:13:18Z,1.3816,-0.1091,1.9252,60.0,3568.3,NORMAL,0,
6,2026-10-01T11:13:18Z,1.135,0.3429,1.9849,60.0,3543.2,NORMAL,0,
1,2026-10-01T11:14:18Z,1.6258,0.1073,1.9149,30.0,1778.0,NORMAL,0,
2,2026-10-01T11:14:18Z,1.7392,0.0795,1.9304,30.0,1779.6,NORMAL,0,
3,2026-10-01T11:14:18Z,1.5948,0.331,1.9274,30.0,1777.9,NORMAL,0,
4,2026-10-01T11:14:18Z,0.9965,0.0161,1.9638,30.0,1783.7,NORMAL,0,
5,2026-10-01T11:14:18Z,1.3431,-0.2492,1.9273,60.0,3549.5,NORMAL,0,
6,2026-10-01T11:14:18Z,1.1422,0.0878,1.9107,60.0,3570.2,NORMAL,0,
1,2026-10-01T11:15:18Z,1.6084,-0.313,1.8845,30.0,1781.1,NORMAL,0,
2,2026-10-01T11:15:18Z,1.7451,0.3641,1.9521,30.0,1780.0,NORMAL,0,
3,2026-10-01T11:15:18Z,1.5719,0.3475,1.9489,30.0,1788.1,NORMAL,0,
4,2026-10-01T11:15:18Z,1.0447,0.2379,1.8553,30.0,1776.3,NORMAL,0,
5,2026-10-01T11:15:18Z,1.389,0.1607,1.9573,60.0,3571.1,NORMAL,0,
6,2026-10-01T11:15:18Z,1.0789,-0.1055,1.9461,60.0,3564.4,NORMAL,0,
1,2026-10-01T11:16:18Z,1.5833,0.3601,1.9641,30.0,1779.0,NORMAL,0,
2,2026-10-01T11:16:18Z,1.6403,0.2515,1.8934,30.0,1767.6,NORMAL,0,
3,2026-10-01T11:16:18Z,1.6056,0.2777,1.9129,30.0,1781.3,NORMAL,0,
4,2026-10-01T11:16:18Z,1.0023,0.2018,1.9537,30.0,1781.0,NORMAL,0,
5,2026-10-01T11:16:18Z,1.3462,0.3067,1.9251,60.0,3583.6,NORMAL,0,
6,2026-10-01T11:16:18Z,1.0545,0.1959,1.9418,60.0,3575.7,NORMAL,0,
1,2026-10-01T11:17:18Z,1.5923,0.1545,1.8847,30.0,1785.2,NORMAL,0,
2,2026-10-01T11:17:18Z,1.66,0.0985,1.908,30.0,1781.3,NORMAL,0,
3,2026-10-01T11:17:18Z,1.6588,0.3612,1.9335,30.0,1785.1,NORMAL,0,
4,2026-10-01T11:17:18Z,0.968,-0.0357,2.009,30.0,1789.5,NORMAL,0,
5,2026-10-01T11:17:18Z,1.4181,0.3206,1.9451,60.0,3563.8,NORMAL,0,
6,2026-10-01T11:17:18Z,1.1173,0.317,1.89,60.0,3560.0,NORMAL,0,
1,2026-10-01T11:18:18Z,1.564,-0.3218,1.8762,30.0,1780.0,NORMAL,0,
2,2026-10-01T11:18:18Z,1.6603,0.391,2.0703,30.0,1776.9,NORMAL,0,
3,2026-10-01T11:18:18Z,1.6234,0.2838,1.913,30.0,1783.6,NORMAL,0,
4,2026-10-01T11:18:18Z,1.034,0.2409,1.9217,30.0,1772.4,NORMAL,0,
5,2026-10-01T11:18:18Z,1.3476,0.2996,1.9719,60.0,3561.3,NORMAL,0,
6,2026-10-01T11:18:18Z,1.0924,-0.239,1.9019,60.0,3564.7,NORMAL,0,
1,2026-10-01T11:19:18Z,1.5593,0.1336,1.9411,30.0,1784.0,NORMAL,0,
2,2026-10-01T11:19:18Z,1.7466,0.3424,1.926,30.0,1773.9,NORMAL,0,
3,2026-10-01T11:19:18Z,1.5339,0.1991,2.0203,30.0,1776.8,NORMAL,0,
4,2026-10-01T11:19:18Z,1.0123,0.1647,1.9327,30.0,1774.6,NORMAL,0,
5,2026-10-01T11:19:18Z,1.329,0.0808,1.9534,58.0,3536.4,NORMAL,0,
6,2026-10-01T11:19:18Z,1.0863,0.0166,1.9247,60.0,3551.6,NORMAL,0,
1,2026-10-01T11:20:18Z,1.5403,0.1584,1.9468,30.0,1778.0,NORMAL,0,
2,2026-10-01T11:20:18Z,1.6731,-0.063,1.9004,30.0,1782.6,NORMAL,0,
3,2026-10-01T11:20:18Z,1.6125,-0.0714,1.9753,30.0,1782.7,NORMAL,0,
4,2026-10-01T11:20:18Z,1.0081,0.3042,1.937,30.0,1776.3,NORMAL,0,
5,2026-10-01T11:20:18Z,1.4046,-0.2817,1.9139,60.0,3552.5,NORMAL,0,
6,2026-10-01T11:20:18Z,1.0774,0.3147,1.978,58.0,3538.3,NORMAL,0,
1,2026-10-01T11:21:18Z,1.5929,0.2864,1.8875,30.0,1789.4,NORMAL,0,
2,2026-10-01T11:21:18Z,1.6917,0.3168,1.9604,30.0,1783.5,NORMAL,0,
3,2026-10-01T11:21:18Z,1.5623,0.2493,1.9152,30.0,1786.0,NORMAL,0,
4,2026-10-01T11:21:18Z,1.0444,0.1741,1.9696,30.0,1789.9,NORMAL,0,
5,2026-10-01T11:21:18Z,1.4578,-0.36,1.9468,60.0,3576.5,NORMAL,0,
6,2026-10-01T11:21:18Z,1.0987,-0.252,1.8455,60.0,3575.2,NORMAL,0,
1,2026-10-01T11:22:18Z,1.565,0.2787,1.9605,30.0,1788.4,NORMAL,0,
2,2026-10-01T11:22:18Z,1.6589,0.2089,1.8849,30.0,1790.8,NORMAL,0,
3,2026-10-01T11:22:18Z,1.6548,0.0032,1.8836,30.0,1778.2,NORMAL,0,
4,2026-10-01T11:22:18Z,1.0465,-0.219,1.9085,30.0,1779.5,NORMAL,0,
5,2026-10-01T11:22:18Z,1.4087,0.0433,1.9007,60.0,3545.9,NORMAL,0,
6,2026-10-01T11:22:18Z,1.1248,0.2674,1.9062,60.0,3545.3,NORMAL,0,
1,2026-10-01T11:23:18Z,1.5777,-0.1074,1.8644,30.0,1781.2,NORMAL,0,
2,2026-10-01T11:23:18Z,1.7295,0.3076,1.8759,30.0,1785.3,NORMAL,0,
3,2026-10-01T11:23:18Z,1.6161,-0.2028,1.8406,30.0,1766.1,NORMAL,0,
4,2026-10-01T11:23:18Z,1.0154,0.3795,1.9365,30.0,1780.5,NORMAL,0,
5,2026-10-01T11:23:18Z,1.425,0.2401,1.9328,60.0,3552.5,NORMAL,0,
6,2026-10-01T11:23:18Z,1.1227,0.3529,1.8897,60.0,3576.6,NORMAL,0,
1,2026-10-01T11:24:18Z,2.1307,-0.585,117.5467,30.0,1772.2,CRITICO,1,PICO_ISOLADO
2,2026-10-01T11:24:18Z,1.6007,-0.0856,1.8955,30.0,1769.3,NORMAL,0,
3,2026-10-01T11:24:18Z,1.6249,0.3596,1.9484,30.0,1777.7,NORMAL,0,
4,2026-10-01T11:24:18Z,1.0382,-0.1626,1.9497,30.0,1783.6,NORMAL,0,
5,2026-10-01T11:24:18Z,1.3825,0.3185,1.9479,60.0,3561.9,NORMAL,0,
6,2026-10-01T11:24:18Z,1.0913,0.3153,1.9002,60.0,3583.5,NORMAL,0,
1,2026-10-01T11:25:18Z,1.5408,0.1168,1.9261,30.0,1775.0,NORMAL,0,
2,2026-10-01T11:25:18Z,1.6863,0.1902,1.9506,30.0,1771.6,NORMAL,0,
3,2026-10-01T11:25:18Z,1.6058,0.1151,1.8593,30.0,1791.1,NORMAL,0,
4,2026-10-01T11:25:18Z,0.9968,0.2849,1.9584,30.0,1785.7,NORMAL,0,
5,2026-10-01T11:25:18Z,1.3723,-0.091,1.9377,58.0,3540.5,NORMAL,0,
6,2026-10-01T11:25:18Z,1.1303,0.3173,1.9359,60.0,3550.4,NORMAL,0,
1,2026-10-01T11:26:18Z,1.5025,0.2368,1.9878,30.0,1769.2,NORMAL,0,
2,2026-10-01T11:26:18Z,1.7147,0.3056,1.8417,30.0,1764.4,NORMAL,0,
3,2026-10-01T11:26:18Z,1.6497,-0.2754,1.9634,30.0,1772.6,NORMAL,0,
4,2026-10-01T11:26:18Z,1.0195,-0.2972,1.9488,30.0,1783.1,NORMAL,0,
5,2026-10-01T11:26:18Z,1.4665,0.2835,1.9611,60.0,3549.0,NORMAL,0,
6,2026-10-01T11:26:18Z,1.0396,-0.3195,1.9816,60.0,3561.4,NORMAL,0,
1,2026-10-01T11:27:18Z,1.6044,0.0718,1.948,30.0,1793.1,NORMAL,0,
2,2026-10-01T11:27:18Z,1.7227,-0.3068,1.906,30.0,1786.8,NORMAL,0,
3,2026-10-01T11:27:18Z,1.5284,-0.1224,1.9746,30.0,1789.0,NORMAL,0,
4,2026-10-01T11:27:18Z,1.0222,0.3311,1.9198,30.0,1775.5,NORMAL,0,
5,2026-10-01T11:27:18Z,1.3679,-0.2392,1.9279,60.0,3544.6,NORMAL,0,
6,2026-10-01T11:27:18Z,1.048,0.0305,2.0085,60.0,3587.5,NORMAL,0,
1,2026-10-01T11:28:18Z,1.4645,-0.1512,2.0066,30.0,1777.2,NORMAL,0,
2,2026-10-01T11:28:18Z,1.7434,0.2631,1.8544,30.0,1770.7,NORMAL,0,
3,2026-10-01T11:28:18Z,1.5429,0.1466,2.0301,30.0,1778.2,NORMAL,0,
4,2026-10-01T11:28:18Z,0.9922,0.2631,1.8861,30.0,1788.8,NORMAL,0,
5,2026-10-01T11:28:18Z,1.4411,-0.2419,1.8936,60.0,3544.9,NORMAL,0,
6,2026-10-01T11:28:18Z,1.0913,0.1168,1.9048,60.0,3558.8,NORMAL,0,
1,2026-10-01T11:29:18Z,1.5551,0.3826,1.9912,30.0,1781.5,NORMAL,0,
2,2026-10-01T11:29:18Z,1.7552,0.0434,1.9453,30.0,1775.5,NORMAL,0,
3,2026-10-01T11:29:18Z,1.7029,0.0871,1.8882,30.0,1793.6,NORMAL,0,
4,2026-10-01T11:29:18Z,1.0809,0.2551,1.9185,30.0,1772.5,NORMAL,0,
5,2026-10-01T11:29:18Z,1.4477,-0.2964,1.8998,58.0,3539.5,NORMAL,0,
6,2026-10-01T11:29:18Z,1.1055,0.0208,1.963,60.0,3582.8,NORMAL,0,
1,2026-10-01T11:30:18Z,1.5568,0.3055,1.9879,30.0,1778.6,NORMAL,0,
2,2026-10-01T11:30:18Z,1.7292,-0.3166,1.9467,30.0,1776.6,NORMAL,0,
3,2026-10-01T11:30:18Z,1.5686,0.2726,1.9345,30.0,1795.7,NORMAL,0,
4,2026-10-01T11:30:18Z,1.0628,0.3187,1.9059,30.0,1778.5,NORMAL,0,
5,2026-10-01T11:30:18Z,1.438,0.2535,1.9722,60.0,3560.3,NORMAL,0,
6,2026-10-01T11:30:18Z,1.1431,0.1624,1.9259,60.0,3572.6,NORMAL,0,
1,2026-10-01T11:31:18Z,1.574,0.1461,1.9294,30.0,1773.9,NORMAL,0,
2,2026-10-01T11:31:18Z,1.6388,0.1779,1.8842,30.0,1784.1,NORMAL,0,
3,2026-10-01T11:31:18Z,1.533,0.2943,2.0248,30.0,1780.9,NORMAL,0,
4,2026-10-01T11:31:18Z,1.0021,0.1659,1.9548,30.0,1780.0,NORMAL,0,
5,2026-10-01T11:31:18Z,1.4804,-0.0201,1.9753,60.0,3545.7,NORMAL,0,
6,2026-10-01T11:31:18Z,1.0783,0.2781,1.9144,60.0,3573.7,NORMAL,0,
1,2026-10-01T11:32:18Z,1.653,-0.2677,1.9069,30.0,1785.0,NORMAL,0,
2,2026-10-01T11:32:18Z,1.7141,-0.284,1.9442,30.0,1775.8,NORMAL,0,
3,2026-10-01T11:32:18Z,1.687,0.232,1.8838,30.0,1772.8,NORMAL,0,
4,2026-10-01T11:32:18Z,0.9898,0.2965,1.9169,30.0,1788.7,NORMAL,0,
5,2026-10-01T11:32:18Z,1.3924,0.2697,1.9402,60.0,3568.0,NORMAL,0,
6,2026-10-01T11:32:18Z,1.0469,0.1833,1.9254,60.0,3558.4,NORMAL,0,
1,2026-10-01T11:33:18Z,1.5981,0.2113,1.9067,30.0,1782.7,NORMAL,0,
2,2026-10-01T11:33:18Z,1.7619,0.3547,1.9495,30.0,1777.9,NORMAL,0,
3,2026-10-01T11:33:18Z,1.5536,0.1104,1.946,30.0,1785.8,NORMAL,0,
4,2026-10-01T11:33:18Z,1.3468,0.6774,106.1923,30.0,1781.4,CRITICO,1,PICO_ISOLADO
5,2026-10-01T11:33:18Z,1.3955,-0.085,1.974,60.0,3572.8,NORMAL,0,
6,2026-10-01T11:33:18Z,1.098,-0.2835,1.9408,60.0,3565.1,NORMAL,0,
1,2026-10-01T11:34:18Z,1.6356,0.1756,1.8936,30.0,1770.9,NORMAL,0,
2,2026-10-01T11:34:18Z,1.7165,-0.1756,1.9244,30.0,1779.3,NORMAL,0,
3,2026-10-01T11:34:18Z,1.561,0.2784,1.9407,30.0,1776.7,NORMAL,0,
4,2026-10-01T11:34:18Z,1.0149,0.2753,1.9431,30.0,1784.0,NORMAL,0,
5,2026-10-01T11:34:18Z,1.4981,0.1202,1.8837,60.0,3562.0,NORMAL,0,
6,2026-10-01T11:34:18Z,1.0969,0.3494,1.9606,60.0,3548.0,NORMAL,0,
1,2026-10-01T11:35:18Z,1.5468,-0.1282,1.9742,30.0,1784.1,NORMAL,0,
2,2026-10-01T11:35:18Z,1.7332,-0.2402,1.9004,30.0,1791.8,NORMAL,0,
3,2026-10-01T11:35:18Z,1.4914,0.3408,1.9521,30.0,1786.6,NORMAL,0,
4,2026-10-01T11:35:18Z,0.9854,0.2408,1.8704,30.0,1784.6,NORMAL,0,
5,2026-10-01T11:35:18Z,1.4706,-0.3098,1.8828,60.0,3572.7,NORMAL,0,
6,2026-10-01T11:35:18Z,1.0796,0.0595,1.9766,60.0,3545.6,NORMAL,0,
1,2026-10-01T11:36:18Z,1.5565,-0.0416,1.9085,30.0,1783.4,NORMAL,0,
2,2026-10-01T11:36:18Z,1.7349,-0.0687,1.8497,30.0,1770.4,NORMAL,0,
3,2026-10-01T11:36:18Z,1.6368,0.2887,1.9621,30.0,1770.6,NORMAL,0,
4,2026-10-01T11:36:18Z,1.037,0.2803,1.8869,30.0,1769.9,NORMAL,0,
5,2026-10-01T11:36:18Z,1.4526,0.1273,1.8929,60.0,3550.7,NORMAL,0,
6,2026-10-01T11:36:18Z,1.1089,0.0371,1.8628,60.0,3547.7,NORMAL,0,
1,2026-10-01T11:37:18Z,1.5212,-0.0412,1.9149,30.0,1788.9,NORMAL,0,
2,2026-10-01T11:37:18Z,1.6984,0.0818,1.9645,30.0,1784.6,NORMAL,0,
3,2026-10-01T11:37:18Z,1.6969,0.0913,1.9114,30.0,1775.1,NORMAL,0,
4,2026-10-01T11:37:18Z,1.0101,-0.0317,1.9381,30.0,1780.5,NORMAL,0,
5,2026-10-01T11:37:18Z,1.4398,0.2276,1.8815,60.0,3573.1,NORMAL,0,
6,2026-10-01T11:37:18Z,1.0735,-0.2699,1.965,60.0,3582.6,NORMAL,0,
1,2026-10-01T11:38:18Z,1.4958,-0.0106,1.9386,30.0,1780.5,NORMAL,0,
2,2026-10-01T11:38:18Z,1.7029,-0.202,1.9622,30.0,1776.1,NORMAL,0,
3,2026-10-01T11:38:18Z,1.5918,0.0769,1.9356,30.0,1779.7,NORMAL,0,
4,2026-10-01T11:38:18Z,1.0971,-0.0499,1.8657,30.0,1781.5,NORMAL,0,
5,2026-10-01T11:38:18Z,1.4143,0.0201,1.9141,60.0,3548.9,NORMAL,0,
6,2026-10-01T11:38:18Z,1.0667,0.0567,1.9167,60.0,3543.2,NORMAL,0,
1,2026-10-01T11:39:18Z,1.6308,-0.226,1.9229,30.0,1780.8,NORMAL,0,
2,2026-10-01T11:39:18Z,1.7152,0.1812,1.9731,30.0,1771.2,NORMAL,0,
3,2026-10-01T11:39:18Z,1.5743,0.1717,1.8927,30.0,1777.1,NORMAL,0,
4,2026-10-01T11:39:18Z,1.0153,0.3525,1.9794,30.0,1784.6,NORMAL,0,
5,2026-10-01T11:39:18Z,1.4229,0.2031,1.9478,60.0,3557.6,NORMAL,0,
6,2026-10-01T11:39:18Z,1.0849,0.0207,1.8981,60.0,3557.4,NORMAL,0,
1,2026-10-01T11:40:18Z,1.5697,-0.1215,1.9226,30.0,1772.3,NORMAL,0,
2,2026-10-01T11:40:18Z,1.7521,0.207,1.9211,30.0,1783.3,NORMAL,0,
3,2026-10-01T11:40:18Z,1.5918,0.2687,1.9898,30.0,1780.2,NORMAL,0,
4,2026-10-01T11:40:18Z,1.0158,0.1795,1.8578,30.0,1776.1,NORMAL,0,
5,2026-10-01T11:40:18Z,1.4295,-0.0755,1.9013,60.0,3569.3,NORMAL,0,
6,2026-10-01T11:40:18Z,1.0627,0.3488,1.9444,60.0,3552.1,NORMAL,0,
1,2026-10-01T11:41:18Z,1.578,0.3687,1.964,30.0,1794.0,NORMAL,0,
2,2026-10-01T11:41:18Z,1.6964,-0.2621,1.9618,30.0,1778.6,NORMAL,0,
3,2026-10-01T11:41:18Z,1.5524,-0.0058,1.9288,30.0,1779.7,NORMAL,0,
4,2026-10-01T11:41:18Z,0.9739,-0.2489,1.9453,30.0,1786.1,NORMAL,0,
5,2026-10-01T11:41:18Z,1.4626,0.2578,1.8663,60.0,3556.3,NORMAL,0,
6,2026-10-01T11:41:18Z,1.0896,0.3338,1.9717,58.0,3520.0,NORMAL,0,
1,2026-10-01T11:42:18Z,1.4974,-0.2432,2.0051,30.0,1784.1,NORMAL,0,
2,2026-10-01T11:42:18Z,1.743,0.3501,1.9556,30.0,1774.0,NORMAL,0,
3,2026-10-01T11:42:18Z,1.6171,-0.3074,1.9267,30.0,1769.6,NORMAL,0,
4,2026-10-01T11:42:18Z,1.0764,0.0563,1.8915,30.0,1776.6,NORMAL,0,
5,2026-10-01T11:42:18Z,1.4544,-0.1549,1.9172,60.0,3544.5,NORMAL,0,
6,2026-10-01T11:42:18Z,1.069,-0.1896,1.9962,60.0,3557.5,NORMAL,0,
1,2026-10-01T11:43:18Z,1.622,-0.2957,1.899,30.0,1785.1,NORMAL,0,
2,2026-10-01T11:43:18Z,1.7519,0.0932,1.915,30.0,1775.9,NORMAL,0,
3,2026-10-01T11:43:18Z,1.5882,0.2081,1.9544,30.0,1782.2,NORMAL,0,
4,2026-10-01T11:43:18Z,1.0929,0.1905,1.8629,30.0,1783.5,NORMAL,0,
5,2026-10-01T11:43:18Z,1.4523,0.2505,1.8848,60.0,3562.7,NORMAL,0,
6,2026-10-01T11:43:18Z,1.0318,-0.2297,1.9555,60.0,3554.7,NORMAL,0,
1,2026-10-01T11:44:18Z,1.5982,-0.2741,1.8629,30.0,1767.7,NORMAL,0,
2,2026-10-01T11:44:18Z,1.742,0.0461,1.9028,30.0,1768.8,NORMAL,0,
3,2026-10-01T11:44:18Z,1.581,0.0171,1.9485,30.0,1775.9,NORMAL,0,
4,2026-10-01T11:44:18Z,0.9991,-0.055,1.9617,30.0,1792.6,NORMAL,0,
5,2026-10-01T11:44:18Z,1.3861,0.3179,1.9904,60.0,3563.4,NORMAL,0,
6,2026-10-01T11:44:18Z,1.1074,0.0546,1.8963,60.0,3557.3,NORMAL,0,
1,2026-10-01T11:45:18Z,1.5685,-0.3095,1.9606,30.0,1792.9,NORMAL,0,
2,2026-10-01T11:45:18Z,1.7611,0.0277,1.9483,30.0,1783.3,NORMAL,0,
3,2026-10-01T11:45:18Z,1.704,-0.2908,1.9087,30.0,1782.6,NORMAL,0,
4,2026-10-01T11:45:18Z,0.9837,0.1476,1.9665,30.0,1780.3,NORMAL,0,
5,2026-10-01T11:45:18Z,1.3632,0.2324,1.9358,60.0,3564.1,NORMAL,0,
6,2026-10-01T11:45:18Z,1.1128,0.2665,1.8907,60.0,3544.8,NORMAL,0,
1,2026-10-01T11:46:18Z,1.5623,-0.0328,1.9572,30.0,1774.9,NORMAL,0,
2,2026-10-01T11:46:18Z,1.7912,0.3013,1.8746,30.0,1771.2,NORMAL,0,
3,2026-10-01T11:46:18Z,1.5862,-0.0408,1.9316,30.0,1763.4,NORMAL,0,
4,2026-10-01T11:46:18Z,1.0177,0.3141,1.9156,30.0,1788.1,NORMAL,0,
5,2026-10-01T11:46:18Z,1.3865,0.3392,1.9699,60.0,3554.9,NORMAL,0,
6,2026-10-01T11:46:18Z,1.0637,-0.1353,1.944,60.0,3549.1,NORMAL,0,
1,2026-10-01T11:47:18Z,1.6596,-0.1508,1.9104,30.0,1790.4,NORMAL,0,
2,2026-10-01T11:47:18Z,1.5788,0.2469,1.9387,30.0,1775.4,NORMAL,0,
3,2026-10-01T11:47:18Z,1.533,0.3099,1.9395,30.0,1793.4,NORMAL,0,
4,2026-10-01T11:47:18Z,1.043,0.0832,1.9177,30.0,1788.3,NORMAL,0,
5,2026-10-01T11:47:18Z,1.4399,0.054,1.8895,60.0,3545.9,NORMAL,0,
6,2026-10-01T11:47:18Z,1.1406,0.185,1.9341,60.0,3570.5,NORMAL,0,
1,2026-10-01T11:48:18Z,1.5626,-0.1133,1.9715,30.0,1780.8,NORMAL,0,
2,2026-10-01T11:48:18Z,1.6606,-0.2429,1.9054,30.0,1772.6,NORMAL,0,
3,2026-10-01T11:48:18Z,1.5347,-0.151,1.9404,30.0,1776.7,NORMAL,0,
4,2026-10-01T11:48:18Z,1.0843,0.3181,1.9083,30.0,1780.0,NORMAL,0,
5,2026-10-01T11:48:18Z,1.4387,0.3245,1.9079,60.0,3545.0,NORMAL,0,
6,2026-10-01T11:48:18Z,1.137,0.3082,1.9064,60.0,3555.1,NORMAL,0,
1,2026-10-01T11:49:18Z,1.579,-0.2996,1.9257,30.0,1781.3,NORMAL,0,
2,2026-10-01T11:49:18Z,1.7799,0.2022,1.9428,30.0,1761.7,NORMAL,0,
3,2026-10-01T11:49:18Z,1.6334,0.3273,1.9198,30.0,1771.3,NORMAL,0,
4,2026-10-01T11:49:18Z,1.036,-0.34,1.9863,30.0,1780.4,NORMAL,0,
5,2026-10-01T11:49:18Z,1.406,-0.3047,1.898,58.0,3538.5,NORMAL,0,
6,2026-10-01T11:49:18Z,1.1432,0.3431,1.938,60.0,3553.0,NORMAL,0,
1,2026-10-01T11:50:18Z,1.5469,0.3008,1.9778,30.0,1778.6,NORMAL,0,
2,2026-10-01T11:50:18Z,1.6891,0.0414,1.9253,30.0,1779.1,NORMAL,0,
3,2026-10-01T11:50:18Z,1.571,0.1299,1.9131,30.0,1776.0,NORMAL,0,
4,2026-10-01T11:50:18Z,1.0201,0.1919,1.9339,30.0,1778.9,NORMAL,0,
5,2026-10-01T11:50:18Z,1.2852,-0.2253,1.9569,60.0,3548.9,NORMAL,0,
6,2026-10-01T11:50:18Z,1.0472,0.3059,1.987,60.0,3569.6,NORMAL,0,
1,2026-10-01T11:51:18Z,1.5189,0.2415,1.9643,30.0,1775.0,NORMAL,0,
2,2026-10-01T11:51:18Z,1.7168,-0.2796,1.9241,30.0,1774.1,NORMAL,0,
3,2026-10-01T11:51:18Z,1.5385,0.0985,1.9139,30.0,1783.7,NORMAL,0,
4,2026-10-01T11:51:18Z,1.0228,-0.0425,1.9205,30.0,1771.9,NORMAL,0,
5,2026-10-01T11:51:18Z,1.4537,-0.3097,1.9433,60.0,3576.3,NORMAL,0,
6,2026-10-01T11:51:18Z,1.0595,0.1187,1.9419,60.0,3562.2,NORMAL,0,
1,2026-10-01T11:52:18Z,1.5123,0.226,1.9733,30.0,1791.0,NORMAL,0,
2,2026-10-01T11:52:18Z,1.7161,0.0225,1.8962,30.0,1775.0,NORMAL,0,
3,2026-10-01T11:52:18Z,1.5439,0.1383,2.0021,30.0,1781.8,NORMAL,0,
4,2026-10-01T11:52:18Z,1.0242,0.1909,2.0197,30.0,1760.9,NORMAL,0,
5,2026-10-01T11:52:18Z,1.4154,0.3225,1.8911,60.0,3566.4,NORMAL,0,
6,2026-10-01T11:52:18Z,1.0989,-0.1351,1.9688,60.0,3561.5,NORMAL,0,
1,2026-10-01T11:53:18Z,1.6191,-0.3128,2.0092,30.0,1783.5,NORMAL,0,
2,2026-10-01T11:53:18Z,1.7471,0.1014,1.8967,30.0,1781.6,NORMAL,0,
3,2026-10-01T11:53:18Z,1.5457,0.3217,1.974,30.0,1787.0,NORMAL,0,
4,2026-10-01T11:53:18Z,1.0413,0.3291,1.9027,30.0,1785.7,NORMAL,0,
5,2026-10-01T11:53:18Z,1.3976,0.2571,1.9675,60.0,3570.3,NORMAL,0,
6,2026-10-01T11:53:18Z,1.1212,0.1801,1.8965,60.0,3569.1,NORMAL,0,
1,2026-10-01T11:54:18Z,1.6004,-0.1792,1.9169,30.0,1773.8,NORMAL,0,
2,2026-10-01T11:54:18Z,1.6849,0.2938,1.9052,30.0,1789.3,NORMAL,0,
3,2026-10-01T11:54:18Z,1.5802,0.2529,1.9412,30.0,1787.4,NORMAL,0,
4,2026-10-01T11:54:18Z,1.0072,-0.0852,1.9083,30.0,1783.4,NORMAL,0,
5,2026-10-01T11:54:18Z,1.3793,-0.1166,1.9429,60.0,3552.2,NORMAL,0,
6,2026-10-01T11:54:18Z,1.0689,0.0002,2.0034,60.0,3550.9,NORMAL,0,
1,2026-10-01T11:55:18Z,1.5256,0.241,1.9289,30.0,1794.3,NORMAL,0,
2,2026-10-01T11:55:18Z,1.6721,-0.0836,1.882,30.0,1767.6,NORMAL,0,
3,2026-10-01T11:55:18Z,1.6522,0.206,1.8877,30.0,1790.7,NORMAL,0,
4,2026-10-01T11:55:18Z,0.9436,-0.2362,1.9941,30.0,1768.7,NORMAL,0,
5,2026-10-01T11:55:18Z,1.4335,0.282,1.9036,60.0,3558.0,NORMAL,0,
6,2026-10-01T11:55:18Z,1.0107,-0.1084,1.9831,60.0,3565.0,NORMAL,0,
1,2026-10-01T11:56:18Z,1.602,0.2496,1.8637,30.0,1786.9,NORMAL,0,
2,2026-10-01T11:56:18Z,1.679,-0.1783,1.9426,30.0,1791.9,NORMAL,0,
3,2026-10-01T11:56:18Z,1.6176,0.3151,1.9236,30.0,1763.9,NORMAL,0,
4,2026-10-01T11:56:18Z,1.019,-0.2651,1.9253,30.0,1790.4,NORMAL,0,
5,2026-10-01T11:56:18Z,1.3684,0.2645,1.9916,60.0,3559.4,NORMAL,0,
6,2026-10-01T11:56:18Z,1.1419,-0.3094,1.866,60.0,3560.0,NORMAL,0,
1,2026-10-01T11:57:18Z,1.5683,-0.179,1.9202,30.0,1775.6,NORMAL,0,
2,2026-10-01T11:57:18Z,1.7227,0.0654,1.8886,30.0,1779.8,NORMAL,0,
3,2026-10-01T11:57:18Z,1.5843,-0.0002,1.9431,30.0,1776.9,NORMAL,0,
4,2026-10-01T11:57:18Z,1.0186,-0.2731,1.9666,30.0,1785.3,NORMAL,0,
5,2026-10-01T11:57:18Z,1.4277,-0.3162,1.9033,60.0,3584.7,NORMAL,0,
6,2026-10-01T11:57:18Z,1.0028,0.3118,1.9789,60.0,3571.3,NORMAL,0,
1,2026-10-01T11:58:18Z,1.5512,0.2628,1.893,30.0,1774.0,NORMAL,0,
2,2026-10-01T11:58:18Z,1.708,0.2101,1.9673,30.0,1776.0,NORMAL,0,
3,2026-10-01T11:58:18Z,1.5407,0.0103,1.8969,30.0,1777.9,NORMAL,0,
4,2026-10-01T11:58:18Z,1.0388,0.3091,1.9362,30.0,1778.2,NORMAL,0,
5,2026-10-01T11:58:18Z,1.2987,0.0122,2.0806,60.0,3564.2,NORMAL,0,
6,2026-10-01T11:58:18Z,1.1312,0.2044,1.8604,60.0,3547.3,NORMAL,0,
1,2026-10-01T11:59:18Z,1.4903,-0.0697,1.9564,30.0,1786.6,NORMAL,0,
2,2026-10-01T11:59:18Z,1.6481,0.1871,1.9275,30.0,1777.1,NORMAL,0,
3,2026-10-01T11:59:18Z,1.6438,0.2779,1.9271,30.0,1792.9,NORMAL,0,
4,2026-10-01T11:59:18Z,1.0237,0.0611,1.9443,30.0,1775.7,NORMAL,0,
5,2026-10-01T11:59:18Z,1.3909,-0.0368,1.9342,58.0,3537.1,NORMAL,0,
6,2026-10-01T11:59:18Z,1.111,0.2076,1.9186,60.0,3552.2,NORMAL,0,
1,2026-10-01T12:00:18Z,1.539,0.3151,1.9055,30.0,1788.7,NORMAL,0,
2,2026-10-01T12:00:18Z,1.7032,-0.1328,1.9878,30.0,1783.3,NORMAL,0,
3,2026-10-01T12:00:18Z,1.9604,6.0498,110.9513,30.0,1787.8,CRITICO,1,PICO_ISOLADO
4,2026-10-01T12:00:18Z,1.0172,-0.2184,1.9534,30.0,1786.5,NORMAL,0,
5,2026-10-01T12:00:18Z,1.4247,0.0973,2.0173,60.0,3550.4,NORMAL,0,
6,2026-10-01T12:00:18Z,1.0301,0.3016,1.9278,60.0,3566.0,NORMAL,0,
1,2026-10-01T12:01:18Z,1.4368,-0.2992,2.0834,30.0,1774.7,NORMAL,0,
2,2026-10-01T12:01:18Z,1.7152,-0.0103,1.917,30.0,1786.9,NORMAL,0,
3,2026-10-01T12:01:18Z,1.6923,0.2931,1.8761,30.0,1768.6,NORMAL,0,
4,2026-10-01T12:01:18Z,0.974,-0.2631,1.9701,30.0,1787.8,NORMAL,0,
5,2026-10-01T12:01:18Z,1.3945,-0.2207,1.8831,58.0,3527.4,NORMAL,0,
6,2026-10-01T12:01:18Z,1.1182,0.3101,1.9214,60.0,3563.2,NORMAL,0,
1,2026-10-01T12:02:18Z,1.682,0.358,1.9375,30.0,1781.7,NORMAL,0,
2,2026-10-01T12:02:18Z,1.675,0.2988,1.9647,30.0,1774.2,NORMAL,0,
3,2026-10-01T12:02:18Z,1.5082,0.2687,2.0167,30.0,1779.0,NORMAL,0,
4,2026-10-01T12:02:18Z,0.993,0.128,1.9651,30.0,1797.4,NORMAL,0,
5,2026-10-01T12:02:18Z,1.3693,0.3193,2.0269,60.0,3577.9,NORMAL,0,
6,2026-10-01T12:02:18Z,1.084,-0.1745,1.9441,60.0,3547.6,NORMAL,0,
1,2026-10-01T12:03:18Z,1.575,0.3036,1.9514,30.0,1782.4,NORMAL,0,
2,2026-10-01T12:03:18Z,1.7119,0.1282,1.8981,30.0,1784.8,NORMAL,0,
3,2026-10-01T12:03:18Z,1.5167,0.2271,1.9418,30.0,1774.6,NORMAL,0,
4,2026-10-01T12:03:18Z,1.0334,0.3229,1.8898,30.0,1766.9,NORMAL,0,
5,2026-10-01T12:03:18Z,1.4194,0.3689,1.9493,60.0,3553.1,NORMAL,0,
6,2026-10-01T12:03:18Z,1.1305,0.3248,1.8438,60.0,3541.4,NORMAL,0,
1,2026-10-01T12:04:18Z,1.5434,0.2794,1.9563,30.0,1786.3,NORMAL,0,
2,2026-10-01T12:04:18Z,1.6467,-0.2015,1.9624,30.0,1783.5,NORMAL,0,
3,2026-10-01T12:04:18Z,1.5947,-0.3316,1.8833,30.0,1783.2,NORMAL,0,
4,2026-10-01T12:04:18Z,0.9975,0.1639,1.8846,30.0,1784.9,NORMAL,0,
5,2026-10-01T12:04:18Z,1.3531,0.0362,2.0035,60.0,3562.0,NORMAL,0,
6,2026-10-01T12:04:18Z,1.1349,-0.2352,1.927,60.0,3573.2,NORMAL,0,
1,2026-10-01T12:05:18Z,1.5471,0.1647,1.9228,30.0,1784.0,NORMAL,0,
2,2026-10-01T12:05:18Z,1.7622,0.0873,1.9146,30.0,1784.2,NORMAL,0,
3,2026-10-01T12:05:18Z,1.5872,-0.22,1.852,30.0,1779.2,NORMAL,0,
4,2026-10-01T12:05:18Z,1.0219,0.3045,1.9719,30.0,1778.6,NORMAL,0,
5,2026-10-01T12:05:18Z,1.3894,-0.0586,2.0103,60.0,3562.0,NORMAL,0,
6,2026-10-01T12:05:18Z,1.0791,-0.2785,1.8536,60.0,3547.6,NORMAL,0,
1,2026-10-01T12:06:18Z,1.5371,0.1976,1.9347,30.0,1792.6,NORMAL,0,
2,2026-10-01T12:06:18Z,1.714,0.0884,1.9537,30.0,1783.1,NORMAL,0,
3,2026-10-01T12:06:18Z,1.5933,-0.2376,1.889,30.0,1783.2,NORMAL,0,
4,2026-10-01T12:06:18Z,1.0273,0.3182,1.9777,30.0,1783.1,NORMAL,0,
5,2026-10-01T12:06:18Z,1.3417,0.1613,1.9478,60.0,3566.2,NORMAL,0,
6,2026-10-01T12:06:18Z,1.0948,0.2257,1.9412,60.0,3566.9,NORMAL,0,
1,2026-10-01T12:07:18Z,1.5943,-0.1442,1.9554,30.0,1787.4,NORMAL,0,
2,2026-10-01T12:07:18Z,1.6995,0.1519,1.9252,30.0,1786.1,NORMAL,0,
3,2026-10-01T12:07:18Z,1.6013,-0.2846,1.9068,30.0,1783.8,NORMAL,0,
4,2026-10-01T12:07:18Z,1.0335,0.229,1.8948,30.0,1777.6,NORMAL,0,
5,2026-10-01T12:07:18Z,1.4215,-0.3066,1.9079,60.0,3579.1,NORMAL,0,
6,2026-10-01T12:07:18Z,1.0731,0.2862,1.9356,60.0,3578.8,NORMAL,0,
1,2026-10-01T12:08:18Z,1.581,0.0092,1.8996,30.0,1775.4,NORMAL,0,
2,2026-10-01T12:08:18Z,1.668,0.0038,1.9258,30.0,1787.0,NORMAL,0,
3,2026-10-01T12:08:18Z,1.5224,0.1561,1.9302,30.0,1792.2,NORMAL,0,
4,2026-10-01T12:08:18Z,1.072,-0.1345,1.8983,30.0,1780.7,NORMAL,0,
5,2026-10-01T12:08:18Z,1.4833,0.0851,1.9051,60.0,3594.2,NORMAL,0,
6,2026-10-01T12:08:18Z,1.0425,-0.2142,1.9363,60.0,3540.0,NORMAL,0,
1,2026-10-01T12:09:18Z,1.5582,-0.1168,1.9164,30.0,1778.2,NORMAL,0,
2,2026-10-01T12:09:18Z,1.707,0.2228,1.9308,30.0,1783.2,NORMAL,0,
3,2026-10-01T12:09:18Z,1.5227,0.1189,1.9736,30.0,1787.4,NORMAL,0,
4,2026-10-01T12:09:18Z,1.0143,0.026,1.9295,30.0,1778.3,NORMAL,0,
5,2026-10-01T12:09:18Z,1.4016,0.1338,1.9053,60.0,3577.9,NORMAL,0,
6,2026-10-01T12:09:18Z,1.1112,0.1704,1.9504,60.0,3570.2,NORMAL,0,
1,2026-10-01T12:10:18Z,1.5305,0.259,1.9472,30.0,1788.2,NORMAL,0,
2,2026-10-01T12:10:18Z,1.7041,-0.206,1.9361,30.0,1790.0,NORMAL,0,
3,2026-10-01T12:10:18Z,1.5414,0.309,1.9462,30.0,1782.3,NORMAL,0,
4,2026-10-01T12:10:18Z,1.0544,0.1785,1.9343,30.0,1777.7,NORMAL,0,
5,2026-10-01T12:10:18Z,1.449,0.2335,1.9494,60.0,3579.5,NORMAL,0,
6,2026-10-01T12:10:18Z,1.056,-0.0027,1.9528,60.0,3555.0,NORMAL,0,
1,2026-10-01T12:11:18Z,1.5974,-0.2162,1.9522,30.0,1791.7,NORMAL,0,
2,2026-10-01T12:11:18Z,1.7241,-0.3299,1.9241,30.0,1778.4,NORMAL,0,
3,2026-10-01T12:11:18Z,1.5846,0.1152,1.9735,30.0,1781.4,NORMAL,0,
4,2026-10-01T12:11:18Z,1.0915,0.3185,1.8986,30.0,1771.0,NORMAL,0,
5,2026-10-01T12:11:18Z,1.4346,-0.2934,1.8962,60.0,3566.7,NORMAL,0,
6,2026-10-01T12:11:18Z,1.116,0.206,1.924,60.0,3571.8,NORMAL,0,
1,2026-10-01T12:12:18Z,1.5523,0.2766,1.9334,30.0,1783.3,NORMAL,0,
2,2026-10-01T12:12:18Z,1.7685,0.333,1.8767,30.0,1776.6,NORMAL,0,
3,2026-10-01T12:12:18Z,1.6276,0.0181,1.9269,30.0,1781.5,NORMAL,0,
4,2026-10-01T12:12:18Z,1.0386,-0.0555,1.8973,30.0,1788.9,NORMAL,0,
5,2026-10-01T12:12:18Z,1.3604,0.2693,1.918,60.0,3560.9,NORMAL,0,
6,2026-10-01T12:12:18Z,1.1324,0.3047,1.9115,60.0,3545.7,NORMAL,0,
1,2026-10-01T12:13:18Z,1.6056,0.1652,1.9126,30.0,1787.3,NORMAL,0,
2,2026-10-01T12:13:18Z,1.6089,-0.0516,2.0308,30.0,1770.2,NORMAL,0,
3,2026-10-01T12:13:18Z,1.6262,0.2075,1.9169,30.0,1773.2,NORMAL,0,
4,2026-10-01T12:13:18Z,1.0471,0.3299,1.917,30.0,1777.6,NORMAL,0,
5,2026-10-01T12:13:18Z,1.4377,0.1278,1.8998,60.0,3539.9,NORMAL,0,
6,2026-10-01T12:13:18Z,1.1008,0.3259,1.9102,60.0,3555.4,NORMAL,0,
1,2026-10-01T12:14:18Z,1.5289,0.0477,1.9601,30.0,1780.4,NORMAL,0,
2,2026-10-01T12:14:18Z,1.6906,0.2606,1.9408,30.0,1780.4,NORMAL,0,
3,2026-10-01T12:14:18Z,1.5737,-0.3035,1.857,30.0,1768.0,NORMAL,0,
4,2026-10-01T12:14:18Z,1.0833,0.2956,1.9205,30.0,1782.7,NORMAL,0,
5,2026-10-01T12:14:18Z,1.4864,0.1184,1.8585,60.0,3557.9,NORMAL,0,
6,2026-10-01T12:14:18Z,1.1238,0.0502,1.9192,58.0,3534.3,NORMAL,0,
1,2026-10-01T12:15:18Z,1.5729,0.2862,1.9195,30.0,1794.4,NORMAL,0,
2,2026-10-01T12:15:18Z,1.669,0.1036,1.9702,30.0,1778.1,NORMAL,0,
3,2026-10-01T12:15:18Z,1.5874,-0.2863,1.9109,30.0,1783.4,NORMAL,0,
4,2026-10-01T12:15:18Z,1.8864,-0.2766,2.2853,30.0,1779.8,NORMAL,1,DESALINHAMENTO
5,2026-10-01T12:15:18Z,1.4331,0.1489,1.9394,60.0,3542.4,NORMAL,0,
6,2026-10-01T12:15:18Z,1.1087,-0.3521,1.9408,58.0,3521.3,NORMAL,0,
1,2026-10-01T12:16:18Z,1.5137,0.3007,1.9414,30.0,1788.3,NORMAL,0,
2,2026-10-01T12:16:18Z,1.6838,0.1211,1.9428,30.0,1785.5,NORMAL,0,
3,2026-10-01T12:16:18Z,1.5919,0.2763,1.9604,30.0,1773.2,NORMAL,0,
4,2026-10-01T12:16:18Z,2.0092,0.7081,2.313,60.0,1793.7,NORMAL,1,DESALINHAMENTO
5,2026-10-01T12:16:18Z,1.4141,0.3231,1.9071,60.0,3582.8,NORMAL,0,
6,2026-10-01T12:16:18Z,1.0763,-0.288,1.9609,60.0,3560.0,NORMAL,0,
1,2026-10-01T12:17:18Z,1.5655,-0.2277,1.9789,30.0,1779.5,NORMAL,0,
2,2026-10-01T12:17:18Z,1.7795,0.0365,1.9135,30.0,1789.6,NORMAL,0,
3,2026-10-01T12:17:18Z,1.5823,0.2666,1.9685,30.0,1781.6,NORMAL,0,
4,2026-10-01T12:17:18Z,2.0728,0.3986,2.2732,30.0,1783.2,NORMAL,1,DESALINHAMENTO
5,2026-10-01T12:17:18Z,1.3899,0.285,1.9743,60.0,3565.7,NORMAL,0,
6,2026-10-01T12:17:18Z,1.0929,0.3286,1.9474,58.0,3537.8,NORMAL,0,
1,2026-10-01T12:18:18Z,1.5517,0.0348,1.9493,30.0,1781.1,NORMAL,0,
2,2026-10-01T12:18:18Z,1.7422,-0.2992,1.9533,30.0,1777.2,NORMAL,0,
3,2026-10-01T12:18:18Z,1.6122,0.2866,1.94,30.0,1780.3,NORMAL,0,
4,2026-10-01T12:18:18Z,2.1588,0.6423,2.2993,30.0,1766.9,NORMAL,1,DESALINHAMENTO
5,2026-10-01T12:18:18Z,1.4345,0.2556,1.8841,60.0,3575.4,NORMAL,0,
6,2026-10-01T12:18:18Z,1.0309,-0.1895,1.9484,60.0,3546.7,NORMAL,0,
1,2026-10-01T12:19:18Z,1.5544,-0.2661,1.935,30.0,1768.7,NORMAL,0,
2,2026-10-01T12:19:18Z,1.6869,0.2792,1.9125,30.0,1776.6,NORMAL,0,
3,2026-10-01T12:19:18Z,1.6517,0.165,1.9048,30.0,1780.4,NORMAL,0,
4,2026-10-01T12:19:18Z,2.3876,0.1885,2.251,30.0,1773.9,NORMAL,1,DESALINHAMENTO
5,2026-10-01T12:19:18Z,1.3929,-0.3078,1.9856,60.0,3588.3,NORMAL,0,
6,2026-10-01T12:19:18Z,1.1051,0.2285,1.9458,60.0,3579.9,NORMAL,0,
1,2026-10-01T12:20:18Z,1.5738,0.2829,1.9522,30.0,1781.0,NORMAL,0,
2,2026-10-01T12:20:18Z,1.7034,0.3499,1.9385,30.0,1776.2,NORMAL,0,
3,2026-10-01T12:20:18Z,1.6338,0.1452,1.9797,30.0,1782.8,NORMAL,0,
4,2026-10-01T12:20:18Z,2.3284,0.6156,2.2908,30.0,1769.4,NORMAL,1,DESALINHAMENTO
5,2026-10-01T12:20:18Z,1.4167,-0.1284,1.8912,60.0,3564.5,NORMAL,0,
6,2026-10-01T12:20:18Z,1.0893,0.1463,1.9549,60.0,3556.9,NORMAL,0,
1,2026-10-01T12:21:18Z,1.5481,-0.2411,1.8841,30.0,1779.1,NORMAL,0,
2,2026-10-01T12:21:18Z,1.6748,0.19,1.9892,30.0,1786.0,NORMAL,0,
3,2026-10-01T12:21:18Z,1.6179,-0.2077,1.9069,30.0,1772.9,NORMAL,0,
4,2026-10-01T12:21:18Z,2.3937,0.4915,2.1951,30.0,1778.1,NORMAL,1,DESALINHAMENTO
5,2026-10-01T12:21:18Z,1.4576,0.2281,1.9205,60.0,3573.8,NORMAL,0,
6,2026-10-01T12:21:18Z,1.0964,0.0497,1.9522,60.0,3572.3,NORMAL,0,
1,2026-10-01T12:22:18Z,1.585,-0.2298,1.9828,30.0,1785.6,NORMAL,0,
2,2026-10-01T12:22:18Z,1.676,-0.2903,1.9446,30.0,1781.0,NORMAL,0,
3,2026-10-01T12:22:18Z,1.6038,0.0621,1.9537,30.0,1777.1,NORMAL,0,
4,2026-10-01T12:22:18Z,2.5308,0.2493,2.2667,30.0,1769.7,NORMAL,1,DESALINHAMENTO
5,2026-10-01T12:22:18Z,1.402,0.3291,1.9079,60.0,3592.7,NORMAL,0,
6,2026-10-01T12:22:18Z,1.0794,0.0079,1.8895,60.0,3579.0,NORMAL,0,
1,2026-10-01T12:23:18Z,1.6315,-0.3106,1.8941,30.0,1781.4,NORMAL,0,
2,2026-10-01T12:23:18Z,1.644,-0.2644,1.9451,30.0,1784.7,NORMAL,0,
3,2026-10-01T12:23:18Z,1.5103,-0.0447,1.9657,30.0,1780.5,NORMAL,0,
4,2026-10-01T12:23:18Z,2.729,-0.5692,2.2257,60.0,1785.1,NORMAL,1,DESALINHAMENTO
5,2026-10-01T12:23:18Z,1.3574,0.0763,1.9935,60.0,3566.4,NORMAL,0,
6,2026-10-01T12:23:18Z,1.146,-0.3446,1.9333,60.0,3576.4,NORMAL,0,
1,2026-10-01T12:24:18Z,1.5464,-0.2413,1.9401,30.0,1779.7,NORMAL,0,
2,2026-10-01T12:24:18Z,1.6384,-0.2675,2.0089,30.0,1785.6,NORMAL,0,
3,2026-10-01T12:24:18Z,1.5865,0.2377,1.9624,30.0,1774.5,NORMAL,0,
4,2026-10-01T12:24:18Z,2.8503,0.2811,2.1958,60.0,1787.0,NORMAL,1,DESALINHAMENTO
5,2026-10-01T12:24:18Z,1.4206,-0.3259,1.9035,60.0,3572.9,NORMAL,0,
6,2026-10-01T12:24:18Z,1.0728,0.3149,1.9186,60.0,3565.6,NORMAL,0,
1,2026-10-01T12:25:18Z,1.6336,0.3089,1.8941,30.0,1786.5,NORMAL,0,
2,2026-10-01T12:25:18Z,1.7146,0.2216,1.9229,30.0,1794.6,NORMAL,0,
3,2026-10-01T12:25:18Z,1.5779,0.3308,1.8762,30.0,1769.2,NORMAL,0,
4,2026-10-01T12:25:18Z,2.9771,0.5544,2.1696,60.0,1776.6,NORMAL,1,DESALINHAMENTO
5,2026-10-01T12:25:18Z,1.4202,0.2571,1.89,60.0,3548.1,NORMAL,0,
6,2026-10-01T12:25:18Z,1.169,-0.0409,1.8751,60.0,3555.3,NORMAL,0,
1,2026-10-01T12:26:18Z,1.5679,0.2895,1.915,30.0,1778.8,NORMAL,0,
2,2026-10-01T12:26:18Z,1.756,0.3096,1.9025,30.0,1790.6,NORMAL,0,
3,2026-10-01T12:26:18Z,1.684,-0.2732,1.87,30.0,1768.2,NORMAL,0,
4,2026-10-01T12:26:18Z,3.1159,0.4085,2.1662,58.0,1768.0,NORMAL,1,DESALINHAMENTO
5,2026-10-01T12:26:18Z,1.4277,-0.3115,1.9478,60.0,3555.3,NORMAL,0,
6,2026-10-01T12:26:18Z,1.0754,0.0925,1.9612,60.0,3562.7,NORMAL,0,
1,2026-10-01T12:27:18Z,1.5746,0.2686,1.888,30.0,1788.8,NORMAL,0,
2,2026-10-01T12:27:18Z,1.749,0.3651,1.9558,30.0,1769.9,NORMAL,0,
3,2026-10-01T12:27:18Z,1.6409,0.3626,1.9384,30.0,1782.6,NORMAL,0,
4,2026-10-01T12:27:18Z,3.1312,-0.5031,2.1466,60.0,1786.2,NORMAL,1,DESALINHAMENTO
5,2026-10-01T12:27:18Z,1.3776,0.3534,2.0142,58.0,3537.9,NORMAL,0,
6,2026-10-01T12:27:18Z,1.0585,0.056,2.0206,60.0,3566.8,NORMAL,0,
1,2026-10-01T12:28:18Z,1.5054,0.2539,2.066,30.0,1778.1,NORMAL,0,
2,2026-10-01T12:28:18Z,1.6596,0.2688,1.8793,30.0,1788.8,NORMAL,0,
3,2026-10-01T12:28:18Z,1.58,0.2005,1.927,30.0,1781.3,NORMAL,0,
4,2026-10-01T12:28:18Z,3.2934,0.4352,2.167,60.0,1791.7,NORMAL,1,DESALINHAMENTO
5,2026-10-01T12:28:18Z,2.3199,-0.1178,2.297,118.0,3544.2,NORMAL,1,DESALINHAMENTO
6,2026-10-01T12:28:18Z,1.1245,0.024,1.9053,60.0,3576.4,NORMAL,0,
1,2026-10-01T12:29:18Z,1.6201,0.1757,1.9315,30.0,1779.1,NORMAL,0,
2,2026-10-01T12:29:18Z,1.6641,0.1212,1.9613,30.0,1783.9,NORMAL,0,
3,2026-10-01T12:29:18Z,1.6455,0.3289,2.0011,30.0,1786.3,NORMAL,0,
4,2026-10-01T12:29:18Z,3.5168,-0.1349,2.1616,60.0,1794.5,NORMAL,1,DESALINHAMENTO
5,2026-10-01T12:29:18Z,3.0882,0.659,2.2525,118.0,3559.0,NORMAL,1,DESALINHAMENTO
6,2026-10-01T12:29:18Z,1.1172,-0.0283,1.8783,60.0,3549.7,NORMAL,0,
1,2026-10-01T12:30:18Z,0.0095,0.0073,3.4455,760.0,1763.3,ATENCAO,1,SENSOR_TRAVADO
2,2026-10-01T12:30:18Z,1.6249,0.2986,1.9602,30.0,1786.2,NORMAL,0,
3,2026-10-01T12:30:18Z,1.6117,0.3348,1.9016,30.0,1794.0,NORMAL,0,
4,2026-10-01T12:30:18Z,1.0259,0.0029,1.9762,30.0,1799.4,NORMAL,0,
5,2026-10-01T12:30:18Z,3.2664,-0.6012,2.208,118.0,3525.5,NORMAL,1,DESALINHAMENTO
6,2026-10-01T12:30:18Z,1.0722,-0.2306,1.9836,60.0,3561.7,NORMAL,0,
1,2026-10-01T12:31:18Z,0.0092,-0.034,3.3236,132.0,1773.6,ATENCAO,1,SENSOR_TRAVADO
2,2026-10-01T12:31:18Z,1.6935,0.2146,1.9375,30.0,1778.6,NORMAL,0,
3,2026-10-01T12:31:18Z,1.5915,0.2436,1.9759,30.0,1786.1,NORMAL,0,
4,2026-10-01T12:31:18Z,1.0275,-0.21,1.9476,30.0,1792.8,NORMAL,0,
5,2026-10-01T12:31:18Z,4.0554,0.3548,2.1863,60.0,3569.3,NORMAL,1,DESALINHAMENTO
6,2026-10-01T12:31:18Z,1.1359,0.1799,1.9748,60.0,3578.9,NORMAL,0,
1,2026-10-01T12:32:18Z,0.0094,-0.0002,2.9659,802.0,1787.1,ATENCAO,1,SENSOR_TRAVADO
2,2026-10-01T12:32:18Z,1.684,0.2639,1.9329,30.0,1767.4,NORMAL,0,
3,2026-10-01T12:32:18Z,1.6224,0.2963,1.9476,30.0,1788.1,NORMAL,0,
4,2026-10-01T12:32:18Z,1.0157,0.1877,1.9587,30.0,1793.3,NORMAL,0,
5,2026-10-01T12:32:18Z,4.6628,0.5214,2.147,118.0,3566.4,ATENCAO,1,DESALINHAMENTO
6,2026-10-01T12:32:18Z,1.071,0.327,1.9563,60.0,3565.2,NORMAL,0,
1,2026-10-01T12:33:18Z,0.0093,0.0439,3.3154,226.0,1788.1,ATENCAO,1,SENSOR_TRAVADO
2,2026-10-01T12:33:18Z,1.7208,0.2721,1.9076,30.0,1779.3,NORMAL,0,
3,2026-10-01T12:33:18Z,1.5839,-0.0881,1.9151,30.0,1783.4,NORMAL,0,
4,2026-10-01T12:33:18Z,1.0363,-0.23,1.9545,30.0,1789.1,NORMAL,0,
5,2026-10-01T12:33:18Z,1.398,0.1435,1.977,60.0,3576.7,NORMAL,0,
6,2026-10-01T12:33:18Z,1.1366,0.2177,1.9338,60.0,3579.3,NORMAL,0,
1,2026-10-01T12:34:18Z,0.0093,-0.0888,3.1193,554.0,1779.2,ATENCAO,1,SENSOR_TRAVADO
2,2026-10-01T12:34:18Z,1.6334,0.2293,1.9693,30.0,1789.3,NORMAL,0,
3,2026-10-01T12:34:18Z,1.6121,-0.2459,1.9105,30.0,1789.5,NORMAL,0,
4,2026-10-01T12:34:18Z,1.039,0.1591,1.9039,30.0,1776.1,NORMAL,0,
5,2026-10-01T12:34:18Z,1.3824,-0.2974,1.9563,60.0,3572.5,NORMAL,0,
6,2026-10-01T12:34:18Z,1.1072,-0.0164,1.8959,60.0,3559.8,NORMAL,0,
1,2026-10-01T12:35:18Z,0.0095,-0.0461,2.9617,830.0,1781.7,ATENCAO,1,SENSOR_TRAVADO
2,2026-10-01T12:35:18Z,1.6407,0.045,1.9833,30.0,1778.8,NORMAL,0,
3,2026-10-01T12:35:18Z,1.6453,0.3183,1.8801,30.0,1784.7,NORMAL,0,
4,2026-10-01T12:35:18Z,1.035,0.1533,1.9305,30.0,1778.6,NORMAL,0,
5,2026-10-01T12:35:18Z,1.4136,0.2291,1.8889,60.0,3552.4,NORMAL,0,
6,2026-10-01T12:35:18Z,1.1079,0.0199,1.895,60.0,3588.2,NORMAL,0,
1,2026-10-01T12:36:18Z,1.5542,0.2944,1.9382,30.0,1777.5,NORMAL,0,
2,2026-10-01T12:36:18Z,1.7306,-0.3148,1.89,30.0,1767.9,NORMAL,0,
3,2026-10-01T12:36:18Z,1.5863,-0.1993,1.9207,30.0,1767.3,NORMAL,0,
4,2026-10-01T12:36:18Z,1.0279,0.0396,1.928,30.0,1779.7,NORMAL,0,
5,2026-10-01T12:36:18Z,1.3489,0.3308,1.9614,60.0,3545.0,NORMAL,0,
6,2026-10-01T12:36:18Z,1.081,0.2831,1.8961,60.0,3548.0,NORMAL,0,
1,2026-10-01T12:37:18Z,1.5133,0.2206,1.9444,30.0,1774.6,NORMAL,0,
2,2026-10-01T12:37:18Z,1.7094,0.1014,1.8843,30.0,1789.0,NORMAL,0,
3,2026-10-01T12:37:18Z,1.612,0.3143,1.9259,30.0,1782.2,NORMAL,0,
4,2026-10-01T12:37:18Z,0.9479,0.0753,2.0031,30.0,1772.7,NORMAL,0,
5,2026-10-01T12:37:18Z,1.4211,-0.337,1.9631,60.0,3548.2,NORMAL,0,
6,2026-10-01T12:37:18Z,1.0813,-0.2573,1.9595,60.0,3541.2,NORMAL,0,
1,2026-10-01T12:38:18Z,1.6579,-0.2754,1.8355,30.0,1789.4,NORMAL,0,
2,2026-10-01T12:38:18Z,1.7124,-0.1663,1.9991,30.0,1783.4,NORMAL,0,
3,2026-10-01T12:38:18Z,1.5161,0.2386,1.9412,30.0,1783.7,NORMAL,0,
4,2026-10-01T12:38:18Z,1.0442,0.0655,1.9664,30.0,1796.6,NORMAL,0,
5,2026-10-01T12:38:18Z,1.409,-0.14,1.8708,60.0,3568.1,NORMAL,0,
6,2026-10-01T12:38:18Z,1.115,-0.2952,1.9211,60.0,3577.2,NORMAL,0,
1,2026-10-01T12:39:18Z,1.8605,-4.0966,70.4196,30.0,1782.2,CRITICO,1,PICO_ISOLADO
2,2026-10-01T12:39:18Z,1.5664,0.0375,1.9845,30.0,1779.9,NORMAL,0,
3,2026-10-01T12:39:18Z,1.6605,0.2714,1.8501,30.0,1776.1,NORMAL,0,
4,2026-10-01T12:39:18Z,1.0414,0.3092,1.9294,30.0,1781.5,NORMAL,0,
5,2026-10-01T12:39:18Z,1.3731,-0.1381,1.916,60.0,3551.9,NORMAL,0,
6,2026-10-01T12:39:18Z,1.0885,-0.1175,1.9628,60.0,3580.2,NORMAL,0,
1,2026-10-01T12:40:18Z,1.5771,-0.0484,1.8929,30.0,1772.0,NORMAL,0,
2,2026-10-01T12:40:18Z,1.6545,0.3017,1.9013,30.0,1789.7,NORMAL,0,
3,2026-10-01T12:40:18Z,1.6101,0.3056,1.9648,30.0,1784.5,NORMAL,0,
4,2026-10-01T12:40:18Z,1.048,0.2265,1.9563,30.0,1783.6,NORMAL,0,
5,2026-10-01T12:40:18Z,1.4828,0.0828,1.9291,60.0,3568.9,NORMAL,0,
6,2026-10-01T12:40:18Z,1.1222,0.104,1.9065,60.0,3553.0,NORMAL,0,
1,2026-10-01T12:41:18Z,1.543,0.1726,1.9412,30.0,1783.7,NORMAL,0,
2,2026-10-01T12:41:18Z,1.6528,0.2144,2.0047,30.0,1782.7,NORMAL,0,
3,2026-10-01T12:41:18Z,1.5639,0.2665,1.9517,30.0,1768.4,NORMAL,0,
4,2026-10-01T12:41:18Z,0.9957,-0.1963,1.9233,30.0,1783.3,NORMAL,0,
5,2026-10-01T12:41:18Z,1.3759,0.0557,1.9722,60.0,3547.1,NORMAL,0,
6,2026-10-01T12:41:18Z,1.1206,-0.0808,1.8991,60.0,3553.1,NORMAL,0,
1,2026-10-01T12:42:18Z,1.5215,0.0653,1.9064,30.0,1788.3,NORMAL,0,
2,2026-10-01T12:42:18Z,1.7387,-0.3069,1.9385,30.0,1783.9,NORMAL,0,
3,2026-10-01T12:42:18Z,1.5851,0.2515,1.9521,30.0,1784.1,NORMAL,0,
4,2026-10-01T12:42:18Z,1.0614,-0.2392,1.9865,30.0,1778.5,NORMAL,0,
5,2026-10-01T12:42:18Z,1.4097,0.3291,1.9495,60.0,3545.4,NORMAL,0,
6,2026-10-01T12:42:18Z,1.1328,-0.2918,1.8828,60.0,3546.5,NORMAL,0,
1,2026-10-01T12:43:18Z,1.5653,-0.3176,1.8471,30.0,1765.0,NORMAL,0,
2,2026-10-01T12:43:18Z,1.6418,-0.2971,1.9417,30.0,1781.2,NORMAL,0,
3,2026-10-01T12:43:18Z,1.5963,0.0434,1.9355,30.0,1764.7,NORMAL,0,
4,2026-10-01T12:43:18Z,1.0214,0.3055,1.9954,30.0,1786.9,NORMAL,0,
5,2026-10-01T12:43:18Z,1.3675,0.2284,1.9577,60.0,3567.9,NORMAL,0,
6,2026-10-01T12:43:18Z,1.1018,0.2619,1.9695,60.0,3557.4,NORMAL,0,
1,2026-10-01T12:44:18Z,1.5401,0.2129,1.9357,30.0,1785.3,NORMAL,0,
2,2026-10-01T12:44:18Z,1.7269,0.1253,1.917,30.0,1782.2,NORMAL,0,
3,2026-10-01T12:44:18Z,1.6409,0.3355,1.9084,30.0,1788.8,NORMAL,0,
4,2026-10-01T12:44:18Z,1.0104,0.3251,1.9563,30.0,1789.1,NORMAL,0,
5,2026-10-01T12:44:18Z,1.4463,0.306,1.9582,60.0,3558.5,NORMAL,0,
6,2026-10-01T12:44:18Z,1.1197,0.1834,1.8851,60.0,3563.8,NORMAL,0,
1,2026-10-01T12:45:18Z,1.5321,0.0966,1.9385,30.0,1778.3,NORMAL,0,
2,2026-10-01T12:45:18Z,1.7816,-0.3247,1.9176,30.0,1774.8,NORMAL,0,
3,2026-10-01T12:45:18Z,1.6028,0.3078,1.9307,30.0,1785.6,NORMAL,0,
4,2026-10-01T12:45:18Z,1.06,0.1032,1.8578,30.0,1784.0,NORMAL,0,
5,2026-10-01T12:45:18Z,1.4053,-0.0122,1.8818,60.0,3546.5,NORMAL,0,
6,2026-10-01T12:45:18Z,1.1283,0.1133,1.9424,60.0,3594.3,NORMAL,0,
1,2026-10-01T12:46:18Z,1.6403,0.2912,1.8703,30.0,1783.8,NORMAL,0,
2,2026-10-01T12:46:18Z,1.742,0.2124,1.9582,30.0,1787.5,NORMAL,0,
3,2026-10-01T12:46:18Z,1.6833,0.3666,1.9377,30.0,1780.0,NORMAL,0,
4,2026-10-01T12:46:18Z,0.9923,0.1555,1.9936,30.0,1767.5,NORMAL,0,
5,2026-10-01T12:46:18Z,1.431,0.0347,1.9551,60.0,3576.1,NORMAL,0,
6,2026-10-01T12:46:18Z,1.0493,0.0303,1.9835,60.0,3578.7,NORMAL,0,
1,2026-10-01T12:47:18Z,1.6804,0.2997,1.94,30.0,1776.4,NORMAL,0,
2,2026-10-01T12:47:18Z,1.7116,-0.3153,1.9538,30.0,1781.1,NORMAL,0,
3,2026-10-01T12:47:18Z,1.642,-0.2584,1.925,30.0,1771.8,NORMAL,0,
4,2026-10-01T12:47:18Z,1.0027,0.0693,2.0048,30.0,1785.6,NORMAL,0,
5,2026-10-01T12:47:18Z,1.3911,-0.3097,1.8849,60.0,3573.7,NORMAL,0,
6,2026-10-01T12:47:18Z,1.0832,-0.0724,1.888,60.0,3560.4,NORMAL,0,
1,2026-10-01T12:48:18Z,1.6194,0.2056,1.9136,30.0,1787.5,NORMAL,0,
2,2026-10-01T12:48:18Z,1.7332,0.3283,1.9669,30.0,1776.8,NORMAL,0,
3,2026-10-01T12:48:18Z,1.6101,0.1414,1.9385,30.0,1762.3,NORMAL,0,
4,2026-10-01T12:48:18Z,1.0425,0.1048,1.8874,30.0,1790.8,NORMAL,0,
5,2026-10-01T12:48:18Z,1.3951,0.3166,1.9486,60.0,3559.0,NORMAL,0,
6,2026-10-01T12:48:18Z,1.0549,-0.2346,1.9704,58.0,3527.8,NORMAL,0,
1,2026-10-01T12:49:18Z,1.5818,-0.0905,1.9218,30.0,1777.5,NORMAL,0,
2,2026-10-01T12:49:18Z,1.7506,0.2784,1.8829,30.0,1783.5,NORMAL,0,
3,2026-10-01T12:49:18Z,1.5903,0.3184,1.9326,30.0,1779.9,NORMAL,0,
4,2026-10-01T12:49:18Z,1.0269,0.2729,1.8952,30.0,1763.9,NORMAL,0,
5,2026-10-01T12:49:18Z,1.3922,-0.1464,1.9026,60.0,3560.9,NORMAL,0,
6,2026-10-01T12:49:18Z,1.0922,0.1041,1.955,60.0,3551.3,NORMAL,0,
1,2026-10-01T12:50:18Z,1.5905,-0.1287,1.9205,30.0,1788.7,NORMAL,0,
2,2026-10-01T12:50:18Z,1.7246,0.1176,1.9294,30.0,1781.5,NORMAL,0,
3,2026-10-01T12:50:18Z,1.5541,-0.102,1.9282,30.0,1776.0,NORMAL,0,
4,2026-10-01T12:50:18Z,1.0137,-0.2054,1.908,30.0,1786.9,NORMAL,0,
5,2026-10-01T12:50:18Z,1.3871,-0.2664,1.9142,60.0,3553.2,NORMAL,0,
6,2026-10-01T12:50:18Z,1.114,-0.1839,1.9081,60.0,3572.1,NORMAL,0,
1,2026-10-01T12:51:18Z,1.5961,0.0929,1.9152,30.0,1790.5,NORMAL,0,
2,2026-10-01T12:51:18Z,1.7193,0.258,1.9348,30.0,1791.5,NORMAL,0,
3,2026-10-01T12:51:18Z,1.5572,0.2729,1.939,30.0,1784.2,NORMAL,0,
4,2026-10-01T12:51:18Z,1.0049,0.1865,1.9678,30.0,1768.4,NORMAL,0,
5,2026-10-01T12:51:18Z,1.3889,-0.3068,2.0173,60.0,3587.2,NORMAL,0,
6,2026-10-01T12:51:18Z,1.1343,0.1393,1.8928,60.0,3564.3,NORMAL,0,
1,2026-10-01T12:52:18Z,1.5331,0.2866,1.9702,30.0,1784.5,NORMAL,0,
2,2026-10-01T12:52:18Z,1.685,0.1943,1.9521,30.0,1790.2,NORMAL,0,
3,2026-10-01T12:52:18Z,1.5639,0.252,1.9497,30.0,1775.6,NORMAL,0,
4,2026-10-01T12:52:18Z,1.02,-0.0514,1.9343,30.0,1776.4,NORMAL,0,
5,2026-10-01T12:52:18Z,1.3934,-0.2461,1.9344,60.0,3558.2,NORMAL,0,
6,2026-10-01T12:52:18Z,1.1131,0.3253,1.9401,60.0,3541.7,NORMAL,0,
1,2026-10-01T12:53:18Z,1.5508,0.2398,1.8901,30.0,1769.0,NORMAL,0,
2,2026-10-01T12:53:18Z,1.6456,0.1634,1.9631,30.0,1782.1,NORMAL,0,
3,2026-10-01T12:53:18Z,1.6596,-0.2929,1.917,30.0,1774.5,NORMAL,0,
4,2026-10-01T12:53:18Z,1.0437,-0.3341,1.9635,30.0,1776.7,NORMAL,0,
5,2026-10-01T12:53:18Z,1.4258,0.3456,1.9812,60.0,3563.6,NORMAL,0,
6,2026-10-01T12:53:18Z,1.1086,0.3428,1.9749,60.0,3565.5,NORMAL,0,
1,2026-10-01T12:54:18Z,1.5684,0.2955,1.8702,30.0,1796.1,NORMAL,0,
2,2026-10-01T12:54:18Z,1.7046,0.1628,1.9864,30.0,1774.0,NORMAL,0,
3,2026-10-01T12:54:18Z,1.5891,0.2597,1.8996,30.0,1789.0,NORMAL,0,
4,2026-10-01T12:54:18Z,1.0708,0.2893,1.827,30.0,1773.9,NORMAL,0,
5,2026-10-01T12:54:18Z,1.427,-0.0401,1.9044,60.0,3554.1,NORMAL,0,
6,2026-10-01T12:54:18Z,1.113,0.1058,1.9325,58.0,3536.0,NORMAL,0,
1,2026-10-01T12:55:18Z,1.5361,-0.0898,1.9477,30.0,1768.3,NORMAL,0,
2,2026-10-01T12:55:18Z,1.7606,-0.208,1.9264,30.0,1789.0,NORMAL,0,
3,2026-10-01T12:55:18Z,1.56,0.2958,1.95,30.0,1784.6,NORMAL,0,
4,2026-10-01T12:55:18Z,1.0191,-0.2266,1.9138,30.0,1780.9,NORMAL,0,
5,2026-10-01T12:55:18Z,1.4937,-0.0118,1.9382,60.0,3547.3,NORMAL,0,
6,2026-10-01T12:55:18Z,1.1107,-0.2593,1.9465,60.0,3546.6,NORMAL,0,
1,2026-10-01T12:56:18Z,1.5354,0.2487,1.9731,30.0,1769.9,NORMAL,0,
2,2026-10-01T12:56:18Z,1.7875,-0.259,1.9631,30.0,1764.6,NORMAL,0,
3,2026-10-01T12:56:18Z,1.4949,-0.2078,1.961,30.0,1796.3,NORMAL,0,
4,2026-10-01T12:56:18Z,1.062,-0.1299,1.9347,30.0,1773.7,NORMAL,0,
5,2026-10-01T12:56:18Z,1.4604,0.3274,1.8735,60.0,3567.0,NORMAL,0,
6,2026-10-01T12:56:18Z,1.0641,0.2685,1.8948,58.0,3532.2,NORMAL,0,
1,2026-10-01T12:57:18Z,1.5813,0.0848,1.8846,30.0,1777.1,NORMAL,0,
2,2026-10-01T12:57:18Z,1.7528,0.2713,1.8987,30.0,1766.8,NORMAL,0,
3,2026-10-01T12:57:18Z,1.5747,0.2666,1.9166,30.0,1774.4,NORMAL,0,
4,2026-10-01T12:57:18Z,1.0148,0.1259,1.9493,30.0,1769.0,NORMAL,0,
5,2026-10-01T12:57:18Z,1.3948,-0.0258,1.9294,60.0,3557.6,NORMAL,0,
6,2026-10-01T12:57:18Z,1.0871,0.2918,1.9649,60.0,3573.2,NORMAL,0,
1,2026-10-01T12:58:18Z,1.5816,0.1195,1.9721,30.0,1788.3,NORMAL,0,
2,2026-10-01T12:58:18Z,1.6277,-0.2626,1.8834,30.0,1781.6,NORMAL,0,
3,2026-10-01T12:58:18Z,1.536,-0.2466,1.9956,30.0,1771.9,NORMAL,0,
4,2026-10-01T12:58:18Z,1.0264,0.0393,1.9006,30.0,1785.5,NORMAL,0,
5,2026-10-01T12:58:18Z,1.3511,0.1055,1.9035,58.0,3529.1,NORMAL,0,
6,2026-10-01T12:58:18Z,1.1426,-0.0652,1.9744,60.0,3543.3,NORMAL,0,
1,2026-10-01T12:59:18Z,1.5746,0.3112,1.927,30.0,1776.1,NORMAL,0,
2,2026-10-01T12:59:18Z,1.6145,0.1888,1.9669,30.0,1774.0,NORMAL,0,
3,2026-10-01T12:59:18Z,1.5563,0.0124,1.9314,30.0,1786.6,NORMAL,0,
4,2026-10-01T12:59:18Z,1.0608,0.0439,1.897,30.0,1795.4,NORMAL,0,
5,2026-10-01T12:59:18Z,1.3801,-0.3203,1.9535,60.0,3552.0,NORMAL,0,
6,2026-10-01T12:59:18Z,1.1215,-0.295,1.9231,60.0,3569.8,NORMAL,0,
1,2026-10-01T13:00:18Z,1.5073,0.0369,2.0223,30.0,1778.2,NORMAL,0,
2,2026-10-01T13:00:18Z,1.643,-0.0052,1.9184,30.0,1784.2,NORMAL,0,
3,2026-10-01T13:00:18Z,1.5752,0.1608,1.8978,30.0,1784.2,NORMAL,0,
4,2026-10-01T13:00:18Z,1.1122,0.3188,1.9586,30.0,1780.9,NORMAL,0,
5,2026-10-01T13:00:18Z,1.4281,-0.2682,1.8671,60.0,3591.2,NORMAL,0,
6,2026-10-01T13:00:18Z,1.1076,-0.1776,1.9267,60.0,3560.1,NORMAL,0,
1,2026-10-01T13:01:18Z,1.5358,0.2962,1.9261,30.0,1792.0,NORMAL,0,
2,2026-10-01T13:01:18Z,1.6978,0.2413,1.9258,30.0,1768.1,NORMAL,0,
3,2026-10-01T13:01:18Z,1.5926,-0.2883,1.9361,30.0,1798.2,NORMAL,0,
4,2026-10-01T13:01:18Z,1.0212,-0.2579,1.9381,30.0,1777.7,NORMAL,0,
5,2026-10-01T13:01:18Z,1.3742,-0.2744,1.9323,60.0,3571.0,NORMAL,0,
6,2026-10-01T13:01:18Z,1.087,-0.0666,1.9229,60.0,3581.2,NORMAL,0,
1,2026-10-01T13:02:18Z,1.6059,0.2823,1.8829,30.0,1771.8,NORMAL,0,
2,2026-10-01T13:02:18Z,1.5971,0.2801,1.8791,30.0,1771.9,NORMAL,0,
3,2026-10-01T13:02:18Z,1.5569,-0.2843,1.9478,30.0,1779.3,NORMAL,0,
4,2026-10-01T13:02:18Z,1.0189,0.2495,1.9256,30.0,1784.9,NORMAL,0,
5,2026-10-01T13:02:18Z,1.3931,0.2872,1.988,60.0,3564.4,NORMAL,0,
6,2026-10-01T13:02:18Z,1.0227,0.2809,1.9378,58.0,3538.1,NORMAL,0,
1,2026-10-01T13:03:18Z,1.4706,0.1304,1.9837,30.0,1769.2,NORMAL,0,
2,2026-10-01T13:03:18Z,1.6433,0.3337,1.9413,30.0,1782.1,NORMAL,0,
3,2026-10-01T13:03:18Z,1.6341,0.0142,1.9218,30.0,1783.9,NORMAL,0,
4,2026-10-01T13:03:18Z,1.0122,0.1775,2.0012,30.0,1776.0,NORMAL,0,
5,2026-10-01T13:03:18Z,1.4197,0.176,1.8749,60.0,3549.2,NORMAL,0,
6,2026-10-01T13:03:18Z,1.1468,-0.1341,1.8879,60.0,3560.0,NORMAL,0,
1,2026-10-01T13:04:18Z,1.6251,-0.0302,1.9178,30.0,1784.4,NORMAL,0,
2,2026-10-01T13:04:18Z,1.7429,0.1741,1.8718,30.0,1791.3,NORMAL,0,
3,2026-10-01T13:04:18Z,1.5466,-0.0994,2.0202,30.0,1780.8,NORMAL,0,
4,2026-10-01T13:04:18Z,1.0351,0.0944,1.9257,30.0,1783.6,NORMAL,0,
5,2026-10-01T13:04:18Z,1.3444,-0.2553,1.9017,58.0,3529.8,NORMAL,0,
6,2026-10-01T13:04:18Z,1.1205,0.2864,1.8523,60.0,3569.8,NORMAL,0,
1,2026-10-01T13:05:18Z,1.5763,-0.2471,1.8747,30.0,1776.5,NORMAL,0,
2,2026-10-01T13:05:18Z,1.7257,0.2087,1.8853,30.0,1769.9,NORMAL,0,
3,2026-10-01T13:05:18Z,1.5928,0.3341,1.9615,30.0,1785.3,NORMAL,0,
4,2026-10-01T13:05:18Z,1.05,0.1026,1.927,30.0,1790.9,NORMAL,0,
5,2026-10-01T13:05:18Z,1.4021,0.084,1.9152,60.0,3565.2,NORMAL,0,
6,2026-10-01T13:05:18Z,1.075,0.2584,1.9124,60.0,3543.8,NORMAL,0,
1,2026-10-01T13:06:18Z,1.5992,-0.0191,1.9121,30.0,1768.8,NORMAL,0,
2,2026-10-01T13:06:18Z,1.7102,0.0675,1.8952,30.0,1790.1,NORMAL,0,
3,2026-10-01T13:06:18Z,1.5759,-0.2428,1.8849,30.0,1778.6,NORMAL,0,
4,2026-10-01T13:06:18Z,0.9678,-0.2844,1.985,30.0,1787.2,NORMAL,0,
5,2026-10-01T13:06:18Z,1.424,-0.0194,1.8953,58.0,3532.0,NORMAL,0,
6,2026-10-01T13:06:18Z,1.0365,-0.051,2.0082,60.0,3566.3,NORMAL,0,
1,2026-10-01T13:07:18Z,1.5526,-0.1296,1.9947,30.0,1784.6,NORMAL,0,
2,2026-10-01T13:07:18Z,1.6165,-0.2935,1.9738,30.0,1773.3,NORMAL,0,
3,2026-10-01T13:07:18Z,1.6142,0.2679,1.9597,30.0,1783.4,NORMAL,0,
4,2026-10-01T13:07:18Z,1.0677,0.3159,1.9293,30.0,1777.3,NORMAL,0,
5,2026-10-01T13:07:18Z,1.428,-0.2178,1.89,60.0,3573.6,NORMAL,0,
6,2026-10-01T13:07:18Z,1.1278,0.3206,1.8971,60.0,3574.0,NORMAL,0,
1,2026-10-01T13:08:18Z,1.5678,-0.2939,1.9024,30.0,1773.7,NORMAL,0,
2,2026-10-01T13:08:18Z,1.6596,0.2865,1.8946,30.0,1782.2,NORMAL,0,
3,2026-10-01T13:08:18Z,1.5737,0.3222,1.9169,30.0,1782.5,NORMAL,0,
4,2026-10-01T13:08:18Z,1.0331,0.3448,1.9622,30.0,1782.1,NORMAL,0,
5,2026-10-01T13:08:18Z,1.3722,-0.3177,1.977,60.0,3556.9,NORMAL,0,
6,2026-10-01T13:08:18Z,1.1249,-0.1573,1.901,58.0,3539.0,NORMAL,0,
1,2026-10-01T13:09:18Z,1.4752,0.2572,1.9529,30.0,1788.0,NORMAL,0,
2,2026-10-01T13:09:18Z,1.7484,0.0287,1.9523,30.0,1791.5,NORMAL,0,
3,2026-10-01T13:09:18Z,1.5509,-0.1694,1.9648,30.0,1780.3,NORMAL,0,
4,2026-10-01T13:09:18Z,1.0178,0.2679,1.9884,30.0,1780.8,NORMAL,0,
5,2026-10-01T13:09:18Z,1.4526,0.2202,1.9222,60.0,3563.6,NORMAL,0,
6,2026-10-01T13:09:18Z,1.0781,0.3423,1.9787,60.0,3540.2,NORMAL,0,
1,2026-10-01T13:10:18Z,1.5768,-0.2688,1.9402,30.0,1781.9,NORMAL,0,
2,2026-10-01T13:10:18Z,1.6672,0.1905,2.0306,30.0,1780.0,NORMAL,0,
3,2026-10-01T13:10:18Z,1.5446,-0.2696,1.9629,30.0,1774.6,NORMAL,0,
4,2026-10-01T13:10:18Z,1.0853,0.1224,1.929,30.0,1767.7,NORMAL,0,
5,2026-10-01T13:10:18Z,1.4214,0.305,1.9427,58.0,3534.7,NORMAL,0,
6,2026-10-01T13:10:18Z,1.0766,0.3073,2.0135,60.0,3563.3,NORMAL,0,
1,2026-10-01T13:11:18Z,1.5457,0.0517,1.9081,30.0,1781.4,NORMAL,0,
2,2026-10-01T13:11:18Z,1.6987,0.0939,1.9586,30.0,1776.7,NORMAL,0,
3,2026-10-01T13:11:18Z,1.5846,0.3131,1.9246,30.0,1789.9,NORMAL,0,
4,2026-10-01T13:11:18Z,1.075,0.328,1.9394,30.0,1789.9,NORMAL,0,
5,2026-10-01T13:11:18Z,1.4809,-0.277,1.8596,60.0,3555.1,NORMAL,0,
6,2026-10-01T13:11:18Z,1.0971,0.1432,1.9287,60.0,3550.0,NORMAL,0,
1,2026-10-01T13:12:18Z,1.536,0.2926,1.9464,30.0,1788.2,NORMAL,0,
2,2026-10-01T13:12:18Z,1.6717,0.232,1.9636,30.0,1780.3,NORMAL,0,
3,2026-10-01T13:12:18Z,1.5544,0.1544,1.9859,30.0,1771.0,NORMAL,0,
4,2026-10-01T13:12:18Z,0.9717,0.0437,1.9753,30.0,1781.5,NORMAL,0,
5,2026-10-01T13:12:18Z,1.3825,-0.3368,2.0148,60.0,3556.9,NORMAL,0,
6,2026-10-01T13:12:18Z,1.0564,0.1802,1.9703,60.0,3559.7,NORMAL,0,
1,2026-10-01T13:13:18Z,1.6037,0.3373,1.9779,30.0,1794.9,NORMAL,0,
2,2026-10-01T13:13:18Z,1.6449,0.2438,1.9806,30.0,1775.5,NORMAL,0,
3,2026-10-01T13:13:18Z,1.6321,-0.1732,1.8894,30.0,1767.0,NORMAL,0,
4,2026-10-01T13:13:18Z,1.0466,0.3532,1.9703,30.0,1773.9,NORMAL,0,
5,2026-10-01T13:13:18Z,1.4973,0.1467,1.8777,60.0,3544.2,NORMAL,0,
6,2026-10-01T13:13:18Z,1.1111,0.1051,1.8669,60.0,3563.9,NORMAL,0,
1,2026-10-01T13:14:18Z,1.6216,0.189,1.9454,30.0,1780.8,NORMAL,0,
2,2026-10-01T13:14:18Z,1.6775,-0.0852,1.9073,30.0,1771.5,NORMAL,0,
3,2026-10-01T13:14:18Z,1.6475,0.3333,1.9591,30.0,1774.7,NORMAL,0,
4,2026-10-01T13:14:18Z,0.9332,0.1634,2.0002,30.0,1784.8,NORMAL,0,
5,2026-10-01T13:14:18Z,1.3684,0.2857,1.9169,60.0,3548.9,NORMAL,0,
6,2026-10-01T13:14:18Z,1.0413,-0.2865,1.9751,60.0,3577.2,NORMAL,0,
1,2026-10-01T13:15:18Z,1.5481,0.065,1.9439,30.0,1780.9,NORMAL,0,
2,2026-10-01T13:15:18Z,1.6701,-0.088,2.0052,30.0,1769.8,NORMAL,0,
3,2026-10-01T13:15:18Z,1.6412,-0.2891,1.9639,30.0,1773.7,NORMAL,0,
4,2026-10-01T13:15:18Z,1.0545,0.0391,1.8848,30.0,1785.8,NORMAL,0,
5,2026-10-01T13:15:18Z,1.4065,0.2845,1.9416,60.0,3547.9,NORMAL,0,
6,2026-10-01T13:15:18Z,1.0964,-0.0134,1.9549,60.0,3561.4,NORMAL,0,
1,2026-10-01T13:16:18Z,1.5403,0.2489,1.901,30.0,1776.3,NORMAL,0,
2,2026-10-01T13:16:18Z,1.7535,0.2672,1.8948,30.0,1781.0,NORMAL,0,
3,2026-10-01T13:16:18Z,1.6149,0.219,1.9206,30.0,1786.1,NORMAL,0,
4,2026-10-01T13:16:18Z,1.0024,0.2532,1.9446,30.0,1770.6,NORMAL,0,
5,2026-10-01T13:16:18Z,1.4168,0.0423,1.9645,60.0,3552.6,NORMAL,0,
6,2026-10-01T13:16:18Z,1.1338,0.3464,1.9597,60.0,3563.0,NORMAL,0,
1,2026-10-01T13:17:18Z,1.5709,0.0956,1.9467,30.0,1776.0,NORMAL,0,
2,2026-10-01T13:17:18Z,1.6767,0.3425,1.9703,30.0,1785.1,NORMAL,0,
3,2026-10-01T13:17:18Z,1.5483,-0.2526,1.9456,30.0,1779.7,NORMAL,0,
4,2026-10-01T13:17:18Z,0.9849,-0.2841,1.9852,30.0,1771.9,NORMAL,0,
5,2026-10-01T13:17:18Z,1.3861,0.2735,1.981,60.0,3582.3,NORMAL,0,
6,2026-10-01T13:17:18Z,1.0512,-0.0715,1.9124,60.0,3574.4,NORMAL,0,
1,2026-10-01T13:18:18Z,1.5916,0.0677,1.9624,30.0,1772.8,NORMAL,0,
2,2026-10-01T13:18:18Z,1.6395,0.0799,1.9285,30.0,1779.4,NORMAL,0,
3,2026-10-01T13:18:18Z,1.6547,0.2339,1.8983,30.0,1782.3,NORMAL,0,
4,2026-10-01T13:18:18Z,1.0565,0.05,1.9439,30.0,1772.6,NORMAL,0,
5,2026-10-01T13:18:18Z,1.4066,0.1051,1.8953,60.0,3550.6,NORMAL,0,
6,2026-10-01T13:18:18Z,1.0483,-0.1751,1.9565,60.0,3578.7,NORMAL,0,
1,2026-10-01T13:19:18Z,1.514,0.3255,1.9671,30.0,1787.0,NORMAL,0,
2,2026-10-01T13:19:18Z,1.7316,0.3114,1.9809,30.0,1777.4,NORMAL,0,
3,2026-10-01T13:19:18Z,1.5878,-0.0024,1.9396,30.0,1783.6,NORMAL,0,
4,2026-10-01T13:19:18Z,0.9948,0.0705,1.8874,30.0,1769.1,NORMAL,0,
5,2026-10-01T13:19:18Z,1.3822,0.0606,1.9174,60.0,3548.9,NORMAL,0,
6,2026-10-01T13:19:18Z,1.1244,-0.3168,1.9448,60.0,3575.4,NORMAL,0,
1,2026-10-01T13:20:18Z,1.5853,0.3131,1.908,30.0,1789.3,NORMAL,0,
2,2026-10-01T13:20:18Z,1.7034,0.3433,1.9329,30.0,1782.2,NORMAL,0,
3,2026-10-01T13:20:18Z,1.6055,0.32,2.0003,30.0,1770.8,NORMAL,0,
4,2026-10-01T13:20:18Z,1.0556,0.0939,1.9238,30.0,1779.7,NORMAL,0,
5,2026-10-01T13:20:18Z,1.3901,0.2482,1.9339,60.0,3566.7,NORMAL,0,
6,2026-10-01T13:20:18Z,1.1015,0.2898,1.9161,60.0,3570.7,NORMAL,0,
1,2026-10-01T13:21:18Z,1.4789,0.0588,2.0556,30.0,1788.2,NORMAL,0,
2,2026-10-01T13:21:18Z,1.6706,0.3566,1.9551,30.0,1775.7,NORMAL,0,
3,2026-10-01T13:21:18Z,1.6573,-0.3396,1.9989,30.0,1796.1,NORMAL,0,
4,2026-10-01T13:21:18Z,1.0606,-0.2825,1.928,30.0,1770.4,NORMAL,0,
5,2026-10-01T13:21:18Z,1.3645,0.0013,1.9448,60.0,3569.0,NORMAL,0,
6,2026-10-01T13:21:18Z,1.0997,0.1409,1.9189,60.0,3546.7,NORMAL,0,
1,2026-10-01T13:22:18Z,1.6214,-0.3501,1.9431,30.0,1781.7,NORMAL,0,
2,2026-10-01T13:22:18Z,1.6868,-0.0217,1.9172,30.0,1774.1,NORMAL,0,
3,2026-10-01T13:22:18Z,1.6285,-0.1709,1.9161,30.0,1788.2,NORMAL,0,
4,2026-10-01T13:22:18Z,0.9887,-0.256,1.9775,30.0,1778.3,NORMAL,0,
5,2026-10-01T13:22:18Z,1.3822,-0.0724,1.9416,60.0,3559.6,NORMAL,0,
6,2026-10-01T13:22:18Z,1.0923,0.2717,1.979,60.0,3571.5,NORMAL,0,
1,2026-10-01T13:23:18Z,1.5117,-0.2359,1.893,30.0,1772.0,NORMAL,0,
2,2026-10-01T13:23:18Z,1.6906,0.3125,1.899,30.0,1776.1,NORMAL,0,
3,2026-10-01T13:23:18Z,1.5992,0.2543,1.9943,30.0,1790.2,NORMAL,0,
4,2026-10-01T13:23:18Z,0.9982,0.0644,1.9478,30.0,1773.4,NORMAL,0,
5,2026-10-01T13:23:18Z,1.4056,-0.2955,1.9008,60.0,3562.0,NORMAL,0,
6,2026-10-01T13:23:18Z,1.0335,-0.2936,1.9545,60.0,3565.6,NORMAL,0,
1,2026-10-01T13:24:18Z,1.5368,0.1613,1.9194,30.0,1767.1,NORMAL,0,
2,2026-10-01T13:24:18Z,1.6486,0.249,1.9495,30.0,1776.2,NORMAL,0,
3,2026-10-01T13:24:18Z,1.5425,0.1611,1.9064,30.0,1779.8,NORMAL,0,
4,2026-10-01T13:24:18Z,1.0278,-0.089,1.9981,30.0,1790.5,NORMAL,0,
5,2026-10-01T13:24:18Z,1.404,0.0926,1.9728,60.0,3566.8,NORMAL,0,
6,2026-10-01T13:24:18Z,1.101,-0.1385,1.9429,60.0,3583.7,NORMAL,0,
1,2026-10-01T13:25:18Z,1.5478,-0.0638,1.9392,30.0,1783.3,NORMAL,0,
2,2026-10-01T13:25:18Z,1.7041,0.2461,1.9242,30.0,1780.6,NORMAL,0,
3,2026-10-01T13:25:18Z,1.5941,-0.2914,1.9563,30.0,1770.8,NORMAL,0,
4,2026-10-01T13:25:18Z,1.0462,0.1983,1.9075,30.0,1792.1,NORMAL,0,
5,2026-10-01T13:25:18Z,1.3581,-0.2345,1.8957,60.0,3579.2,NORMAL,0,
6,2026-10-01T13:25:18Z,1.1351,0.2532,1.9247,60.0,3569.0,NORMAL,0,
1,2026-10-01T13:26:18Z,1.5157,0.0673,1.9237,30.0,1779.0,NORMAL,0,
2,2026-10-01T13:26:18Z,1.6692,0.1914,1.9438,30.0,1768.6,NORMAL,0,
3,2026-10-01T13:26:18Z,1.6913,0.0933,1.9025,30.0,1797.7,NORMAL,0,
4,2026-10-01T13:26:18Z,1.0354,0.1849,1.9071,30.0,1777.6,NORMAL,0,
5,2026-10-01T13:26:18Z,1.4447,0.2303,1.8896,60.0,3558.9,NORMAL,0,
6,2026-10-01T13:26:18Z,1.1533,-0.0383,1.9422,60.0,3560.6,NORMAL,0,
1,2026-10-01T13:27:18Z,1.6183,0.1819,1.9121,30.0,1772.4,NORMAL,0,
2,2026-10-01T13:27:18Z,1.7194,-0.2995,1.9125,30.0,1774.0,NORMAL,0,
3,2026-10-01T13:27:18Z,1.6372,-0.1197,1.9396,30.0,1780.0,NORMAL,0,
4,2026-10-01T13:27:18Z,0.9797,-0.3251,1.9851,30.0,1765.9,NORMAL,0,
5,2026-10-01T13:27:18Z,1.3867,0.1226,1.8795,60.0,3550.8,NORMAL,0,
6,2026-10-01T13:27:18Z,1.0906,0.2603,1.9462,58.0,3535.1,NORMAL,0,
1,2026-10-01T13:28:18Z,1.5711,0.1104,1.8878,30.0,1789.7,NORMAL,0,
2,2026-10-01T13:28:18Z,1.6817,0.3237,1.9405,30.0,1788.2,NORMAL,0,
3,2026-10-01T13:28:18Z,1.6224,0.2382,1.9003,30.0,1772.8,NORMAL,0,
4,2026-10-01T13:28:18Z,1.0001,0.2127,1.9488,30.0,1773.6,NORMAL,0,
5,2026-10-01T13:28:18Z,1.3525,0.3315,1.9681,58.0,3534.1,NORMAL,0,
6,2026-10-01T13:28:18Z,1.1139,0.3486,1.9036,60.0,3572.4,NORMAL,0,
1,2026-10-01T13:29:18Z,1.5928,-0.2928,1.866,30.0,1768.2,NORMAL,0,
2,2026-10-01T13:29:18Z,1.7266,0.1587,1.8921,30.0,1770.6,NORMAL,0,
3,2026-10-01T13:29:18Z,1.5632,-0.0624,1.9903,30.0,1780.2,NORMAL,0,
4,2026-10-01T13:29:18Z,1.0104,0.2962,1.9642,30.0,1776.3,NORMAL,0,
5,2026-10-01T13:29:18Z,1.4158,0.1903,1.8783,60.0,3564.4,NORMAL,0,
6,2026-10-01T13:29:18Z,1.109,0.2873,1.9656,58.0,3533.3,NORMAL,0,
1,2026-10-01T13:30:18Z,1.5476,0.0632,1.8904,30.0,1780.9,NORMAL,0,
2,2026-10-01T13:30:18Z,1.6962,-0.1413,1.966,30.0,1782.3,NORMAL,0,
3,2026-10-01T13:30:18Z,1.6705,0.1,1.8701,30.0,1778.6,NORMAL,0,
4,2026-10-01T13:30:18Z,1.069,0.0591,1.9351,30.0,1777.6,NORMAL,0,
5,2026-10-01T13:30:18Z,1.3717,0.091,1.9591,60.0,3560.4,NORMAL,0,
6,2026-10-01T13:30:18Z,1.1385,0.1017,1.8995,60.0,3564.4,NORMAL,0,
1,2026-10-01T13:31:18Z,1.5766,0.362,1.9765,30.0,1779.4,NORMAL,0,
2,2026-10-01T13:31:18Z,1.737,-0.3373,1.9303,30.0,1779.0,NORMAL,0,
3,2026-10-01T13:31:18Z,1.6042,0.0497,1.9782,30.0,1780.4,NORMAL,0,
4,2026-10-01T13:31:18Z,1.0,0.3073,1.9204,30.0,1780.0,NORMAL,0,
5,2026-10-01T13:31:18Z,1.4179,-0.1338,1.9784,60.0,3542.3,NORMAL,0,
6,2026-10-01T13:31:18Z,1.1329,0.0807,1.9156,60.0,3549.3,NORMAL,0,
1,2026-10-01T13:32:18Z,1.6168,0.0351,1.9716,30.0,1788.2,NORMAL,0,
2,2026-10-01T13:32:18Z,1.7195,0.2819,1.9052,30.0,1774.0,NORMAL,0,
3,2026-10-01T13:32:18Z,1.5702,0.3174,1.9975,30.0,1789.2,NORMAL,0,
4,2026-10-01T13:32:18Z,0.9889,0.2255,1.9787,30.0,1770.3,NORMAL,0,
5,2026-10-01T13:32:18Z,1.4333,-0.0182,1.9207,60.0,3554.4,NORMAL,0,
6,2026-10-01T13:32:18Z,0.0067,0.0847,3.0243,426.0,3541.5,ATENCAO,1,SENSOR_TRAVADO
1,2026-10-01T13:33:18Z,1.5956,0.2308,1.9151,30.0,1770.9,NORMAL,0,
2,2026-10-01T13:33:18Z,2.0233,5.831,103.9746,30.0,1774.1,CRITICO,1,PICO_ISOLADO
3,2026-10-01T13:33:18Z,1.5415,-0.2158,1.9931,30.0,1784.4,NORMAL,0,
4,2026-10-01T13:33:18Z,1.0331,0.1907,1.9862,30.0,1783.9,NORMAL,0,
5,2026-10-01T13:33:18Z,1.3653,-0.0392,1.958,60.0,3558.7,NORMAL,0,
6,2026-10-01T13:33:18Z,0.0064,0.0873,2.8182,236.0,3544.3,ATENCAO,1,SENSOR_TRAVADO
1,2026-10-01T13:34:18Z,1.5545,-0.1466,1.9326,30.0,1777.1,NORMAL,0,
2,2026-10-01T13:34:18Z,1.7263,-0.2748,1.8807,30.0,1777.8,NORMAL,0,
3,2026-10-01T13:34:18Z,1.6183,-0.2907,1.9197,30.0,1785.3,NORMAL,0,
4,2026-10-01T13:34:18Z,0.9658,0.0444,1.9646,30.0,1783.1,NORMAL,0,
5,2026-10-01T13:34:18Z,1.3757,0.1674,1.9598,60.0,3576.3,NORMAL,0,
6,2026-10-01T13:34:18Z,0.0064,-0.0575,2.8578,518.0,3539.4,ATENCAO,1,SENSOR_TRAVADO
1,2026-10-01T13:35:18Z,1.6171,0.3358,1.9891,30.0,1787.0,NORMAL,0,
2,2026-10-01T13:35:18Z,1.7242,0.3401,1.9023,30.0,1779.6,NORMAL,0,
3,2026-10-01T13:35:18Z,1.535,0.2085,1.9808,30.0,1786.6,NORMAL,0,
4,2026-10-01T13:35:18Z,1.0044,0.0216,1.967,30.0,1764.1,NORMAL,0,
5,2026-10-01T13:35:18Z,1.2961,-0.2234,2.0142,58.0,3533.3,NORMAL,0,
6,2026-10-01T13:35:18Z,0.0063,0.0381,2.7604,408.0,3531.2,ATENCAO,1,SENSOR_TRAVADO
1,2026-10-01T13:36:18Z,1.6136,0.3228,1.9513,30.0,1782.0,NORMAL,0,
2,2026-10-01T13:36:18Z,1.632,0.1345,1.9599,30.0,1778.7,NORMAL,0,
3,2026-10-01T13:36:18Z,1.6604,0.343,1.8966,30.0,1782.3,NORMAL,0,
4,2026-10-01T13:36:18Z,0.9797,0.0409,1.9531,30.0,1780.2,NORMAL,0,
5,2026-10-01T13:36:18Z,1.4567,0.2582,1.9254,60.0,3549.7,NORMAL,0,
6,2026-10-01T13:36:18Z,0.0063,-0.0737,2.9204,244.0,3566.4,ATENCAO,1,SENSOR_TRAVADO
1,2026-10-01T13:37:18Z,1.5254,0.1426,1.9634,30.0,1781.7,NORMAL,0,
2,2026-10-01T13:37:18Z,1.7019,-0.0349,1.897,30.0,1778.2,NORMAL,0,
3,2026-10-01T13:37:18Z,1.6018,0.2077,1.9119,30.0,1770.5,NORMAL,0,
4,2026-10-01T13:37:18Z,1.0349,-0.0336,1.902,30.0,1780.1,NORMAL,0,
5,2026-10-01T13:37:18Z,1.4201,-0.0312,1.9444,60.0,3579.6,NORMAL,0,
6,2026-10-01T13:37:18Z,0.0063,-0.0501,2.9274,182.0,3569.4,ATENCAO,1,SENSOR_TRAVADO
1,2026-10-01T13:38:18Z,1.5844,0.1458,1.9884,30.0,1775.1,NORMAL,0,
2,2026-10-01T13:38:18Z,1.6263,0.3134,1.9959,30.0,1783.8,NORMAL,0,
3,2026-10-01T13:38:18Z,1.5374,0.1878,1.8997,30.0,1777.2,NORMAL,0,
4,2026-10-01T13:38:18Z,1.0449,0.2563,1.923,30.0,1775.6,NORMAL,0,
5,2026-10-01T13:38:18Z,3.2669,0.0366,1.5817,60.0,3601.1,NORMAL,1,DESBALANCEAMENTO
6,2026-10-01T13:38:18Z,0.0066,-0.0821,2.953,120.0,3550.2,ATENCAO,1,SENSOR_TRAVADO
1,2026-10-01T13:39:18Z,1.5795,-0.3083,1.9033,30.0,1778.7,NORMAL,0,
2,2026-10-01T13:39:18Z,1.7716,0.024,1.9222,30.0,1777.7,NORMAL,0,
3,2026-10-01T13:39:18Z,1.6071,0.2936,1.9646,30.0,1780.8,NORMAL,0,
4,2026-10-01T13:39:18Z,0.9986,0.2502,1.9549,30.0,1766.5,NORMAL,0,
5,2026-10-01T13:39:18Z,3.6543,0.0351,1.5804,60.0,3593.9,NORMAL,1,DESBALANCEAMENTO
6,2026-10-01T13:39:18Z,0.0064,0.0362,3.0371,254.0,3573.8,ATENCAO,1,SENSOR_TRAVADO
1,2026-10-01T13:40:18Z,1.5443,0.174,1.9569,30.0,1787.0,NORMAL,0,
2,2026-10-01T13:40:18Z,1.7733,0.265,1.9387,30.0,1775.9,NORMAL,0,
3,2026-10-01T13:40:18Z,1.6091,-0.2424,1.9681,30.0,1784.1,NORMAL,0,
4,2026-10-01T13:40:18Z,1.0371,0.2942,1.9522,30.0,1771.7,NORMAL,0,
5,2026-10-01T13:40:18Z,3.4692,-0.0041,1.5759,60.0,3542.7,NORMAL,1,DESBALANCEAMENTO
6,2026-10-01T13:40:18Z,1.0404,-0.2818,1.9259,60.0,3592.1,NORMAL,0,
1,2026-10-01T13:41:18Z,1.6141,0.2199,1.9263,30.0,1762.8,NORMAL,0,
2,2026-10-01T13:41:18Z,1.7915,-0.0088,1.866,30.0,1788.0,NORMAL,0,
3,2026-10-01T13:41:18Z,1.554,0.1916,1.9483,30.0,1784.0,NORMAL,0,
4,2026-10-01T13:41:18Z,1.0548,0.2525,1.8392,30.0,1771.6,NORMAL,0,
5,2026-10-01T13:41:18Z,4.2464,-0.1079,1.5414,60.0,3550.7,NORMAL,1,DESBALANCEAMENTO
6,2026-10-01T13:41:18Z,1.0653,0.2478,1.8817,60.0,3557.7,NORMAL,0,
1,2026-10-01T13:42:18Z,1.5039,0.348,2.0139,30.0,1783.8,NORMAL,0,
2,2026-10-01T13:42:18Z,1.6382,0.3093,2.014,30.0,1788.3,NORMAL,0,
3,2026-10-01T13:42:18Z,1.5387,-0.2903,1.9171,30.0,1771.1,NORMAL,0,
4,2026-10-01T13:42:18Z,1.0259,0.215,1.9113,30.0,1774.0,NORMAL,0,
5,2026-10-01T13:42:18Z,4.8503,0.0776,1.5456,60.0,3546.1,ATENCAO,1,DESBALANCEAMENTO
6,2026-10-01T13:42:18Z,1.0602,0.2735,1.9133,60.0,3571.0,NORMAL,0,
1,2026-10-01T13:43:18Z,1.5493,-0.1159,1.9201,30.0,1775.9,NORMAL,0,
2,2026-10-01T13:43:18Z,1.7966,0.3623,1.8611,30.0,1783.6,NORMAL,0,
3,2026-10-01T13:43:18Z,1.5894,0.183,2.0243,30.0,1790.8,NORMAL,0,
4,2026-10-01T13:43:18Z,1.0092,0.0628,1.9882,30.0,1773.1,NORMAL,0,
5,2026-10-01T13:43:18Z,5.2605,0.0142,1.5434,60.0,3572.5,ATENCAO,1,DESBALANCEAMENTO
6,2026-10-01T13:43:18Z,1.1138,0.0835,1.9441,60.0,3572.2,NORMAL,0,
1,2026-10-01T13:44:18Z,1.6103,-0.0349,1.9249,30.0,1788.9,NORMAL,0,
2,2026-10-01T13:44:18Z,1.7505,0.1104,1.9192,30.0,1788.0,NORMAL,0,
3,2026-10-01T13:44:18Z,1.5819,0.312,1.8507,30.0,1783.9,NORMAL,0,
4,2026-10-01T13:44:18Z,1.0975,0.3462,1.8897,30.0,1772.1,NORMAL,0,
5,2026-10-01T13:44:18Z,5.5766,0.0297,1.5364,60.0,3556.4,ATENCAO,1,DESBALANCEAMENTO
6,2026-10-01T13:44:18Z,1.0667,0.2374,1.9751,60.0,3581.5,NORMAL,0,
1,2026-10-01T13:45:18Z,1.5793,0.1294,1.894,30.0,1784.6,NORMAL,0,
2,2026-10-01T13:45:18Z,1.6377,-0.0405,1.9329,30.0,1797.5,NORMAL,0,
3,2026-10-01T13:45:18Z,1.6052,0.1826,1.9468,30.0,1788.5,NORMAL,0,
4,2026-10-01T13:45:18Z,1.0777,0.0701,1.8894,30.0,1795.1,NORMAL,0,
5,2026-10-01T13:45:18Z,5.6215,0.0718,1.5149,60.0,3558.8,ATENCAO,1,DESBALANCEAMENTO
6,2026-10-01T13:45:18Z,1.0754,0.1702,1.9946,60.0,3568.5,NORMAL,0,
1,2026-10-01T13:46:18Z,1.5601,-0.3137,1.9038,30.0,1787.7,NORMAL,0,
2,2026-10-01T13:46:18Z,1.8455,0.3543,1.9637,30.0,1781.0,NORMAL,0,
3,2026-10-01T13:46:18Z,1.7256,-0.1724,1.937,30.0,1785.2,NORMAL,0,
4,2026-10-01T13:46:18Z,0.9843,-0.1163,1.9236,30.0,1775.3,NORMAL,0,
5,2026-10-01T13:46:18Z,1.4509,0.3517,1.9624,60.0,3587.8,NORMAL,0,
6,2026-10-01T13:46:18Z,1.1088,-0.2965,1.8959,60.0,3547.9,NORMAL,0,
1,2026-10-01T13:47:18Z,1.5895,0.1821,1.9459,30.0,1770.6,NORMAL,0,
2,2026-10-01T13:47:18Z,1.6692,0.2393,1.9229,30.0,1775.0,NORMAL,0,
3,2026-10-01T13:47:18Z,1.626,-0.1708,1.9199,30.0,1788.5,NORMAL,0,
4,2026-10-01T13:47:18Z,1.0133,0.081,1.9787,30.0,1790.2,NORMAL,0,
5,2026-10-01T13:47:18Z,1.4001,0.0685,2.016,60.0,3558.0,NORMAL,0,
6,2026-10-01T13:47:18Z,1.1366,-0.2923,1.9282,60.0,3569.8,NORMAL,0,
1,2026-10-01T13:48:18Z,1.5564,0.3266,1.986,30.0,1773.3,NORMAL,0,
2,2026-10-01T13:48:18Z,1.7059,-0.2486,1.8436,30.0,1773.4,NORMAL,0,
3,2026-10-01T13:48:18Z,1.5711,0.1007,1.9354,30.0,1783.4,NORMAL,0,
4,2026-10-01T13:48:18Z,1.0853,-0.2729,1.9004,30.0,1776.4,NORMAL,0,
5,2026-10-01T13:48:18Z,1.3391,-0.2675,1.9513,60.0,3561.4,NORMAL,0,
6,2026-10-01T13:48:18Z,1.1207,0.3186,1.9172,60.0,3568.5,NORMAL,0,
1,2026-10-01T13:49:18Z,1.5005,-0.1817,1.9514,30.0,1782.9,NORMAL,0,
2,2026-10-01T13:49:18Z,1.8287,0.2254,1.889,30.0,1774.6,NORMAL,0,
3,2026-10-01T13:49:18Z,1.554,-0.1573,1.992,30.0,1776.4,NORMAL,0,
4,2026-10-01T13:49:18Z,1.0621,0.0036,1.9048,30.0,1780.9,NORMAL,0,
5,2026-10-01T13:49:18Z,1.4189,0.0241,1.9434,60.0,3545.8,NORMAL,0,
6,2026-10-01T13:49:18Z,1.085,0.2691,1.9473,60.0,3562.3,NORMAL,0,
1,2026-10-01T13:50:18Z,1.6129,0.3128,1.9689,30.0,1769.8,NORMAL,0,
2,2026-10-01T13:50:18Z,1.6878,0.3354,1.9071,30.0,1777.5,NORMAL,0,
3,2026-10-01T13:50:18Z,1.554,-0.235,1.9318,30.0,1771.6,NORMAL,0,
4,2026-10-01T13:50:18Z,0.9959,0.2873,1.9001,30.0,1775.9,NORMAL,0,
5,2026-10-01T13:50:18Z,1.3636,-0.2402,1.9879,60.0,3565.5,NORMAL,0,
6,2026-10-01T13:50:18Z,1.0865,-0.1877,1.9419,60.0,3569.4,NORMAL,0,
1,2026-10-01T13:51:18Z,1.6519,-0.0775,1.8132,30.0,1777.6,NORMAL,0,
2,2026-10-01T13:51:18Z,1.704,-0.2636,1.9039,30.0,1792.7,NORMAL,0,
3,2026-10-01T13:51:18Z,1.716,0.1693,1.9298,30.0,1774.0,NORMAL,0,
4,2026-10-01T13:51:18Z,1.0086,0.3228,1.9854,30.0,1770.8,NORMAL,0,
5,2026-10-01T13:51:18Z,1.4156,-0.0512,1.9222,60.0,3561.9,NORMAL,0,
6,2026-10-01T13:51:18Z,1.0907,0.3236,1.9106,60.0,3546.4,NORMAL,0,
1,2026-10-01T13:52:18Z,1.5644,0.317,1.9118,30.0,1767.7,NORMAL,0,
2,2026-10-01T13:52:18Z,1.6733,0.2438,1.9382,30.0,1786.4,NORMAL,0,
3,2026-10-01T13:52:18Z,1.5743,-0.1465,1.9863,30.0,1774.3,NORMAL,0,
4,2026-10-01T13:52:18Z,1.0143,0.1745,1.9491,30.0,1774.5,NORMAL,0,
5,2026-10-01T13:52:18Z,1.4122,0.3423,1.9909,58.0,3534.8,NORMAL,0,
6,2026-10-01T13:52:18Z,1.1083,0.1381,1.9617,60.0,3546.3,NORMAL,0,
1,2026-10-01T13:53:18Z,1.5717,0.0498,1.9376,30.0,1780.5,NORMAL,0,
2,2026-10-01T13:53:18Z,1.6974,0.0409,1.9394,30.0,1787.5,NORMAL,0,
3,2026-10-01T13:53:18Z,1.5052,0.31,1.9164,30.0,1776.2,NORMAL,0,
4,2026-10-01T13:53:18Z,1.0615,0.1386,1.9569,30.0,1773.9,NORMAL,0,
5,2026-10-01T13:53:18Z,1.4581,0.2049,1.9066,60.0,3585.2,NORMAL,0,
6,2026-10-01T13:53:18Z,1.0946,0.0135,1.9833,60.0,3554.7,NORMAL,0,
1,2026-10-01T13:54:18Z,1.5981,0.1794,1.9309,30.0,1787.6,NORMAL,0,
2,2026-10-01T13:54:18Z,1.7077,0.2453,1.8556,30.0,1776.1,NORMAL,0,
3,2026-10-01T13:54:18Z,1.6274,0.0632,1.8734,30.0,1780.8,NORMAL,0,
4,2026-10-01T13:54:18Z,1.0322,0.3498,1.9132,30.0,1785.2,NORMAL,0,
5,2026-10-01T13:54:18Z,1.4853,0.3067,1.9265,60.0,3580.2,NORMAL,0,
6,2026-10-01T13:54:18Z,1.0733,0.014,1.9155,60.0,3571.3,NORMAL,0,
1,2026-10-01T13:55:18Z,1.6009,0.2414,1.9774,30.0,1775.5,NORMAL,0,
2,2026-10-01T13:55:18Z,1.629,0.2528,1.8602,30.0,1786.0,NORMAL,0,
3,2026-10-01T13:55:18Z,1.553,-0.1279,1.9104,30.0,1773.8,NORMAL,0,
4,2026-10-01T13:55:18Z,1.0221,0.2302,2.0231,30.0,1780.5,NORMAL,0,
5,2026-10-01T13:55:18Z,1.4151,0.3493,1.9396,60.0,3579.3,NORMAL,0,
6,2026-10-01T13:55:18Z,1.1144,-0.0689,1.882,60.0,3591.9,NORMAL,0,
1,2026-10-01T13:56:18Z,1.5485,-0.0842,1.899,30.0,1783.2,NORMAL,0,
2,2026-10-01T13:56:18Z,1.6834,0.1763,1.9329,30.0,1769.4,NORMAL,0,
3,2026-10-01T13:56:18Z,1.6063,0.1749,1.9014,30.0,1778.8,NORMAL,0,
4,2026-10-01T13:56:18Z,1.0602,0.0166,1.8779,30.0,1769.5,NORMAL,0,
5,2026-10-01T13:56:18Z,1.4805,-0.0362,1.8449,60.0,3586.2,NORMAL,0,
6,2026-10-01T13:56:18Z,1.1297,0.0779,1.8607,58.0,3530.4,NORMAL,0,
1,2026-10-01T13:57:18Z,1.6093,-0.3328,1.9059,30.0,1789.6,NORMAL,0,
2,2026-10-01T13:57:18Z,1.701,0.3184,1.9337,30.0,1793.5,NORMAL,0,
3,2026-10-01T13:57:18Z,1.605,0.2874,1.9452,30.0,1771.2,NORMAL,0,
4,2026-10-01T13:57:18Z,1.0214,-0.1242,1.8711,30.0,1781.6,NORMAL,0,
5,2026-10-01T13:57:18Z,1.3458,0.2626,1.9638,60.0,3547.2,NORMAL,0,
6,2026-10-01T13:57:18Z,1.0771,-0.2999,1.9361,60.0,3563.5,NORMAL,0,
1,2026-10-01T13:58:18Z,1.5178,0.3202,1.9093,30.0,1774.8,NORMAL,0,
2,2026-10-01T13:58:18Z,1.737,0.2979,1.9862,30.0,1784.1,NORMAL,0,
3,2026-10-01T13:58:18Z,1.5401,0.0256,1.9749,30.0,1767.0,NORMAL,0,
4,2026-10-01T13:58:18Z,1.0384,0.206,1.9669,30.0,1788.4,NORMAL,0,
5,2026-10-01T13:58:18Z,1.4065,0.2907,1.9186,60.0,3571.4,NORMAL,0,
6,2026-10-01T13:58:18Z,1.1414,-0.0224,1.9087,60.0,3553.5,NORMAL,0,
1,2026-10-01T13:59:18Z,1.564,0.3265,1.9215,30.0,1779.2,NORMAL,0,
2,2026-10-01T13:59:18Z,1.6591,0.0456,1.9182,30.0,1778.2,NORMAL,0,
3,2026-10-01T13:59:18Z,1.6032,0.3307,1.903,30.0,1769.8,NORMAL,0,
4,2026-10-01T13:59:18Z,1.0351,-0.3352,1.9615,30.0,1778.5,NORMAL,0,
5,2026-10-01T13:59:18Z,1.4144,-0.2024,1.9883,60.0,3562.3,NORMAL,0,
6,2026-10-01T13:59:18Z,1.0831,0.2747,1.9179,60.0,3548.9,NORMAL,0,
1,2026-10-01T14:00:18Z,1.5641,0.2986,1.9133,30.0,1779.0,NORMAL,0,
2,2026-10-01T14:00:18Z,1.7613,0.2376,1.9066,30.0,1767.6,NORMAL,0,
3,2026-10-01T14:00:18Z,1.6716,0.1951,1.891,30.0,1776.8,NORMAL,0,
4,2026-10-01T14:00:18Z,0.9964,-0.224,1.9173,30.0,1782.6,NORMAL,0,
5,2026-10-01T14:00:18Z,1.4768,-0.078,1.9797,60.0,3545.6,NORMAL,0,
6,2026-10-01T14:00:18Z,1.0412,0.1019,2.04,60.0,3566.5,NORMAL,0,
1,2026-10-01T14:01:18Z,1.6009,0.3006,1.9224,30.0,1782.5,NORMAL,0,
2,2026-10-01T14:01:18Z,1.8016,-0.2873,1.9179,30.0,1783.4,NORMAL,0,
3,2026-10-01T14:01:18Z,1.622,0.3104,1.9353,30.0,1782.8,NORMAL,0,
4,2026-10-01T14:01:18Z,0.9612,0.0414,2.0183,30.0,1782.9,NORMAL,0,
5,2026-10-01T14:01:18Z,1.3553,-0.1599,1.9589,60.0,3557.5,NORMAL,0,
6,2026-10-01T14:01:18Z,1.0949,-0.3305,1.9034,60.0,3570.0,NORMAL,0,
1,2026-10-01T14:02:18Z,1.5682,-0.3346,1.888,30.0,1781.0,NORMAL,0,
2,2026-10-01T14:02:18Z,1.7222,0.2896,1.9674,30.0,1793.5,NORMAL,0,
3,2026-10-01T14:02:18Z,1.607,-0.1506,1.9379,30.0,1783.6,NORMAL,0,
4,2026-10-01T14:02:18Z,1.0353,-0.2553,1.9101,30.0,1796.8,NORMAL,0,
5,2026-10-01T14:02:18Z,1.4319,0.3047,1.8823,60.0,3553.6,NORMAL,0,
6,2026-10-01T14:02:18Z,1.0787,0.3388,1.9743,60.0,3565.9,NORMAL,0,
1,2026-10-01T14:03:18Z,1.527,0.2954,1.9712,30.0,1788.0,NORMAL,0,
2,2026-10-01T14:03:18Z,1.7569,-0.1765,1.9335,30.0,1774.7,NORMAL,0,
3,2026-10-01T14:03:18Z,1.6405,-0.1733,1.865,30.0,1788.6,NORMAL,0,
4,2026-10-01T14:03:18Z,1.0017,0.1946,1.9898,30.0,1780.6,NORMAL,0,
5,2026-10-01T14:03:18Z,1.4295,-0.1985,1.9876,60.0,3553.1,NORMAL,0,
6,2026-10-01T14:03:18Z,1.1074,0.2567,1.9419,60.0,3580.2,NORMAL,0,
1,2026-10-01T14:04:18Z,1.5595,-0.2628,1.8825,30.0,1772.0,NORMAL,0,
2,2026-10-01T14:04:18Z,1.6996,0.051,1.8867,30.0,1780.8,NORMAL,0,
3,2026-10-01T14:04:18Z,1.6219,0.2815,1.9589,30.0,1774.1,NORMAL,0,
4,2026-10-01T14:04:18Z,1.0616,-0.2476,1.9272,30.0,1767.9,NORMAL,0,
5,2026-10-01T14:04:18Z,1.462,0.2775,1.9253,60.0,3556.4,NORMAL,0,
6,2026-10-01T14:04:18Z,1.1217,-0.3185,1.9863,60.0,3574.5,NORMAL,0,
1,2026-10-01T14:05:18Z,1.5927,0.1917,1.9404,30.0,1768.6,NORMAL,0,
2,2026-10-01T14:05:18Z,1.7968,-0.1964,1.8964,30.0,1786.9,NORMAL,0,
3,2026-10-01T14:05:18Z,1.4613,0.2902,1.9702,30.0,1787.0,NORMAL,0,
4,2026-10-01T14:05:18Z,1.0284,-0.161,1.8574,30.0,1777.8,NORMAL,0,
5,2026-10-01T14:05:18Z,1.3942,0.1313,1.9333,60.0,3568.0,NORMAL,0,
6,2026-10-01T14:05:18Z,1.1251,-0.2612,1.8865,60.0,3543.3,NORMAL,0,
1,2026-10-01T14:06:18Z,1.5718,-0.0027,1.8722,30.0,1778.9,NORMAL,0,
2,2026-10-01T14:06:18Z,1.6379,-0.2214,1.9392,30.0,1765.6,NORMAL,0,
3,2026-10-01T14:06:18Z,1.6249,-0.2024,1.9784,30.0,1783.9,NORMAL,0,
4,2026-10-01T14:06:18Z,0.9656,0.2301,1.9212,30.0,1784.5,NORMAL,0,
5,2026-10-01T14:06:18Z,1.415,0.3171,1.947,60.0,3560.4,NORMAL,0,
6,2026-10-01T14:06:18Z,1.1242,-0.0568,1.9533,60.0,3568.8,NORMAL,0,
1,2026-10-01T14:07:18Z,1.5676,-0.0193,1.9121,30.0,1768.1,NORMAL,0,
2,2026-10-01T14:07:18Z,3.0336,0.3866,2.3184,30.0,1771.1,NORMAL,1,DESALINHAMENTO
3,2026-10-01T14:07:18Z,1.5827,0.1874,1.8881,30.0,1785.0,NORMAL,0,
4,2026-10-01T14:07:18Z,1.0254,0.3067,1.9176,30.0,1787.7,NORMAL,0,
5,2026-10-01T14:07:18Z,1.419,0.3044,1.8984,60.0,3568.1,NORMAL,0,
6,2026-10-01T14:07:18Z,1.0913,0.2996,1.9613,60.0,3556.8,NORMAL,0,
1,2026-10-01T14:08:18Z,1.5615,0.238,1.9276,30.0,1779.5,NORMAL,0,
2,2026-10-01T14:08:18Z,3.3621,0.4117,2.2446,30.0,1775.9,NORMAL,1,DESALINHAMENTO
3,2026-10-01T14:08:18Z,1.5873,0.3233,1.9513,30.0,1783.2,NORMAL,0,
4,2026-10-01T14:08:18Z,1.0447,0.0205,1.9004,30.0,1782.6,NORMAL,0,
5,2026-10-01T14:08:18Z,1.3957,0.2837,1.8737,60.0,3553.2,NORMAL,0,
6,2026-10-01T14:08:18Z,1.0912,0.1459,1.9205,60.0,3584.0,NORMAL,0,
1,2026-10-01T14:09:18Z,1.5701,0.2764,1.9291,30.0,1790.8,NORMAL,0,
2,2026-10-01T14:09:18Z,3.4364,0.5304,2.2482,30.0,1780.8,NORMAL,1,DESALINHAMENTO
3,2026-10-01T14:09:18Z,1.6183,-0.0209,1.9211,30.0,1766.9,NORMAL,0,
4,2026-10-01T14:09:18Z,1.055,0.2929,1.9051,30.0,1777.8,NORMAL,0,
5,2026-10-01T14:09:18Z,1.4633,0.2969,1.9505,58.0,3529.8,NORMAL,0,
6,2026-10-01T14:09:18Z,1.0704,-0.2608,1.9265,60.0,3551.8,NORMAL,0,
1,2026-10-01T14:10:18Z,1.5616,0.1735,1.9198,30.0,1782.1,NORMAL,0,
2,2026-10-01T14:10:18Z,3.5944,0.4478,2.248,60.0,1793.7,NORMAL,1,DESALINHAMENTO
3,2026-10-01T14:10:18Z,1.6634,-0.208,1.8969,30.0,1776.5,NORMAL,0,
4,2026-10-01T14:10:18Z,1.0212,-0.2519,1.9679,30.0,1769.2,NORMAL,0,
5,2026-10-01T14:10:18Z,1.5094,0.058,1.8921,60.0,3562.9,NORMAL,0,
6,2026-10-01T14:10:18Z,1.0505,0.2736,1.9152,60.0,3542.4,NORMAL,0,
1,2026-10-01T14:11:18Z,1.5176,-0.2652,1.8869,30.0,1790.9,NORMAL,0,
2,2026-10-01T14:11:18Z,4.0293,-0.5922,2.2069,30.0,1766.7,NORMAL,1,DESALINHAMENTO
3,2026-10-01T14:11:18Z,1.5815,0.1545,1.9624,30.0,1775.8,NORMAL,0,
4,2026-10-01T14:11:18Z,0.9707,0.1621,1.9577,30.0,1776.7,NORMAL,0,
5,2026-10-01T14:11:18Z,1.4291,0.128,1.9222,60.0,3563.7,NORMAL,0,
6,2026-10-01T14:11:18Z,1.0747,-0.025,1.8765,60.0,3570.6,NORMAL,0,
1,2026-10-01T14:12:18Z,1.5263,0.1212,1.9292,30.0,1778.9,NORMAL,0,
2,2026-10-01T14:12:18Z,4.1694,-0.2099,2.2203,30.0,1777.9,NORMAL,1,DESALINHAMENTO
3,2026-10-01T14:12:18Z,1.5624,0.2925,1.9529,30.0,1781.1,NORMAL,0,
4,2026-10-01T14:12:18Z,1.0959,0.1804,1.9276,30.0,1777.4,NORMAL,0,
5,2026-10-01T14:12:18Z,1.3838,-0.3113,1.9449,60.0,3564.3,NORMAL,0,
6,2026-10-01T14:12:18Z,1.0407,0.2798,1.9025,60.0,3549.3,NORMAL,0,
1,2026-10-01T14:13:18Z,1.556,0.2936,1.9128,30.0,1773.1,NORMAL,0,
2,2026-10-01T14:13:18Z,4.1717,-0.1919,2.1888,60.0,1778.2,NORMAL,1,DESALINHAMENTO
3,2026-10-01T14:13:18Z,1.6327,0.0727,1.9215,30.0,1772.7,NORMAL,0,
4,2026-10-01T14:13:18Z,1.0141,0.3087,1.9321,30.0,1765.5,NORMAL,0,
5,2026-10-01T14:13:18Z,1.4791,0.319,1.9048,58.0,3537.8,NORMAL,0,
6,2026-10-01T14:13:18Z,1.1303,-0.0593,1.9448,60.0,3561.8,NORMAL,0,
1,2026-10-01T14:14:18Z,1.5498,-0.3429,1.964,30.0,1783.7,NORMAL,0,
2,2026-10-01T14:14:18Z,4.5778,0.3645,2.2167,60.0,1775.7,ATENCAO,1,DESALINHAMENTO
3,2026-10-01T14:14:18Z,1.5729,0.0798,1.9596,30.0,1762.3,NORMAL,0,
4,2026-10-01T14:14:18Z,1.8436,-0.4508,2.2865,30.0,1776.7,NORMAL,1,DESALINHAMENTO
5,2026-10-01T14:14:18Z,1.4725,0.0324,1.8676,60.0,3564.0,NORMAL,0,
6,2026-10-01T14:14:18Z,1.1006,0.1448,1.9542,58.0,3532.1,NORMAL,0,
1,2026-10-01T14:15:18Z,1.5111,0.1386,1.9559,30.0,1774.0,NORMAL,0,
2,2026-10-01T14:15:18Z,4.9207,0.5575,2.1922,30.0,1770.1,ATENCAO,1,DESALINHAMENTO
3,2026-10-01T14:15:18Z,1.5574,0.2093,1.966,30.0,1779.2,NORMAL,0,
4,2026-10-01T14:15:18Z,2.0119,-0.4534,2.289,30.0,1768.1,NORMAL,1,DESALINHAMENTO
5,2026-10-01T14:15:18Z,1.389,0.1044,1.9335,60.0,3549.0,NORMAL,0,
6,2026-10-01T14:15:18Z,1.1224,0.0925,1.9735,60.0,3564.5,NORMAL,0,
1,2026-10-01T14:16:18Z,1.5558,-0.2591,1.9216,30.0,1783.3,NORMAL,0,
2,2026-10-01T14:16:18Z,5.0947,-0.5603,2.1906,60.0,1789.0,ATENCAO,1,DESALINHAMENTO
3,2026-10-01T14:16:18Z,1.6661,-0.1266,1.9289,30.0,1770.6,NORMAL,0,
4,2026-10-01T14:16:18Z,2.2511,0.6331,2.2755,30.0,1770.0,NORMAL,1,DESALINHAMENTO
5,2026-10-01T14:16:18Z,1.3576,0.3279,1.9621,60.0,3570.0,NORMAL,0,
6,2026-10-01T14:16:18Z,1.0902,-0.2559,1.9569,60.0,3589.2,NORMAL,0,
1,2026-10-01T14:17:18Z,1.5517,0.06,1.9167,30.0,1788.5,NORMAL,0,
2,2026-10-01T14:17:18Z,5.3553,0.1231,2.1748,60.0,1783.0,ATENCAO,1,DESALINHAMENTO
3,2026-10-01T14:17:18Z,1.6219,0.2722,1.9255,30.0,1778.0,NORMAL,0,
4,2026-10-01T14:17:18Z,2.3867,0.4914,2.2543,30.0,1775.3,NORMAL,1,DESALINHAMENTO
5,2026-10-01T14:17:18Z,1.4155,-0.0422,1.899,58.0,3536.1,NORMAL,0,
6,2026-10-01T14:17:18Z,1.0923,0.2654,1.9581,60.0,3567.0,NORMAL,0,
1,2026-10-01T14:18:18Z,1.5001,0.2131,2.0192,30.0,1783.3,NORMAL,0,
2,2026-10-01T14:18:18Z,5.379,-0.2521,2.1542,60.0,1777.7,ATENCAO,1,DESALINHAMENTO
3,2026-10-01T14:18:18Z,1.6714,-0.2171,1.8945,30.0,1787.1,NORMAL,0,
4,2026-10-01T14:18:18Z,2.4152,0.5633,2.1966,58.0,1759.5,NORMAL,1,DESALINHAMENTO
5,2026-10-01T14:18:18Z,1.4255,-0.2612,1.8907,60.0,3568.0,NORMAL,0,
6,2026-10-01T14:18:18Z,1.1528,0.1864,1.9227,60.0,3544.5,NORMAL,0,
1,2026-10-01T14:19:18Z,1.5943,0.0286,1.8895,30.0,1771.8,NORMAL,0,
2,2026-10-01T14:19:18Z,5.7942,0.5016,2.1576,60.0,1781.3,ATENCAO,1,DESALINHAMENTO
3,2026-10-01T14:19:18Z,1.5515,-0.2472,1.9544,30.0,1778.1,NORMAL,0,
4,2026-10-01T14:19:18Z,2.6652,-0.0617,2.2529,60.0,1791.9,NORMAL,1,DESALINHAMENTO
5,2026-10-01T14:19:18Z,1.3358,-0.3059,1.9582,60.0,3554.3,NORMAL,0,
6,2026-10-01T14:19:18Z,1.1204,0.0697,1.9368,60.0,3572.6,NORMAL,0,
1,2026-10-01T14:20:18Z,1.5764,0.224,1.9023,30.0,1775.2,NORMAL,0,
2,2026-10-01T14:20:18Z,1.7115,0.0821,1.9351,30.0,1776.4,NORMAL,0,
3,2026-10-01T14:20:18Z,1.654,0.2554,1.9358,30.0,1773.1,NORMAL,0,
4,2026-10-01T14:20:18Z,2.8751,-0.2451,2.2,60.0,1788.9,NORMAL,1,DESALINHAMENTO
5,2026-10-01T14:20:18Z,1.4368,-0.253,2.0123,60.0,3570.6,NORMAL,0,
6,2026-10-01T14:20:18Z,1.1016,-0.3646,1.9517,60.0,3559.6,NORMAL,0,
1,2026-10-01T14:21:18Z,1.5382,0.0762,1.9964,30.0,1781.6,NORMAL,0,
2,2026-10-01T14:21:18Z,1.7605,0.0903,1.8905,30.0,1781.9,NORMAL,0,
3,2026-10-01T14:21:18Z,1.607,0.3312,1.8998,30.0,1779.5,NORMAL,0,
4,2026-10-01T14:21:18Z,3.0627,0.5206,2.2063,60.0,1789.9,NORMAL,1,DESALINHAMENTO
5,2026-10-01T14:21:18Z,1.4257,0.0304,1.9598,60.0,3557.8,NORMAL,0,
6,2026-10-01T14:21:18Z,1.1064,0.2605,1.9039,60.0,3573.3,NORMAL,0,
1,2026-10-01T14:22:18Z,1.6467,0.3031,1.9054,30.0,1778.2,NORMAL,0,
2,2026-10-01T14:22:18Z,1.6432,0.2812,1.9421,30.0,1786.6,NORMAL,0,
3,2026-10-01T14:22:18Z,1.6287,0.1267,1.8778,30.0,1782.4,NORMAL,0,
4,2026-10-01T14:22:18Z,3.1636,0.3213,2.1539,60.0,1772.3,NORMAL,1,DESALINHAMENTO
5,2026-10-01T14:22:18Z,1.3666,-0.1961,2.0394,60.0,3579.8,NORMAL,0,
6,2026-10-01T14:22:18Z,1.1054,0.1594,1.9579,60.0,3573.9,NORMAL,0,
1,2026-10-01T14:23:18Z,1.6388,-0.2384,1.8805,30.0,1782.4,NORMAL,0,
2,2026-10-01T14:23:18Z,1.6563,0.2242,1.9895,30.0,1779.8,NORMAL,0,
3,2026-10-01T14:23:18Z,1.5636,0.2891,1.963,30.0,1771.8,NORMAL,0,
4,2026-10-01T14:23:18Z,3.4502,0.5295,2.1335,58.0,1770.7,NORMAL,1,DESALINHAMENTO
5,2026-10-01T14:23:18Z,1.4257,-0.2097,1.8506,60.0,3570.2,NORMAL,0,
6,2026-10-01T14:23:18Z,1.0387,0.1221,1.9343,60.0,3564.5,NORMAL,0,
1,2026-10-01T14:24:18Z,1.5888,0.0921,1.9447,30.0,1770.9,NORMAL,0,
2,2026-10-01T14:24:18Z,1.6942,0.3297,1.9646,30.0,1786.4,NORMAL,0,
3,2026-10-01T14:24:18Z,1.5899,0.1323,1.9233,30.0,1770.1,NORMAL,0,
4,2026-10-01T14:24:18Z,1.0433,0.2369,1.9615,30.0,1788.6,NORMAL,0,
5,2026-10-01T14:24:18Z,1.4049,0.2914,1.9172,60.0,3547.4,NORMAL,0,
6,2026-10-01T14:24:18Z,1.091,-0.2756,1.8821,60.0,3566.4,NORMAL,0,
1,2026-10-01T14:25:18Z,1.5566,-0.2449,1.936,30.0,1765.4,NORMAL,0,
2,2026-10-01T14:25:18Z,1.7482,-0.2962,1.8719,30.0,1769.7,NORMAL,0,
3,2026-10-01T14:25:18Z,1.6248,0.074,1.9606,30.0,1781.2,NORMAL,0,
4,2026-10-01T14:25:18Z,1.0946,-0.3215,1.8543,30.0,1767.1,NORMAL,0,
5,2026-10-01T14:25:18Z,1.3386,-0.2872,1.937,60.0,3588.8,NORMAL,0,
6,2026-10-01T14:25:18Z,1.0474,0.2302,1.9105,60.0,3558.5,NORMAL,0,
1,2026-10-01T14:26:18Z,1.5458,0.3163,1.9947,30.0,1786.8,NORMAL,0,
2,2026-10-01T14:26:18Z,1.7159,0.1497,1.961,30.0,1777.0,NORMAL,0,
3,2026-10-01T14:26:18Z,1.6552,0.333,1.9516,30.0,1776.2,NORMAL,0,
4,2026-10-01T14:26:18Z,1.0234,-0.3177,1.8759,30.0,1775.1,NORMAL,0,
5,2026-10-01T14:26:18Z,1.408,0.3375,1.9382,60.0,3550.9,NORMAL,0,
6,2026-10-01T14:26:18Z,1.1196,-0.156,1.9379,58.0,3535.2,NORMAL,0,
1,2026-10-01T14:27:18Z,1.5761,-0.1525,1.9212,30.0,1779.5,NORMAL,0,
2,2026-10-01T14:27:18Z,1.6517,-0.294,1.9666,30.0,1773.7,NORMAL,0,
3,2026-10-01T14:27:18Z,1.5954,-0.1113,1.8903,30.0,1780.8,NORMAL,0,
4,2026-10-01T14:27:18Z,1.0375,0.068,1.9339,30.0,1782.0,NORMAL,0,
5,2026-10-01T14:27:18Z,1.4379,-0.2594,1.8951,60.0,3553.7,NORMAL,0,
6,2026-10-01T14:27:18Z,1.1188,0.2939,1.9333,60.0,3559.2,NORMAL,0,
1,2026-10-01T14:28:18Z,1.5168,0.2573,1.9652,30.0,1781.0,NORMAL,0,
2,2026-10-01T14:28:18Z,1.7836,0.3184,1.958,30.0,1794.4,NORMAL,0,
3,2026-10-01T14:28:18Z,1.5039,-0.2736,1.8557,30.0,1776.0,NORMAL,0,
4,2026-10-01T14:28:18Z,1.0183,-0.0002,1.9951,30.0,1780.9,NORMAL,0,
5,2026-10-01T14:28:18Z,1.4474,-0.0089,1.9762,60.0,3561.5,NORMAL,0,
6,2026-10-01T14:28:18Z,1.072,0.2146,1.9278,60.0,3561.6,NORMAL,0,
1,2026-10-01T14:29:18Z,1.5167,-0.0973,1.9876,30.0,1783.8,NORMAL,0,
2,2026-10-01T14:29:18Z,1.7047,-0.0086,1.985,30.0,1785.6,NORMAL,0,
3,2026-10-01T14:29:18Z,1.5917,0.154,1.8853,30.0,1786.6,NORMAL,0,
4,2026-10-01T14:29:18Z,1.0104,0.0426,1.9362,30.0,1786.8,NORMAL,0,
5,2026-10-01T14:29:18Z,1.4233,0.0555,1.9072,58.0,3540.5,NORMAL,0,
6,2026-10-01T14:29:18Z,1.0527,0.2803,1.9145,60.0,3595.7,NORMAL,0,
1,2026-10-01T14:30:18Z,1.5282,0.1926,1.9068,30.0,1776.8,NORMAL,0,
2,2026-10-01T14:30:18Z,1.8233,0.0593,1.8784,30.0,1801.4,NORMAL,0,
3,2026-10-01T14:30:18Z,1.6091,0.2313,2.0089,30.0,1787.9,NORMAL,0,
4,2026-10-01T14:30:18Z,0.9892,0.2385,1.9647,30.0,1787.0,NORMAL,0,
5,2026-10-01T14:30:18Z,1.3954,0.2945,1.9511,60.0,3566.7,NORMAL,0,
6,2026-10-01T14:30:18Z,1.0913,0.1701,1.9603,60.0,3556.1,NORMAL,0,
1,2026-10-01T14:31:18Z,1.5995,0.0738,1.9286,30.0,1793.6,NORMAL,0,
2,2026-10-01T14:31:18Z,1.6917,0.0614,1.8842,30.0,1778.8,NORMAL,0,
3,2026-10-01T14:31:18Z,1.6807,-0.2591,1.8915,30.0,1776.7,NORMAL,0,
4,2026-10-01T14:31:18Z,1.0113,0.3383,1.9721,30.0,1784.0,NORMAL,0,
5,2026-10-01T14:31:18Z,1.3374,0.2401,1.9734,60.0,3567.8,NORMAL,0,
6,2026-10-01T14:31:18Z,1.0875,-0.2636,1.8482,60.0,3556.8,NORMAL,0,
1,2026-10-01T14:32:18Z,1.5033,-0.1211,1.9622,30.0,1774.7,NORMAL,0,
2,2026-10-01T14:32:18Z,1.717,0.1523,1.9324,30.0,1788.7,NORMAL,0,
3,2026-10-01T14:32:18Z,1.6654,-0.2216,1.9419,30.0,1770.8,NORMAL,0,
4,2026-10-01T14:32:18Z,1.0167,0.05,1.9682,30.0,1773.7,NORMAL,0,
5,2026-10-01T14:32:18Z,1.4361,0.2515,1.915,60.0,3542.8,NORMAL,0,
6,2026-10-01T14:32:18Z,2.3742,0.1073,1.5941,60.0,3560.5,NORMAL,1,DESBALANCEAMENTO
1,2026-10-01T14:33:18Z,1.5887,0.1035,1.8563,30.0,1797.0,NORMAL,0,
2,2026-10-01T14:33:18Z,1.6426,0.3237,1.9258,30.0,1765.9,NORMAL,0,
3,2026-10-01T14:33:18Z,1.6847,0.2492,1.8826,30.0,1771.2,NORMAL,0,
4,2026-10-01T14:33:18Z,1.1111,0.2312,1.9559,30.0,1773.8,NORMAL,0,
5,2026-10-01T14:33:18Z,1.3954,-0.0028,1.9346,60.0,3557.3,NORMAL,0,
6,2026-10-01T14:33:18Z,2.7254,-0.1181,1.5718,60.0,3576.7,NORMAL,1,DESBALANCEAMENTO
1,2026-10-01T14:34:18Z,1.5713,0.0583,1.9331,30.0,1787.4,NORMAL,0,
2,2026-10-01T14:34:18Z,1.6818,-0.0335,1.9278,30.0,1777.2,NORMAL,0,
3,2026-10-01T14:34:18Z,1.6312,-0.2499,1.9913,30.0,1790.3,NORMAL,0,
4,2026-10-01T14:34:18Z,1.0025,0.1709,1.9559,30.0,1794.9,NORMAL,0,
5,2026-10-01T14:34:18Z,1.3994,-0.1738,1.9723,60.0,3576.1,NORMAL,0,
6,2026-10-01T14:34:18Z,3.0333,0.0599,1.5614,60.0,3586.3,NORMAL,1,DESBALANCEAMENTO
1,2026-10-01T14:35:18Z,1.6414,-0.2016,1.9019,30.0,1798.5,NORMAL,0,
2,2026-10-01T14:35:18Z,1.6136,-0.1853,1.9819,30.0,1771.1,NORMAL,0,
3,2026-10-01T14:35:18Z,1.5915,-0.029,1.9682,30.0,1774.2,NORMAL,0,
4,2026-10-01T14:35:18Z,1.0421,-0.058,1.8682,30.0,1781.0,NORMAL,0,
5,2026-10-01T14:35:18Z,1.3743,0.107,1.9166,60.0,3573.3,NORMAL,0,
6,2026-10-01T14:35:18Z,3.2892,-0.018,1.5503,60.0,3553.0,NORMAL,1,DESBALANCEAMENTO
1,2026-10-01T14:36:18Z,1.5595,0.2658,1.8699,30.0,1783.4,NORMAL,0,
2,2026-10-01T14:36:18Z,1.7814,-0.2811,1.8959,30.0,1768.5,NORMAL,0,
3,2026-10-01T14:36:18Z,1.8702,5.2896,93.3126,30.0,1774.4,CRITICO,1,PICO_ISOLADO
4,2026-10-01T14:36:18Z,1.0517,-0.2289,1.9017,30.0,1770.7,NORMAL,0,
5,2026-10-01T14:36:18Z,1.4439,0.0985,1.9003,60.0,3570.2,NORMAL,0,
6,2026-10-01T14:36:18Z,3.2258,0.0591,1.5404,58.0,3525.8,NORMAL,1,DESBALANCEAMENTO
1,2026-10-01T14:37:18Z,1.53,0.1514,1.9408,30.0,1785.1,NORMAL,0,
2,2026-10-01T14:37:18Z,1.675,-0.2975,1.9258,30.0,1792.0,NORMAL,0,
3,2026-10-01T14:37:18Z,1.5698,-0.2335,1.9122,30.0,1786.0,NORMAL,0,
4,2026-10-01T14:37:18Z,0.9978,-0.1532,1.9562,30.0,1774.5,NORMAL,0,
5,2026-10-01T14:37:18Z,1.4614,-0.2259,1.9465,58.0,3529.1,NORMAL,0,
6,2026-10-01T14:37:18Z,3.8059,0.0,1.5402,60.0,3551.6,NORMAL,1,DESBALANCEAMENTO
1,2026-10-01T14:38:18Z,1.5921,0.2899,1.8982,30.0,1792.3,NORMAL,0,
2,2026-10-01T14:38:18Z,1.8116,0.0356,1.9317,30.0,1781.0,NORMAL,0,
3,2026-10-01T14:38:18Z,1.5884,0.3208,1.9886,30.0,1790.0,NORMAL,0,
4,2026-10-01T14:38:18Z,1.055,-0.2993,1.8977,30.0,1780.7,NORMAL,0,
5,2026-10-01T14:38:18Z,1.3942,0.3384,1.9474,60.0,3544.8,NORMAL,0,
6,2026-10-01T14:38:18Z,4.2324,0.0856,1.5287,58.0,3538.0,NORMAL,1,DESBALANCEAMENTO
1,2026-10-01T14:39:18Z,1.6551,0.2118,1.8633,30.0,1779.4,NORMAL,0,
2,2026-10-01T14:39:18Z,1.7542,0.2264,1.9727,30.0,1775.9,NORMAL,0,
3,2026-10-01T14:39:18Z,1.6038,-0.3215,1.8267,30.0,1784.0,NORMAL,0,
4,2026-10-01T14:39:18Z,1.0191,0.3504,1.9655,30.0,1781.9,NORMAL,0,
5,2026-10-01T14:39:18Z,1.4201,-0.1355,1.9034,60.0,3566.4,NORMAL,0,
6,2026-10-01T14:39:18Z,4.4657,0.0041,1.5301,60.0,3558.1,NORMAL,1,DESBALANCEAMENTO
1,2026-10-01T14:40:18Z,1.4844,-0.1754,1.9925,30.0,1780.6,NORMAL,0,
2,2026-10-01T14:40:18Z,1.7107,0.327,2.0057,30.0,1787.0,NORMAL,0,
3,2026-10-01T14:40:18Z,1.6578,0.2479,1.9873,30.0,1784.0,NORMAL,0,
4,2026-10-01T14:40:18Z,1.0489,0.3213,1.9795,30.0,1789.8,NORMAL,0,
5,2026-10-01T14:40:18Z,1.3638,0.0838,1.9181,60.0,3566.4,NORMAL,0,
6,2026-10-01T14:40:18Z,1.1266,0.08,1.927,60.0,3561.0,NORMAL,0,
1,2026-10-01T14:41:18Z,1.6635,-0.2693,1.8942,30.0,1793.0,NORMAL,0,
2,2026-10-01T14:41:18Z,1.7934,0.1748,1.8738,30.0,1785.3,NORMAL,0,
3,2026-10-01T14:41:18Z,1.5502,0.2295,1.9211,30.0,1795.9,NORMAL,0,
4,2026-10-01T14:41:18Z,1.0531,0.0885,1.9566,30.0,1781.1,NORMAL,0,
5,2026-10-01T14:41:18Z,1.3661,0.2477,2.0076,60.0,3597.9,NORMAL,0,
6,2026-10-01T14:41:18Z,1.1209,0.2957,1.8776,60.0,3574.8,NORMAL,0,
1,2026-10-01T14:42:18Z,1.4696,0.2108,1.9457,30.0,1793.4,NORMAL,0,
2,2026-10-01T14:42:18Z,1.6817,0.1533,1.944,30.0,1765.9,NORMAL,0,
3,2026-10-01T14:42:18Z,1.6873,0.2659,1.9084,30.0,1782.4,NORMAL,0,
4,2026-10-01T14:42:18Z,1.005,0.2164,1.9984,30.0,1779.7,NORMAL,0,
5,2026-10-01T14:42:18Z,1.3915,0.2586,1.906,60.0,3544.9,NORMAL,0,
6,2026-10-01T14:42:18Z,1.0772,0.2755,1.9404,60.0,3588.9,NORMAL,0,
1,2026-10-01T14:43:18Z,1.4698,0.1756,1.9823,30.0,1773.4,NORMAL,0,
2,2026-10-01T14:43:18Z,1.6925,0.1583,1.9343,30.0,1775.6,NORMAL,0,
3,2026-10-01T14:43:18Z,1.6087,0.1242,1.9388,30.0,1781.0,NORMAL,0,
4,2026-10-01T14:43:18Z,0.9979,0.2597,1.9343,30.0,1765.7,NORMAL,0,
5,2026-10-01T14:43:18Z,1.4011,-0.1199,1.9562,60.0,3562.5,NORMAL,0,
6,2026-10-01T14:43:18Z,1.0857,0.0716,1.945,60.0,3581.0,NORMAL,0,
1,2026-10-01T14:44:18Z,1.5961,0.3243,1.9239,30.0,1783.0,NORMAL,0,
2,2026-10-01T14:44:18Z,1.7054,0.2636,1.8459,30.0,1778.8,NORMAL,0,
3,2026-10-01T14:44:18Z,1.5742,0.3168,1.9396,30.0,1773.2,NORMAL,0,
4,2026-10-01T14:44:18Z,1.05,0.1804,1.9348,30.0,1782.0,NORMAL,0,
5,2026-10-01T14:44:18Z,1.4432,-0.1202,1.8834,60.0,3549.4,NORMAL,0,
6,2026-10-01T14:44:18Z,1.1225,0.074,1.938,58.0,3533.9,NORMAL,0,
1,2026-10-01T14:45:18Z,1.5328,-0.3275,1.9619,30.0,1779.7,NORMAL,0,
2,2026-10-01T14:45:18Z,1.7499,0.2624,1.8565,30.0,1777.6,NORMAL,0,
3,2026-10-01T14:45:18Z,1.6379,-0.2173,1.9526,30.0,1789.8,NORMAL,0,
4,2026-10-01T14:45:18Z,0.9932,0.3452,1.9309,30.0,1777.4,NORMAL,0,
5,2026-10-01T14:45:18Z,1.3915,-0.2595,1.8839,60.0,3566.5,NORMAL,0,
6,2026-10-01T14:45:18Z,1.1453,-0.0541,1.9298,60.0,3567.7,NORMAL,0,
1,2026-10-01T14:46:18Z,1.6064,0.3407,1.9072,30.0,1785.5,NORMAL,0,
2,2026-10-01T14:46:18Z,1.7244,0.3162,1.9132,30.0,1772.6,NORMAL,0,
3,2026-10-01T14:46:18Z,1.6618,0.1169,1.9014,30.0,1780.1,NORMAL,0,
4,2026-10-01T14:46:18Z,0.9388,-0.1179,2.0068,30.0,1772.5,NORMAL,0,
5,2026-10-01T14:46:18Z,1.4704,0.2736,1.9352,60.0,3555.0,NORMAL,0,
6,2026-10-01T14:46:18Z,1.097,0.2697,1.9314,60.0,3584.3,NORMAL,0,
1,2026-10-01T14:47:18Z,1.5652,-0.1675,1.8898,30.0,1777.6,NORMAL,0,
2,2026-10-01T14:47:18Z,1.6577,-0.2872,1.904,30.0,1775.2,NORMAL,0,
3,2026-10-01T14:47:18Z,1.5493,0.193,1.9924,30.0,1776.0,NORMAL,0,
4,2026-10-01T14:47:18Z,1.0082,0.0053,1.9604,30.0,1776.0,NORMAL,0,
5,2026-10-01T14:47:18Z,1.3248,0.2669,1.9789,60.0,3555.8,NORMAL,0,
6,2026-10-01T14:47:18Z,1.0913,-0.0617,1.9446,60.0,3563.4,NORMAL,0,
1,2026-10-01T14:48:18Z,1.5733,-0.0653,1.9328,30.0,1777.3,NORMAL,0,
2,2026-10-01T14:48:18Z,1.7094,-0.1187,1.9141,30.0,1774.8,NORMAL,0,
3,2026-10-01T14:48:18Z,1.5916,0.2388,1.9386,30.0,1783.3,NORMAL,0,
4,2026-10-01T14:48:18Z,1.0307,0.0318,1.9155,30.0,1772.4,NORMAL,0,
5,2026-10-01T14:48:18Z,1.398,0.2807,1.9281,60.0,3560.7,NORMAL,0,
6,2026-10-01T14:48:18Z,1.0314,-0.2925,1.9191,60.0,3557.9,NORMAL,0,
1,2026-10-01T14:49:18Z,1.5963,0.2339,1.8637,30.0,1781.9,NORMAL,0,
2,2026-10-01T14:49:18Z,1.7245,0.328,1.9755,30.0,1788.2,NORMAL,0,
3,2026-10-01T14:49:18Z,1.6428,0.0346,1.9037,30.0,1784.6,NORMAL,0,
4,2026-10-01T14:49:18Z,1.0223,0.3119,1.9032,30.0,1775.8,NORMAL,0,
5,2026-10-01T14:49:18Z,1.4051,0.2569,1.8476,60.0,3578.8,NORMAL,0,
6,2026-10-01T14:49:18Z,1.1309,0.0086,1.8966,60.0,3579.3,NORMAL,0,
1,2026-10-01T14:50:18Z,1.5586,0.1196,1.9381,30.0,1778.3,NORMAL,0,
2,2026-10-01T14:50:18Z,1.722,-0.1988,1.9272,30.0,1777.2,NORMAL,0,
3,2026-10-01T14:50:18Z,1.5721,0.2981,1.9435,30.0,1766.1,NORMAL,0,
4,2026-10-01T14:50:18Z,1.0306,0.145,1.8608,30.0,1778.8,NORMAL,0,
5,2026-10-01T14:50:18Z,1.4289,0.3459,2.0005,60.0,3584.2,NORMAL,0,
6,2026-10-01T14:50:18Z,1.0516,0.1763,1.8864,60.0,3551.3,NORMAL,0,
1,2026-10-01T14:51:18Z,1.5775,0.2476,1.8973,30.0,1779.9,NORMAL,0,
2,2026-10-01T14:51:18Z,1.7132,0.2842,1.8831,30.0,1783.4,NORMAL,0,
3,2026-10-01T14:51:18Z,1.662,0.0341,1.8901,30.0,1787.9,NORMAL,0,
4,2026-10-01T14:51:18Z,1.0228,0.2944,1.8894,30.0,1777.0,NORMAL,0,
5,2026-10-01T14:51:18Z,1.4542,-0.3062,1.9206,60.0,3567.6,NORMAL,0,
6,2026-10-01T14:51:18Z,1.0461,0.2263,1.9576,60.0,3579.1,NORMAL,0,
1,2026-10-01T14:52:18Z,1.6542,0.323,1.8878,30.0,1790.7,NORMAL,0,
2,2026-10-01T14:52:18Z,1.665,0.0412,1.93,30.0,1791.4,NORMAL,0,
3,2026-10-01T14:52:18Z,1.585,0.046,1.9531,30.0,1778.4,NORMAL,0,
4,2026-10-01T14:52:18Z,1.0655,0.3252,1.9113,30.0,1789.0,NORMAL,0,
5,2026-10-01T14:52:18Z,1.3867,-0.065,2.0095,60.0,3588.8,NORMAL,0,
6,2026-10-01T14:52:18Z,1.1352,-0.0521,1.8586,60.0,3564.0,NORMAL,0,
1,2026-10-01T14:53:18Z,1.4792,0.221,1.907,30.0,1786.2,NORMAL,0,
2,2026-10-01T14:53:18Z,1.6715,-0.3052,1.9017,30.0,1778.0,NORMAL,0,
3,2026-10-01T14:53:18Z,1.6024,-0.3354,1.9618,30.0,1779.8,NORMAL,0,
4,2026-10-01T14:53:18Z,1.0351,-0.027,1.9159,30.0,1778.7,NORMAL,0,
5,2026-10-01T14:53:18Z,1.4085,-0.3142,1.8825,60.0,3560.0,NORMAL,0,
6,2026-10-01T14:53:18Z,1.0819,0.3333,1.9548,60.0,3558.0,NORMAL,0,
1,2026-10-01T14:54:18Z,1.5885,0.1079,1.9757,30.0,1775.5,NORMAL,0,
2,2026-10-01T14:54:18Z,1.601,-0.2414,2.0024,30.0,1775.3,NORMAL,0,
3,2026-10-01T14:54:18Z,1.5297,-0.1216,1.9394,30.0,1776.0,NORMAL,0,
4,2026-10-01T14:54:18Z,1.0065,-0.0721,1.9223,30.0,1773.3,NORMAL,0,
5,2026-10-01T14:54:18Z,1.4759,0.1528,1.9743,60.0,3592.3,NORMAL,0,
6,2026-10-01T14:54:18Z,1.0817,0.056,1.9196,60.0,3556.7,NORMAL,0,
1,2026-10-01T14:55:18Z,1.6164,0.2574,1.9405,30.0,1778.8,NORMAL,0,
2,2026-10-01T14:55:18Z,1.7532,0.1149,1.9317,30.0,1786.8,NORMAL,0,
3,2026-10-01T14:55:18Z,1.5689,-0.0144,1.9143,30.0,1786.2,NORMAL,0,
4,2026-10-01T14:55:18Z,1.0205,0.3516,1.9595,30.0,1794.7,NORMAL,0,
5,2026-10-01T14:55:18Z,1.4256,-0.0578,2.0024,58.0,3538.6,NORMAL,0,
6,2026-10-01T14:55:18Z,1.081,0.2313,1.9763,60.0,3572.9,NORMAL,0,
1,2026-10-01T14:56:18Z,1.532,0.1667,1.9579,30.0,1773.9,NORMAL,0,
2,2026-10-01T14:56:18Z,1.5876,0.0689,1.9815,30.0,1794.2,NORMAL,0,
3,2026-10-01T14:56:18Z,1.7009,-0.1013,1.9313,30.0,1766.9,NORMAL,0,
4,2026-10-01T14:56:18Z,0.9874,0.1039,1.9426,30.0,1783.0,NORMAL,0,
5,2026-10-01T14:56:18Z,1.4461,0.0366,1.9065,60.0,3552.8,NORMAL,0,
6,2026-10-01T14:56:18Z,1.0705,-0.1735,1.9284,60.0,3569.3,NORMAL,0,
1,2026-10-01T14:57:18Z,1.605,-0.2946,1.8852,30.0,1780.9,NORMAL,0,
2,2026-10-01T14:57:18Z,1.6721,0.0598,1.887,30.0,1777.9,NORMAL,0,
3,2026-10-01T14:57:18Z,1.5452,0.3078,1.91,30.0,1787.9,NORMAL,0,
4,2026-10-01T14:57:18Z,1.001,0.2679,1.9816,30.0,1773.6,NORMAL,0,
5,2026-10-01T14:57:18Z,1.4376,0.0352,1.8834,60.0,3555.6,NORMAL,0,
6,2026-10-01T14:57:18Z,1.1198,-0.2238,1.9052,60.0,3564.1,NORMAL,0,
1,2026-10-01T14:58:18Z,1.6041,0.3404,1.9159,30.0,1770.3,NORMAL,0,
2,2026-10-01T14:58:18Z,1.6551,0.0914,1.9661,30.0,1785.8,NORMAL,0,
3,2026-10-01T14:58:18Z,1.5818,0.2185,1.955,30.0,1784.9,NORMAL,0,
4,2026-10-01T14:58:18Z,1.0156,-0.3776,1.9744,30.0,1786.3,NORMAL,0,
5,2026-10-01T14:58:18Z,1.4261,-0.2788,1.9237,60.0,3554.3,NORMAL,0,
6,2026-10-01T14:58:18Z,1.1598,0.3202,1.8933,58.0,3535.7,NORMAL,0,
1,2026-10-01T14:59:18Z,1.5098,0.0633,1.997,30.0,1778.8,NORMAL,0,
2,2026-10-01T14:59:18Z,1.7118,0.2222,1.9102,30.0,1779.5,NORMAL,0,
3,2026-10-01T14:59:18Z,1.6503,-0.2484,1.8749,30.0,1784.4,NORMAL,0,
4,2026-10-01T14:59:18Z,1.047,-0.2027,1.9513,30.0,1785.7,NORMAL,0,
5,2026-10-01T14:59:18Z,1.353,-0.0877,1.94,60.0,3591.4,NORMAL,0,
6,2026-10-01T14:59:18Z,1.0754,0.2317,1.9866,60.0,3559.2,NORMAL,0,
1,2026-10-01T15:00:18Z,1.5368,0.1988,1.9394,30.0,1787.8,NORMAL,0,
2,2026-10-01T15:00:18Z,1.6276,0.089,2.0064,30.0,1784.8,NORMAL,0,
3,2026-10-01T15:00:18Z,1.5318,0.132,1.9593,30.0,1774.9,NORMAL,0,
4,2026-10-01T15:00:18Z,1.0623,0.007,1.8829,30.0,1769.9,NORMAL,0,
5,2026-10-01T15:00:18Z,1.378,0.2227,1.9299,60.0,3555.7,NORMAL,0,
6,2026-10-01T15:00:18Z,1.0667,-0.0983,1.9739,58.0,3540.3,NORMAL,0,
1,2026-10-01T15:01:18Z,1.553,-0.0226,1.9333,30.0,1766.9,NORMAL,0,
2,2026-10-01T15:01:18Z,1.7953,0.2927,1.9172,30.0,1776.0,NORMAL,0,
3,2026-10-01T15:01:18Z,1.5533,-0.2434,1.9385,30.0,1781.5,NORMAL,0,
4,2026-10-01T15:01:18Z,1.0631,0.2516,1.9443,30.0,1776.3,NORMAL,0,
5,2026-10-01T15:01:18Z,1.4049,0.0324,1.8478,60.0,3567.7,NORMAL,0,
6,2026-10-01T15:01:18Z,1.0965,0.0656,1.9501,60.0,3560.6,NORMAL,0,
1,2026-10-01T15:02:18Z,0.0098,-0.0934,3.1324,136.0,1784.8,ATENCAO,1,SENSOR_TRAVADO
2,2026-10-01T15:02:18Z,1.7561,0.2745,1.8993,30.0,1773.0,NORMAL,0,
3,2026-10-01T15:02:18Z,1.595,-0.3116,1.9293,30.0,1785.6,NORMAL,0,
4,2026-10-01T15:02:18Z,1.0455,0.3029,1.8659,30.0,1790.9,NORMAL,0,
5,2026-10-01T15:02:18Z,1.3755,-0.0155,1.903,60.0,3560.4,NORMAL,0,
6,2026-10-01T15:02:18Z,1.0788,0.2432,1.9402,58.0,3531.9,NORMAL,0,
1,2026-10-01T15:03:18Z,0.0091,-0.0593,3.1192,586.0,1783.8,ATENCAO,1,SENSOR_TRAVADO
2,2026-10-01T15:03:18Z,1.7166,0.0742,1.8569,30.0,1773.7,NORMAL,0,
3,2026-10-01T15:03:18Z,1.6199,0.026,1.9098,30.0,1785.0,NORMAL,0,
4,2026-10-01T15:03:18Z,1.0084,0.0083,1.9449,30.0,1780.5,NORMAL,0,
5,2026-10-01T15:03:18Z,1.4124,0.3016,1.9183,60.0,3558.9,NORMAL,0,
6,2026-10-01T15:03:18Z,1.0555,-0.0276,1.9595,58.0,3531.5,NORMAL,0,
1,2026-10-01T15:04:18Z,0.009,-0.1373,3.28,152.0,1782.4,ATENCAO,1,SENSOR_TRAVADO
2,2026-10-01T15:04:18Z,1.7389,-0.1475,1.9457,30.0,1776.9,NORMAL,0,
3,2026-10-01T15:04:18Z,1.5995,-0.0532,1.9136,30.0,1775.6,NORMAL,0,
4,2026-10-01T15:04:18Z,1.0331,0.3028,1.9691,30.0,1780.5,NORMAL,0,
5,2026-10-01T15:04:18Z,1.4329,0.3331,1.9323,60.0,3571.8,NORMAL,0,
6,2026-10-01T15:04:18Z,1.1307,0.2629,1.9594,60.0,3567.6,NORMAL,0,
1,2026-10-01T15:05:18Z,0.0093,0.001,2.9491,442.0,1784.3,ATENCAO,1,SENSOR_TRAVADO
2,2026-10-01T15:05:18Z,1.9897,4.2521,75.6183,30.0,1788.9,CRITICO,1,PICO_ISOLADO
3,2026-10-01T15:05:18Z,1.5547,-0.0192,2.0165,30.0,1786.9,NORMAL,0,
4,2026-10-01T15:05:18Z,1.0241,-0.264,1.8831,30.0,1784.0,NORMAL,0,
5,2026-10-01T15:05:18Z,1.3965,-0.3108,1.9829,60.0,3576.3,NORMAL,0,
6,2026-10-01T15:05:18Z,1.0831,0.1196,1.9953,60.0,3542.4,NORMAL,0,
1,2026-10-01T15:06:18Z,0.0091,0.0381,2.8582,240.0,1767.7,ATENCAO,1,SENSOR_TRAVADO
2,2026-10-01T15:06:18Z,1.7145,-0.1178,1.9636,30.0,1764.4,NORMAL,0,
3,2026-10-01T15:06:18Z,1.5742,-0.3205,1.9048,30.0,1761.5,NORMAL,0,
4,2026-10-01T15:06:18Z,1.0104,0.2398,1.9236,30.0,1790.1,NORMAL,0,
5,2026-10-01T15:06:18Z,1.4308,0.3211,1.9175,58.0,3528.3,NORMAL,0,
6,2026-10-01T15:06:18Z,1.0668,0.1007,1.9718,60.0,3556.9,NORMAL,0,
1,2026-10-01T15:07:18Z,0.0091,-0.0813,2.8165,300.0,1788.3,ATENCAO,1,SENSOR_TRAVADO
2,2026-10-01T15:07:18Z,1.6658,0.3088,1.9956,30.0,1793.2,NORMAL,0,
3,2026-10-01T15:07:18Z,1.606,0.2965,1.8913,30.0,1782.2,NORMAL,0,
4,2026-10-01T15:07:18Z,1.0262,0.3472,1.9786,30.0,1774.7,NORMAL,0,
5,2026-10-01T15:07:18Z,1.3455,0.2869,1.9128,60.0,3544.1,NORMAL,0,
6,2026-10-01T15:07:18Z,1.1038,-0.2536,1.9169,60.0,3552.6,NORMAL,0,
1,2026-10-01T15:08:18Z,0.0091,0.0355,3.0641,900.0,1788.3,ATENCAO,1,SENSOR_TRAVADO
2,2026-10-01T15:08:18Z,1.6075,0.2916,1.9234,30.0,1764.0,NORMAL,0,
3,2026-10-01T15:08:18Z,1.5537,0.2753,1.9492,30.0,1791.7,NORMAL,0,
4,2026-10-01T15:08:18Z,1.0374,-0.2842,1.9616,30.0,1783.8,NORMAL,0,
5,2026-10-01T15:08:18Z,1.3429,0.0038,1.9965,60.0,3556.2,NORMAL,0,
6,2026-10-01T15:08:18Z,1.1104,-0.2016,1.8683,60.0,3550.5,NORMAL,0,
1,2026-10-01T15:09:18Z,0.0089,0.0982,2.9711,60.0,1777.6,ATENCAO,1,SENSOR_TRAVADO
2,2026-10-01T15:09:18Z,1.6527,0.0201,1.8913,30.0,1780.7,NORMAL,0,
3,2026-10-01T15:09:18Z,1.6383,0.024,1.9358,30.0,1781.9,NORMAL,0,
4,2026-10-01T15:09:18Z,1.073,-0.2639,1.9896,30.0,1777.5,NORMAL,0,
5,2026-10-01T15:09:18Z,1.4746,0.1555,1.9004,60.0,3554.9,NORMAL,0,
6,2026-10-01T15:09:18Z,1.1363,0.2117,1.8799,60.0,3549.9,NORMAL,0,
1,2026-10-01T15:10:18Z,1.5739,-0.2141,1.876,30.0,1781.6,NORMAL,0,
2,2026-10-01T15:10:18Z,1.7801,0.2217,1.8938,30.0,1793.9,NORMAL,0,
3,2026-10-01T15:10:18Z,1.6168,0.1114,1.953,30.0,1776.3,NORMAL,0,
4,2026-10-01T15:10:18Z,0.9695,0.2502,1.9737,30.0,1770.9,NORMAL,0,
5,2026-10-01T15:10:18Z,1.3665,0.0949,1.9085,60.0,3570.6,NORMAL,0,
6,2026-10-01T15:10:18Z,1.1308,-0.3425,1.9343,60.0,3558.1,NORMAL,0,
1,2026-10-01T15:11:18Z,1.618,0.1975,1.8761,30.0,1779.8,NORMAL,0,
2,2026-10-01T15:11:18Z,1.8017,0.1842,1.9087,30.0,1776.6,NORMAL,0,
3,2026-10-01T15:11:18Z,1.9588,0.4575,3.2661,30.0,1787.0,NORMAL,1,FALHA_ROLAMENTO
4,2026-10-01T15:11:18Z,1.0857,0.2344,1.9391,30.0,1775.8,NORMAL,0,
5,2026-10-01T15:11:18Z,1.4034,0.3359,1.9329,60.0,3558.4,NORMAL,0,
6,2026-10-01T15:11:18Z,1.152,0.0802,1.886,60.0,3589.2,NORMAL,0,
1,2026-10-01T15:12:18Z,1.5672,-0.3669,1.9219,30.0,1782.5,NORMAL,0,
2,2026-10-01T15:12:18Z,1.6615,-0.0435,1.9402,30.0,1776.5,NORMAL,0,
3,2026-10-01T15:12:18Z,2.0289,0.4956,3.6135,30.0,1786.5,NORMAL,1,FALHA_ROLAMENTO
4,2026-10-01T15:12:18Z,1.0474,0.3033,1.9537,30.0,1774.2,NORMAL,0,
5,2026-10-01T15:12:18Z,1.4365,0.2095,1.8933,60.0,3572.0,NORMAL,0,
6,2026-10-01T15:12:18Z,1.0697,0.1753,1.9601,60.0,3567.5,NORMAL,0,
1,2026-10-01T15:13:18Z,1.5706,-0.3132,1.9572,30.0,1782.4,NORMAL,0,
2,2026-10-01T15:13:18Z,1.7061,0.2025,1.9173,30.0,1780.2,NORMAL,0,
3,2026-10-01T15:13:18Z,2.1057,0.6552,4.1149,30.0,1775.1,ATENCAO,1,FALHA_ROLAMENTO
4,2026-10-01T15:13:18Z,1.0778,0.1301,1.9045,30.0,1770.0,NORMAL,0,
5,2026-10-01T15:13:18Z,1.3807,0.3016,1.9274,60.0,3558.0,NORMAL,0,
6,2026-10-01T15:13:18Z,1.0794,0.1661,1.9303,60.0,3580.2,NORMAL,0,
1,2026-10-01T15:14:18Z,1.5732,0.3638,1.9682,30.0,1779.9,NORMAL,0,
2,2026-10-01T15:14:18Z,1.6323,0.3514,1.9836,30.0,1777.2,NORMAL,0,
3,2026-10-01T15:14:18Z,2.1249,0.6785,4.425,30.0,1778.7,ATENCAO,1,FALHA_ROLAMENTO
4,2026-10-01T15:14:18Z,1.0277,0.2655,2.0104,30.0,1773.8,NORMAL,0,
5,2026-10-01T15:14:18Z,1.3881,0.2855,1.8773,60.0,3564.8,NORMAL,0,
6,2026-10-01T15:14:18Z,1.1441,0.2152,1.8611,60.0,3553.0,NORMAL,0,
1,2026-10-01T15:15:18Z,1.6382,-0.2437,1.9263,30.0,1780.1,NORMAL,0,
2,2026-10-01T15:15:18Z,1.7248,0.2231,1.9671,30.0,1782.1,NORMAL,0,
3,2026-10-01T15:15:18Z,2.237,0.7346,4.6222,30.0,1771.8,ATENCAO,1,FALHA_ROLAMENTO
4,2026-10-01T15:15:18Z,1.0384,-0.0393,1.8701,30.0,1781.1,NORMAL,0,
5,2026-10-01T15:15:18Z,1.403,0.2374,1.9311,60.0,3558.1,NORMAL,0,
6,2026-10-01T15:15:18Z,1.0741,0.2829,1.9145,60.0,3545.8,NORMAL,0,
1,2026-10-01T15:16:18Z,1.5299,0.2674,1.9685,30.0,1783.4,NORMAL,0,
2,2026-10-01T15:16:18Z,1.7529,-0.1214,1.8597,30.0,1772.5,NORMAL,0,
3,2026-10-01T15:16:18Z,2.3127,0.8071,5.0359,30.0,1782.4,ATENCAO,1,FALHA_ROLAMENTO
4,2026-10-01T15:16:18Z,1.0461,0.3241,1.8894,30.0,1789.0,NORMAL,0,
5,2026-10-01T15:16:18Z,1.4297,-0.1491,1.9073,58.0,3524.2,NORMAL,0,
6,2026-10-01T15:16:18Z,1.1042,0.1311,1.8499,60.0,3564.1,NORMAL,0,
1,2026-10-01T15:17:18Z,1.6245,-0.0247,1.8821,30.0,1775.8,NORMAL,0,
2,2026-10-01T15:17:18Z,1.705,0.0034,2.0224,30.0,1776.5,NORMAL,0,
3,2026-10-01T15:17:18Z,2.4019,0.7529,5.143,30.0,1791.7,ATENCAO,1,FALHA_ROLAMENTO
4,2026-10-01T15:17:18Z,0.9805,-0.1072,1.9362,30.0,1774.5,NORMAL,0,
5,2026-10-01T15:17:18Z,1.4201,-0.1958,1.8244,60.0,3547.5,NORMAL,0,
6,2026-10-01T15:17:18Z,1.0861,0.2253,1.9327,60.0,3548.6,NORMAL,0,
1,2026-10-01T15:18:18Z,1.5584,-0.3028,1.9031,30.0,1776.3,NORMAL,0,
2,2026-10-01T15:18:18Z,1.6803,-0.1888,1.8912,30.0,1779.5,NORMAL,0,
3,2026-10-01T15:18:18Z,2.5341,0.8786,5.4483,30.0,1777.4,ATENCAO,1,FALHA_ROLAMENTO
4,2026-10-01T15:18:18Z,1.0017,0.2876,1.9933,30.0,1785.3,NORMAL,0,
5,2026-10-01T15:18:18Z,1.4454,-0.2968,1.9398,60.0,3551.6,NORMAL,0,
6,2026-10-01T15:18:18Z,1.1119,0.1625,1.9134,60.0,3579.1,NORMAL,0,
1,2026-10-01T15:19:18Z,1.5657,0.0453,1.9092,30.0,1775.4,NORMAL,0,
2,2026-10-01T15:19:18Z,1.6342,0.1812,2.0013,30.0,1783.5,NORMAL,0,
3,2026-10-01T15:19:18Z,2.5963,0.8766,5.7736,30.0,1786.4,ATENCAO,1,FALHA_ROLAMENTO
4,2026-10-01T15:19:18Z,1.0414,-0.0564,1.8935,30.0,1783.3,NORMAL,0,
5,2026-10-01T15:19:18Z,1.4339,0.2203,1.8755,60.0,3556.1,NORMAL,0,
6,2026-10-01T15:19:18Z,1.1253,-0.2946,1.8894,60.0,3549.1,NORMAL,0,
1,2026-10-01T15:20:18Z,1.5771,0.3126,1.9239,30.0,1780.4,NORMAL,0,
2,2026-10-01T15:20:18Z,1.7544,0.1845,1.9014,30.0,1776.0,NORMAL,0,
3,2026-10-01T15:20:18Z,2.6982,1.0372,6.1949,30.0,1769.1,ATENCAO,1,FALHA_ROLAMENTO
4,2026-10-01T15:20:18Z,1.0285,0.2051,1.9493,30.0,1788.7,NORMAL,0,
5,2026-10-01T15:20:18Z,1.3885,0.0003,1.9571,60.0,3559.9,NORMAL,0,
6,2026-10-01T15:20:18Z,1.0988,0.0167,1.9851,60.0,3571.6,NORMAL,0,
1,2026-10-01T15:21:18Z,1.5986,0.1565,1.9341,30.0,1771.1,NORMAL,0,
2,2026-10-01T15:21:18Z,1.6203,-0.1484,1.9046,30.0,1779.9,NORMAL,0,
3,2026-10-01T15:21:18Z,2.7621,1.0231,6.3332,30.0,1767.7,ATENCAO,1,FALHA_ROLAMENTO
4,2026-10-01T15:21:18Z,1.0701,0.2907,1.9068,30.0,1784.0,NORMAL,0,
5,2026-10-01T15:21:18Z,1.3974,0.2621,1.9331,60.0,3552.6,NORMAL,0,
6,2026-10-01T15:21:18Z,1.0889,0.1943,1.9025,60.0,3577.8,NORMAL,0,
1,2026-10-01T15:22:18Z,1.6466,0.0867,1.8944,30.0,1778.7,NORMAL,0,
2,2026-10-01T15:22:18Z,1.8345,0.1272,1.9141,30.0,1772.7,NORMAL,0,
3,2026-10-01T15:22:18Z,2.883,1.0347,6.5359,30.0,1781.1,ATENCAO,1,FALHA_ROLAMENTO
4,2026-10-01T15:22:18Z,1.0488,0.1705,1.9023,30.0,1771.0,NORMAL,0,
5,2026-10-01T15:22:18Z,1.4161,-0.2398,1.864,60.0,3553.0,NORMAL,0,
6,2026-10-01T15:22:18Z,1.0852,0.339,1.9524,60.0,3551.3,NORMAL,0,
1,2026-10-01T15:23:18Z,1.5451,0.1634,1.9318,30.0,1775.9,NORMAL,0,
2,2026-10-01T15:23:18Z,1.6603,-0.0209,1.9531,30.0,1789.4,NORMAL,0,
3,2026-10-01T15:23:18Z,2.9667,1.1767,6.9741,30.0,1781.2,ATENCAO,1,FALHA_ROLAMENTO
4,2026-10-01T15:23:18Z,1.0478,0.0073,1.9238,30.0,1767.9,NORMAL,0,
5,2026-10-01T15:23:18Z,1.3732,-0.2065,2.0057,60.0,3562.4,NORMAL,0,
6,2026-10-01T15:23:18Z,1.0591,-0.1456,1.9945,60.0,3542.8,NORMAL,0,
1,2026-10-01T15:24:18Z,1.5053,0.3426,1.9559,30.0,1786.2,NORMAL,0,
2,2026-10-01T15:24:18Z,1.6277,0.0151,1.9367,30.0,1773.3,NORMAL,0,
3,2026-10-01T15:24:18Z,3.0869,1.259,7.2324,30.0,1766.0,ATENCAO,1,FALHA_ROLAMENTO
4,2026-10-01T15:24:18Z,1.0006,0.2348,1.9171,30.0,1788.8,NORMAL,0,
5,2026-10-01T15:24:18Z,1.3886,0.0029,1.9013,60.0,3553.4,NORMAL,0,
6,2026-10-01T15:24:18Z,1.1335,-0.0495,1.9068,58.0,3538.8,NORMAL,0,
1,2026-10-01T15:25:18Z,1.4934,0.2493,1.9933,30.0,1782.2,NORMAL,0,
2,2026-10-01T15:25:18Z,1.7008,0.1258,1.8999,30.0,1779.4,NORMAL,0,
3,2026-10-01T15:25:18Z,3.1719,1.1757,7.302,30.0,1786.2,ATENCAO,1,FALHA_ROLAMENTO
4,2026-10-01T15:25:18Z,1.0032,0.3013,2.0322,30.0,1791.5,NORMAL,0,
5,2026-10-01T15:25:18Z,1.4154,0.2982,1.9702,60.0,3575.3,NORMAL,0,
6,2026-10-01T15:25:18Z,1.0464,0.2327,1.8997,60.0,3582.9,NORMAL,0,
1,2026-10-01T15:26:18Z,1.5635,-0.2835,1.9399,30.0,1771.1,NORMAL,0,
2,2026-10-01T15:26:18Z,1.6731,0.1703,1.9249,30.0,1789.2,NORMAL,0,
3,2026-10-01T15:26:18Z,1.6577,-0.0433,1.9199,30.0,1786.8,NORMAL,0,
4,2026-10-01T15:26:18Z,1.017,-0.0034,1.9379,30.0,1772.1,NORMAL,0,
5,2026-10-01T15:26:18Z,1.4602,0.3042,1.8924,60.0,3540.1,NORMAL,0,
6,2026-10-01T15:26:18Z,1.1124,0.2669,1.887,60.0,3589.1,NORMAL,0,
1,2026-10-01T15:27:18Z,1.5993,-0.1435,1.9533,30.0,1780.8,NORMAL,0,
2,2026-10-01T15:27:18Z,1.5994,0.3328,2.0163,30.0,1778.4,NORMAL,0,
3,2026-10-01T15:27:18Z,1.6203,-0.0237,1.9161,30.0,1791.5,NORMAL,0,
4,2026-10-01T15:27:18Z,1.0709,0.2298,1.9443,30.0,1778.7,NORMAL,0,
5,2026-10-01T15:27:18Z,1.4265,-0.1492,1.8866,60.0,3559.0,NORMAL,0,
6,2026-10-01T15:27:18Z,1.0499,-0.2654,1.9145,60.0,3552.8,NORMAL,0,
1,2026-10-01T15:28:18Z,1.6396,-0.0047,1.945,30.0,1775.4,NORMAL,0,
2,2026-10-01T15:28:18Z,1.717,0.302,1.9236,30.0,1774.2,NORMAL,0,
3,2026-10-01T15:28:18Z,1.5316,-0.2216,2.0372,30.0,1774.1,NORMAL,0,
4,2026-10-01T15:28:18Z,0.9954,0.2607,1.9409,30.0,1776.0,NORMAL,0,
5,2026-10-01T15:28:18Z,1.4014,-0.1758,1.8962,60.0,3568.2,NORMAL,0,
6,2026-10-01T15:28:18Z,1.0968,0.2708,1.9996,60.0,3551.1,NORMAL,0,
1,2026-10-01T15:29:18Z,1.6035,0.1884,1.8828,30.0,1785.8,NORMAL,0,
2,2026-10-01T15:29:18Z,1.7272,0.3169,1.9635,30.0,1793.4,NORMAL,0,
3,2026-10-01T15:29:18Z,1.6008,-0.0055,1.9764,30.0,1774.7,NORMAL,0,
4,2026-10-01T15:29:18Z,1.0187,-0.2397,1.9799,30.0,1785.4,NORMAL,0,
5,2026-10-01T15:29:18Z,1.3705,-0.1323,1.9528,60.0,3548.0,NORMAL,0,
6,2026-10-01T15:29:18Z,1.1204,0.199,1.8974,60.0,3589.5,NORMAL,0,
1,2026-10-01T15:30:18Z,1.5812,0.3109,1.8763,30.0,1788.8,NORMAL,0,
2,2026-10-01T15:30:18Z,1.7064,-0.1603,1.9026,30.0,1789.8,NORMAL,0,
3,2026-10-01T15:30:18Z,1.5989,0.1453,1.9517,30.0,1782.3,NORMAL,0,
4,2026-10-01T15:30:18Z,1.0736,-0.1939,1.9046,30.0,1782.9,NORMAL,0,
5,2026-10-01T15:30:18Z,1.3973,-0.2739,1.915,60.0,3568.4,NORMAL,0,
6,2026-10-01T15:30:18Z,1.0749,-0.273,1.8673,60.0,3567.5,NORMAL,0,
1,2026-10-01T15:31:18Z,1.5446,-0.3158,1.9382,30.0,1770.0,NORMAL,0,
2,2026-10-01T15:31:18Z,1.7083,-0.1251,1.8993,30.0,1785.4,NORMAL,0,
3,2026-10-01T15:31:18Z,1.5732,0.1119,1.9466,30.0,1781.0,NORMAL,0,
4,2026-10-01T15:31:18Z,1.0218,-0.1989,1.9612,30.0,1781.0,NORMAL,0,
5,2026-10-01T15:31:18Z,1.4214,0.077,1.9078,60.0,3564.9,NORMAL,0,
6,2026-10-01T15:31:18Z,1.0652,0.0375,1.861,60.0,3571.8,NORMAL,0,
1,2026-10-01T15:32:18Z,1.4647,0.3076,2.0393,30.0,1774.2,NORMAL,0,
2,2026-10-01T15:32:18Z,1.6923,0.3144,1.9482,30.0,1782.9,NORMAL,0,
3,2026-10-01T15:32:18Z,1.661,-0.302,1.9157,30.0,1771.1,NORMAL,0,
4,2026-10-01T15:32:18Z,1.0416,0.049,1.9616,30.0,1781.0,NORMAL,0,
5,2026-10-01T15:32:18Z,1.4124,0.2949,1.9648,60.0,3565.8,NORMAL,0,
6,2026-10-01T15:32:18Z,1.0813,-0.2627,1.887,60.0,3560.9,NORMAL,0,
1,2026-10-01T15:33:18Z,1.5836,0.2646,1.8543,30.0,1790.0,NORMAL,0,
2,2026-10-01T15:33:18Z,1.745,0.1338,1.9468,30.0,1780.4,NORMAL,0,
3,2026-10-01T15:33:18Z,1.6654,-0.2419,1.8469,30.0,1785.7,NORMAL,0,
4,2026-10-01T15:33:18Z,1.0016,-0.0549,1.9116,30.0,1781.0,NORMAL,0,
5,2026-10-01T15:33:18Z,1.3886,0.0716,1.9462,60.0,3568.3,NORMAL,0,
6,2026-10-01T15:33:18Z,1.055,-0.2701,1.977,58.0,3528.0,NORMAL,0,
1,2026-10-01T15:34:18Z,1.5771,-0.3284,1.9237,30.0,1790.9,NORMAL,0,
2,2026-10-01T15:34:18Z,1.7243,0.2361,1.8951,30.0,1779.1,NORMAL,0,
3,2026-10-01T15:34:18Z,1.5016,0.2925,1.9158,30.0,1775.6,NORMAL,0,
4,2026-10-01T15:34:18Z,1.0243,0.3569,1.9249,30.0,1772.6,NORMAL,0,
5,2026-10-01T15:34:18Z,1.3921,0.3203,1.9229,60.0,3567.7,NORMAL,0,
6,2026-10-01T15:34:18Z,1.0954,0.2506,1.9438,60.0,3580.6,NORMAL,0,
1,2026-10-01T15:35:18Z,1.6003,-0.135,1.9063,30.0,1789.6,NORMAL,0,
2,2026-10-01T15:35:18Z,1.6141,0.3311,1.978,30.0,1780.3,NORMAL,0,
3,2026-10-01T15:35:18Z,1.6048,0.3004,1.9617,30.0,1779.1,NORMAL,0,
4,2026-10-01T15:35:18Z,1.0478,0.2898,1.9014,30.0,1783.1,NORMAL,0,
5,2026-10-01T15:35:18Z,1.431,0.3001,1.931,60.0,3558.7,NORMAL,0,
6,2026-10-01T15:35:18Z,1.1019,0.0915,1.9472,58.0,3534.6,NORMAL,0,
1,2026-10-01T15:36:18Z,1.5278,0.2712,1.9047,30.0,1774.4,NORMAL,0,
2,2026-10-01T15:36:18Z,1.7984,-0.3207,1.8825,30.0,1777.1,NORMAL,0,
3,2026-10-01T15:36:18Z,1.6404,0.3683,1.9525,30.0,1782.1,NORMAL,0,
4,2026-10-01T15:36:18Z,1.0138,0.2577,1.9649,30.0,1781.9,NORMAL,0,
5,2026-10-01T15:36:18Z,1.3634,0.2348,1.8764,60.0,3577.3,NORMAL,0,
6,2026-10-01T15:36:18Z,1.087,0.3056,1.9895,60.0,3549.6,NORMAL,0,
1,2026-10-01T15:37:18Z,1.5552,0.1583,1.8901,30.0,1779.2,NORMAL,0,
2,2026-10-01T15:37:18Z,1.6925,-0.2502,1.9742,30.0,1779.9,NORMAL,0,
3,2026-10-01T15:37:18Z,1.6613,0.0129,1.9231,30.0,1781.4,NORMAL,0,
4,2026-10-01T15:37:18Z,1.0322,0.126,1.9297,30.0,1779.1,NORMAL,0,
5,2026-10-01T15:37:18Z,1.3788,0.1877,1.9342,60.0,3544.1,NORMAL,0,
6,2026-10-01T15:37:18Z,1.0908,-0.0092,1.9414,60.0,3563.5,NORMAL,0,
1,2026-10-01T15:38:18Z,1.604,-0.2709,1.9377,30.0,1781.6,NORMAL,0,
2,2026-10-01T15:38:18Z,1.6762,0.3342,1.9922,30.0,1783.8,NORMAL,0,
3,2026-10-01T15:38:18Z,1.5831,-0.1722,1.9341,30.0,1767.2,NORMAL,0,
4,2026-10-01T15:38:18Z,1.0409,-0.3179,1.8448,30.0,1780.0,NORMAL,0,
5,2026-10-01T15:38:18Z,1.4072,-0.1993,1.9757,60.0,3574.2,NORMAL,0,
6,2026-10-01T15:38:18Z,1.0627,0.3078,1.9213,60.0,3562.0,NORMAL,0,
1,2026-10-01T15:39:18Z,1.5782,-0.2597,1.987,30.0,1786.8,NORMAL,0,
2,2026-10-01T15:39:18Z,1.6792,-0.1431,1.9753,30.0,1781.8,NORMAL,0,
3,2026-10-01T15:39:18Z,1.607,0.2869,1.8995,30.0,1782.6,NORMAL,0,
4,2026-10-01T15:39:18Z,1.1104,-0.2187,1.8341,30.0,1781.7,NORMAL,0,
5,2026-10-01T15:39:18Z,1.4458,0.313,1.929,60.0,3542.2,NORMAL,0,
6,2026-10-01T15:39:18Z,1.1223,0.2416,1.8952,60.0,3562.5,NORMAL,0,
1,2026-10-01T15:40:18Z,1.5022,-0.191,1.9604,30.0,1778.9,NORMAL,0,
2,2026-10-01T15:40:18Z,1.6469,0.3117,1.9388,30.0,1788.7,NORMAL,0,
3,2026-10-01T15:40:18Z,1.6513,0.0552,1.9729,30.0,1786.8,NORMAL,0,
4,2026-10-01T15:40:18Z,1.0438,-0.1956,1.929,30.0,1770.1,NORMAL,0,
5,2026-10-01T15:40:18Z,1.4097,-0.2339,1.9277,60.0,3557.6,NORMAL,0,
6,2026-10-01T15:40:18Z,1.1037,0.0857,1.9067,60.0,3549.0,NORMAL,0,
1,2026-10-01T15:41:18Z,1.5966,0.3422,1.93,30.0,1783.2,NORMAL,0,
2,2026-10-01T15:41:18Z,1.855,-0.2639,1.8794,30.0,1784.3,NORMAL,0,
3,2026-10-01T15:41:18Z,1.5261,-0.2349,1.9501,30.0,1787.3,NORMAL,0,
4,2026-10-01T15:41:18Z,1.0499,-0.2163,1.9719,30.0,1797.2,NORMAL,0,
5,2026-10-01T15:41:18Z,1.4466,0.1104,1.8844,60.0,3565.7,NORMAL,0,
6,2026-10-01T15:41:18Z,1.1424,-0.0865,1.9223,60.0,3562.9,NORMAL,0,
1,2026-10-01T15:42:18Z,1.5921,0.2577,1.9034,30.0,1781.9,NORMAL,0,
2,2026-10-01T15:42:18Z,1.6551,-0.0546,1.9696,30.0,1793.8,NORMAL,0,
3,2026-10-01T15:42:18Z,1.6287,-0.198,1.922,30.0,1786.0,NORMAL,0,
4,2026-10-01T15:42:18Z,1.0324,0.25,2.0517,30.0,1784.1,NORMAL,0,
5,2026-10-01T15:42:18Z,1.387,0.1749,1.9479,60.0,3560.6,NORMAL,0,
6,2026-10-01T15:42:18Z,1.1164,0.11,1.9557,60.0,3555.5,NORMAL,0,
1,2026-10-01T15:43:18Z,1.5478,-0.3245,1.9302,30.0,1775.4,NORMAL,0,
2,2026-10-01T15:43:18Z,1.6584,0.3218,1.9601,30.0,1784.1,NORMAL,0,
3,2026-10-01T15:43:18Z,1.6338,0.112,1.8795,30.0,1781.9,NORMAL,0,
4,2026-10-01T15:43:18Z,0.9914,0.2181,1.9317,30.0,1773.7,NORMAL,0,
5,2026-10-01T15:43:18Z,1.3742,-0.1927,1.9244,58.0,3529.2,NORMAL,0,
6,2026-10-01T15:43:18Z,1.0605,0.2902,1.9071,60.0,3556.9,NORMAL,0,
1,2026-10-01T15:44:18Z,1.6096,0.077,1.9141,30.0,1794.1,NORMAL,0,
2,2026-10-01T15:44:18Z,1.7133,0.0333,2.0184,30.0,1778.3,NORMAL,0,
3,2026-10-01T15:44:18Z,1.5952,0.3604,1.988,30.0,1785.1,NORMAL,0,
4,2026-10-01T15:44:18Z,1.0461,0.0032,1.934,30.0,1772.9,NORMAL,0,
5,2026-10-01T15:44:18Z,1.4243,-0.0664,1.9323,60.0,3566.7,NORMAL,0,
6,2026-10-01T15:44:18Z,1.1073,-0.2059,1.9132,60.0,3564.1,NORMAL,0,
1,2026-10-01T15:45:18Z,1.5615,0.3261,1.9212,30.0,1780.9,NORMAL,0,
2,2026-10-01T15:45:18Z,1.7507,0.0267,1.8808,30.0,1783.5,NORMAL,0,
3,2026-10-01T15:45:18Z,1.5084,0.0452,1.9414,30.0,1776.8,NORMAL,0,
4,2026-10-01T15:45:18Z,1.0055,0.1613,1.9357,30.0,1784.3,NORMAL,0,
5,2026-10-01T15:45:18Z,1.3713,-0.1058,1.8855,60.0,3543.5,NORMAL,0,
6,2026-10-01T15:45:18Z,1.0649,-0.2047,1.9624,60.0,3548.0,NORMAL,0,
1,2026-10-01T15:46:18Z,1.4686,-0.1773,1.9294,30.0,1785.3,NORMAL,0,
2,2026-10-01T15:46:18Z,1.6779,0.0485,1.9654,30.0,1783.6,NORMAL,0,
3,2026-10-01T15:46:18Z,1.6408,0.2554,1.8516,30.0,1774.2,NORMAL,0,
4,2026-10-01T15:46:18Z,1.0252,0.1297,1.8891,30.0,1785.4,NORMAL,0,
5,2026-10-01T15:46:18Z,1.4178,-0.3243,1.9098,60.0,3559.2,NORMAL,0,
6,2026-10-01T15:46:18Z,1.0875,0.1326,1.9501,60.0,3561.2,NORMAL,0,
1,2026-10-01T15:47:18Z,1.5357,0.2342,1.9693,30.0,1777.5,NORMAL,0,
2,2026-10-01T15:47:18Z,1.6749,-0.1405,1.9913,30.0,1776.9,NORMAL,0,
3,2026-10-01T15:47:18Z,1.5852,0.1797,1.9596,30.0,1782.3,NORMAL,0,
4,2026-10-01T15:47:18Z,1.0097,-0.3422,1.9455,30.0,1787.5,NORMAL,0,
5,2026-10-01T15:47:18Z,1.4108,0.1778,1.9185,60.0,3567.3,NORMAL,0,
6,2026-10-01T15:47:18Z,1.1124,-0.263,1.8681,60.0,3543.5,NORMAL,0,
1,2026-10-01T15:48:18Z,1.4997,0.0339,1.9576,30.0,1790.5,NORMAL,0,
2,2026-10-01T15:48:18Z,1.6501,0.0462,1.8753,30.0,1780.7,NORMAL,0,
3,2026-10-01T15:48:18Z,1.5593,0.2047,2.0025,30.0,1771.1,NORMAL,0,
4,2026-10-01T15:48:18Z,0.9978,-0.1392,1.9552,30.0,1775.3,NORMAL,0,
5,2026-10-01T15:48:18Z,1.3723,-0.2012,1.9955,60.0,3567.2,NORMAL,0,
6,2026-10-01T15:48:18Z,1.1002,0.0605,1.8516,60.0,3553.7,NORMAL,0,
1,2026-10-01T15:49:18Z,1.6113,0.0239,1.9983,30.0,1774.1,NORMAL,0,
2,2026-10-01T15:49:18Z,1.7057,0.2833,1.9469,30.0,1775.6,NORMAL,0,
3,2026-10-01T15:49:18Z,1.6257,0.3034,1.9389,30.0,1785.6,NORMAL,0,
4,2026-10-01T15:49:18Z,1.0558,0.1908,1.9516,30.0,1773.2,NORMAL,0,
5,2026-10-01T15:49:18Z,1.3841,0.1255,1.9469,60.0,3558.5,NORMAL,0,
6,2026-10-01T15:49:18Z,1.1291,0.2314,1.9082,60.0,3554.5,NORMAL,0,
1,2026-10-01T15:50:18Z,1.5354,0.2718,1.9373,30.0,1773.8,NORMAL,0,
2,2026-10-01T15:50:18Z,1.7935,-0.2313,1.8962,30.0,1785.4,NORMAL,0,
3,2026-10-01T15:50:18Z,1.603,0.0545,1.9438,30.0,1790.8,NORMAL,0,
4,2026-10-01T15:50:18Z,1.0314,-0.1536,1.9322,30.0,1786.8,NORMAL,0,
5,2026-10-01T15:50:18Z,1.4353,-0.0068,1.9633,60.0,3561.8,NORMAL,0,
6,2026-10-01T15:50:18Z,1.0442,0.036,1.951,60.0,3563.9,NORMAL,0,
1,2026-10-01T15:51:18Z,1.6239,-0.33,1.9011,30.0,1786.8,NORMAL,0,
2,2026-10-01T15:51:18Z,1.7912,-0.0794,1.8911,30.0,1769.7,NORMAL,0,
3,2026-10-01T15:51:18Z,1.6303,0.1399,1.8503,30.0,1791.0,NORMAL,0,
4,2026-10-01T15:51:18Z,1.0338,0.3593,1.9506,30.0,1789.8,NORMAL,0,
5,2026-10-01T15:51:18Z,1.4244,0.308,1.8876,60.0,3560.4,NORMAL,0,
6,2026-10-01T15:51:18Z,1.1169,0.2862,1.8796,60.0,3555.2,NORMAL,0,
1,2026-10-01T15:52:18Z,1.4912,-0.3323,1.9577,30.0,1777.2,NORMAL,0,
2,2026-10-01T15:52:18Z,3.9942,-0.134,1.5589,30.0,1779.7,NORMAL,1,DESBALANCEAMENTO
3,2026-10-01T15:52:18Z,1.6375,0.3131,1.9196,30.0,1782.6,NORMAL,0,
4,2026-10-01T15:52:18Z,0.9909,-0.2893,1.8788,30.0,1781.8,NORMAL,0,
5,2026-10-01T15:52:18Z,1.4736,-0.2318,1.944,60.0,3539.4,NORMAL,0,
6,2026-10-01T15:52:18Z,1.1303,0.1674,1.8772,60.0,3565.8,NORMAL,0,
1,2026-10-01T15:53:18Z,1.4901,0.3381,1.9213,30.0,1786.4,NORMAL,0,
2,2026-10-01T15:53:18Z,4.2036,0.1766,1.6036,30.0,1781.8,NORMAL,1,DESBALANCEAMENTO
3,2026-10-01T15:53:18Z,1.5759,0.1836,1.9256,30.0,1776.4,NORMAL,0,
4,2026-10-01T15:53:18Z,1.0191,-0.0026,1.9028,30.0,1763.7,NORMAL,0,
5,2026-10-01T15:53:18Z,1.3383,-0.2548,1.9725,60.0,3560.8,NORMAL,0,
6,2026-10-01T15:53:18Z,1.0886,-0.0162,1.9511,58.0,3540.2,NORMAL,0,
1,2026-10-01T15:54:18Z,1.53,0.06,1.9153,30.0,1781.3,NORMAL,0,
2,2026-10-01T15:54:18Z,4.2886,0.1216,1.5575,30.0,1765.5,NORMAL,1,DESBALANCEAMENTO
3,2026-10-01T15:54:18Z,1.5472,0.0659,1.9638,30.0,1774.5,NORMAL,0,
4,2026-10-01T15:54:18Z,1.0253,0.1225,1.9371,30.0,1776.3,NORMAL,0,
5,2026-10-01T15:54:18Z,1.3895,0.0054,1.9455,60.0,3562.2,NORMAL,0,
6,2026-10-01T15:54:18Z,1.1132,0.1823,1.8402,60.0,3589.7,NORMAL,0,
1,2026-10-01T15:55:18Z,1.5521,0.2353,1.9517,30.0,1788.2,NORMAL,0,
2,2026-10-01T15:55:18Z,4.6395,0.1018,1.5572,30.0,1782.7,ATENCAO,1,DESBALANCEAMENTO
3,2026-10-01T15:55:18Z,1.6594,-0.0162,1.9006,30.0,1787.4,NORMAL,0,
4,2026-10-01T15:55:18Z,1.0122,0.3638,1.9986,30.0,1768.6,NORMAL,0,
5,2026-10-01T15:55:18Z,1.4198,-0.285,1.8842,60.0,3560.5,NORMAL,0,
6,2026-10-01T15:55:18Z,1.1201,0.1316,1.8828,60.0,3542.5,NORMAL,0,
1,2026-10-01T15:56:18Z,1.5401,0.3051,1.9551,30.0,1787.8,NORMAL,0,
2,2026-10-01T15:56:18Z,4.9739,-0.0771,1.5616,30.0,1776.5,ATENCAO,1,DESBALANCEAMENTO
3,2026-10-01T15:56:18Z,1.9292,0.4069,3.3287,30.0,1781.6,NORMAL,1,FALHA_ROLAMENTO
4,2026-10-01T15:56:18Z,1.0218,0.3131,1.9193,30.0,1794.3,NORMAL,0,
5,2026-10-01T15:56:18Z,1.3876,-0.175,1.9258,60.0,3559.0,NORMAL,0,
6,2026-10-01T15:56:18Z,1.1095,0.0893,1.861,60.0,3576.3,NORMAL,0,
1,2026-10-01T15:57:18Z,3.4382,-0.1412,1.5797,30.0,1775.6,NORMAL,1,DESBALANCEAMENTO
2,2026-10-01T15:57:18Z,5.4716,0.0961,1.5528,30.0,1772.5,ATENCAO,1,DESBALANCEAMENTO
3,2026-10-01T15:57:18Z,2.0392,0.3641,3.7537,30.0,1789.8,NORMAL,1,FALHA_ROLAMENTO
4,2026-10-01T15:57:18Z,1.1059,0.0599,1.8693,30.0,1783.1,NORMAL,0,
5,2026-10-01T15:57:18Z,1.4393,0.3217,1.8783,60.0,3560.0,NORMAL,0,
6,2026-10-01T15:57:18Z,1.0784,0.3341,1.8839,60.0,3569.4,NORMAL,0,
1,2026-10-01T15:58:18Z,3.9258,0.0015,1.5795,30.0,1770.6,NORMAL,1,DESBALANCEAMENTO
2,2026-10-01T15:58:18Z,5.9143,-0.0793,1.5312,30.0,1778.2,ATENCAO,1,DESBALANCEAMENTO
3,2026-10-01T15:58:18Z,2.1357,0.4182,4.1846,30.0,1771.9,ATENCAO,1,FALHA_ROLAMENTO
4,2026-10-01T15:58:18Z,1.0473,0.3197,2.0209,30.0,1783.2,NORMAL,0,
5,2026-10-01T15:58:18Z,1.4019,0.1538,1.9551,60.0,3555.3,NORMAL,0,
6,2026-10-01T15:58:18Z,1.0651,0.2757,1.8956,60.0,3568.1,NORMAL,0,
1,2026-10-01T15:59:18Z,4.7519,-0.0941,1.5348,30.0,1784.0,ATENCAO,1,DESBALANCEAMENTO
2,2026-10-01T15:59:18Z,5.8305,0.0923,1.5435,30.0,1770.1,ATENCAO,1,DESBALANCEAMENTO
3,2026-10-01T15:59:18Z,2.3271,0.7492,4.4874,30.0,1775.6,ATENCAO,1,FALHA_ROLAMENTO
4,2026-10-01T15:59:18Z,0.962,-0.3047,1.9343,30.0,1782.6,NORMAL,0,
5,2026-10-01T15:59:18Z,1.444,-0.3036,1.913,60.0,3569.1,NORMAL,0,
6,2026-10-01T15:59:18Z,1.1432,0.2991,1.874,60.0,3573.6,NORMAL,0,
1,2026-10-01T16:00:18Z,5.3048,0.0785,1.545,30.0,1779.8,ATENCAO,1,DESBALANCEAMENTO
2,2026-10-01T16:00:18Z,6.2832,-0.057,1.5221,30.0,1763.7,ATENCAO,1,DESBALANCEAMENTO
3,2026-10-01T16:00:18Z,2.3897,0.6788,4.9762,30.0,1784.8,ATENCAO,1,FALHA_ROLAMENTO
4,2026-10-01T16:00:18Z,1.0687,0.2605,1.8953,30.0,1786.9,NORMAL,0,
5,2026-10-01T16:00:18Z,1.3998,-0.1421,1.9735,60.0,3580.0,NORMAL,0,
6,2026-10-01T16:00:18Z,1.0874,0.2784,2.0366,60.0,3560.6,NORMAL,0,
1,2026-10-01T16:01:18Z,5.6372,0.107,1.5213,30.0,1781.7,ATENCAO,1,DESBALANCEAMENTO
2,2026-10-01T16:01:18Z,6.7025,0.0974,1.5292,30.0,1778.8,ATENCAO,1,DESBALANCEAMENTO
3,2026-10-01T16:01:18Z,2.5101,0.9011,5.6406,30.0,1787.2,ATENCAO,1,FALHA_ROLAMENTO
4,2026-10-01T16:01:18Z,0.9974,-0.0908,1.9018,30.0,1779.2,NORMAL,0,
5,2026-10-01T16:01:18Z,1.3746,0.2459,1.8703,60.0,3552.3,NORMAL,0,
6,2026-10-01T16:01:18Z,1.1292,0.0014,1.8897,60.0,3554.4,NORMAL,0,
1,2026-10-01T16:02:18Z,6.4666,0.081,1.5287,30.0,1782.6,ATENCAO,1,DESBALANCEAMENTO
2,2026-10-01T16:02:18Z,7.0802,0.064,1.527,30.0,1784.4,ATENCAO,1,DESBALANCEAMENTO
3,2026-10-01T16:02:18Z,2.6374,1.0173,6.1077,30.0,1768.3,ATENCAO,1,FALHA_ROLAMENTO
4,2026-10-01T16:02:18Z,1.0365,0.0658,1.9376,30.0,1783.6,NORMAL,0,
5,2026-10-01T16:02:18Z,1.3961,-0.0213,1.9279,60.0,3584.0,NORMAL,0,
6,2026-10-01T16:02:18Z,1.1086,0.3246,1.9362,60.0,3600.9,NORMAL,0,
1,2026-10-01T16:03:18Z,1.4777,0.3036,1.9315,30.0,1778.8,NORMAL,0,
2,2026-10-01T16:03:18Z,1.662,0.3196,1.9344,30.0,1768.6,NORMAL,0,
3,2026-10-01T16:03:18Z,2.8032,1.0418,6.2838,30.0,1777.2,ATENCAO,1,FALHA_ROLAMENTO
4,2026-10-01T16:03:18Z,1.0156,0.229,1.9673,30.0,1783.1,NORMAL,0,
5,2026-10-01T16:03:18Z,1.4349,-0.1728,1.8974,60.0,3571.4,NORMAL,0,
6,2026-10-01T16:03:18Z,1.066,0.2988,1.9191,60.0,3545.8,NORMAL,0,
1,2026-10-01T16:04:18Z,1.5743,0.1053,1.9687,30.0,1792.4,NORMAL,0,
2,2026-10-01T16:04:18Z,1.7246,0.2964,1.9601,30.0,1772.5,NORMAL,0,
3,2026-10-01T16:04:18Z,2.8992,1.0696,6.6679,30.0,1772.4,ATENCAO,1,FALHA_ROLAMENTO
4,2026-10-01T16:04:18Z,1.0573,-0.3254,1.9173,30.0,1787.0,NORMAL,0,
5,2026-10-01T16:04:18Z,1.4348,-0.2601,1.8493,60.0,3570.9,NORMAL,0,
6,2026-10-01T16:04:18Z,1.0986,-0.1742,1.9206,58.0,3538.0,NORMAL,0,
1,2026-10-01T16:05:18Z,1.6223,-0.1722,1.9071,30.0,1785.8,NORMAL,0,
2,2026-10-01T16:05:18Z,1.7061,0.2422,1.9305,30.0,1779.9,NORMAL,0,
3,2026-10-01T16:05:18Z,3.0816,1.0538,6.4879,30.0,1771.6,ATENCAO,1,FALHA_ROLAMENTO
4,2026-10-01T16:05:18Z,1.0926,0.2406,1.8888,30.0,1776.0,NORMAL,0,
5,2026-10-01T16:05:18Z,1.4148,0.3006,1.9101,60.0,3580.7,NORMAL,0,
6,2026-10-01T16:05:18Z,1.0675,-0.0107,1.9838,60.0,3551.3,NORMAL,0,
1,2026-10-01T16:06:18Z,1.6359,0.3188,1.8768,30.0,1778.5,NORMAL,0,
2,2026-10-01T16:06:18Z,1.6275,-0.2685,1.9796,30.0,1780.5,NORMAL,0,
3,2026-10-01T16:06:18Z,3.2382,1.1103,6.9278,30.0,1770.7,ATENCAO,1,FALHA_ROLAMENTO
4,2026-10-01T16:06:18Z,0.9684,-0.3024,1.9985,30.0,1781.0,NORMAL,0,
5,2026-10-01T16:06:18Z,1.483,0.1343,1.9862,60.0,3558.2,NORMAL,0,
6,2026-10-01T16:06:18Z,1.0285,-0.2781,2.0246,60.0,3564.9,NORMAL,0,
1,2026-10-01T16:07:18Z,1.6349,0.3024,1.9308,30.0,1776.5,NORMAL,0,
2,2026-10-01T16:07:18Z,1.7383,0.2079,1.9262,30.0,1779.4,NORMAL,0,
3,2026-10-01T16:07:18Z,1.5839,0.0835,1.9587,30.0,1786.4,NORMAL,0,
4,2026-10-01T16:07:18Z,1.0481,0.3111,1.8773,30.0,1779.9,NORMAL,0,
5,2026-10-01T16:07:18Z,1.4021,0.1317,1.9401,60.0,3572.3,NORMAL,0,
6,2026-10-01T16:07:18Z,1.0811,-0.3235,1.9012,60.0,3553.6,NORMAL,0,
1,2026-10-01T16:08:18Z,1.5825,0.2715,1.9311,30.0,1776.3,NORMAL,0,
2,2026-10-01T16:08:18Z,1.7042,-0.3044,1.8867,30.0,1757.5,NORMAL,0,
3,2026-10-01T16:08:18Z,1.5785,0.2776,1.9155,30.0,1777.2,NORMAL,0,
4,2026-10-01T16:08:18Z,1.0659,0.1323,1.9751,30.0,1789.0,NORMAL,0,
5,2026-10-01T16:08:18Z,1.3847,-0.0118,1.9388,60.0,3581.8,NORMAL,0,
6,2026-10-01T16:08:18Z,1.0965,0.2912,1.8792,60.0,3543.2,NORMAL,0,
1,2026-10-01T16:09:18Z,1.5538,0.1242,1.9324,30.0,1781.9,NORMAL,0,
2,2026-10-01T16:09:18Z,1.7187,-0.2824,1.8931,30.0,1779.5,NORMAL,0,
3,2026-10-01T16:09:18Z,1.5603,0.2913,1.9406,30.0,1777.5,NORMAL,0,
4,2026-10-01T16:09:18Z,1.0088,0.2102,1.9431,30.0,1777.1,NORMAL,0,
5,2026-10-01T16:09:18Z,1.4064,0.181,1.8637,60.0,3562.8,NORMAL,0,
6,2026-10-01T16:09:18Z,1.1364,0.043,1.9834,60.0,3571.3,NORMAL,0,
1,2026-10-01T16:10:18Z,1.531,0.1124,1.9461,30.0,1780.4,NORMAL,0,
2,2026-10-01T16:10:18Z,1.605,0.0936,1.9862,30.0,1790.2,NORMAL,0,
3,2026-10-01T16:10:18Z,1.5502,-0.2519,1.9792,30.0,1780.0,NORMAL,0,
4,2026-10-01T16:10:18Z,0.9861,-0.0138,1.9324,30.0,1779.3,NORMAL,0,
5,2026-10-01T16:10:18Z,1.4225,0.2439,1.8806,60.0,3578.7,NORMAL,0,
6,2026-10-01T16:10:18Z,1.1227,0.0919,1.9728,60.0,3557.0,NORMAL,0,
1,2026-10-01T16:11:18Z,1.505,0.2192,1.9635,30.0,1778.6,NORMAL,0,
2,2026-10-01T16:11:18Z,1.6262,0.1761,1.934,30.0,1782.8,NORMAL,0,
3,2026-10-01T16:11:18Z,1.5947,-0.0765,1.9374,30.0,1774.4,NORMAL,0,
4,2026-10-01T16:11:18Z,1.0341,0.2498,1.9353,30.0,1774.6,NORMAL,0,
5,2026-10-01T16:11:18Z,1.3819,0.2628,1.9123,60.0,3550.4,NORMAL,0,
6,2026-10-01T16:11:18Z,1.1007,0.1586,1.9308,60.0,3566.0,NORMAL,0,
1,2026-10-01T16:12:18Z,1.6105,0.2977,1.918,30.0,1780.5,NORMAL,0,
2,2026-10-01T16:12:18Z,1.7387,0.3225,1.8849,30.0,1776.5,NORMAL,0,
3,2026-10-01T16:12:18Z,1.5625,0.049,1.9606,30.0,1778.8,NORMAL,0,
4,2026-10-01T16:12:18Z,1.0643,-0.2484,1.9227,30.0,1785.7,NORMAL,0,
5,2026-10-01T16:12:18Z,1.3733,0.1037,1.8976,60.0,3557.4,NORMAL,0,
6,2026-10-01T16:12:18Z,1.072,0.2868,1.9523,60.0,3552.6,NORMAL,0,
1,2026-10-01T16:13:18Z,1.5241,0.011,1.9403,30.0,1781.6,NORMAL,0,
2,2026-10-01T16:13:18Z,1.6431,0.2477,1.896,30.0,1786.4,NORMAL,0,
3,2026-10-01T16:13:18Z,1.6139,-0.271,1.8927,30.0,1795.3,NORMAL,0,
4,2026-10-01T16:13:18Z,1.0603,0.2767,1.9083,30.0,1776.6,NORMAL,0,
5,2026-10-01T16:13:18Z,1.3671,0.2682,1.8987,60.0,3555.3,NORMAL,0,
6,2026-10-01T16:13:18Z,1.0699,0.106,1.864,60.0,3572.5,NORMAL,0,
1,2026-10-01T16:14:18Z,1.5436,0.2882,1.8462,30.0,1783.7,NORMAL,0,
2,2026-10-01T16:14:18Z,1.7336,0.1637,1.9152,30.0,1790.6,NORMAL,0,
3,2026-10-01T16:14:18Z,1.5885,0.0858,1.8765,30.0,1768.6,NORMAL,0,
4,2026-10-01T16:14:18Z,1.0101,0.2678,1.9607,30.0,1775.7,NORMAL,0,
5,2026-10-01T16:14:18Z,1.423,0.2474,1.9229,60.0,3570.1,NORMAL,0,
6,2026-10-01T16:14:18Z,1.1183,-0.2542,1.878,60.0,3570.8,NORMAL,0,
1,2026-10-01T16:15:18Z,1.5719,0.316,1.9295,30.0,1796.2,NORMAL,0,
2,2026-10-01T16:15:18Z,1.7417,-0.2913,1.9346,30.0,1791.3,NORMAL,0,
3,2026-10-01T16:15:18Z,1.7005,0.3638,1.8885,30.0,1778.6,NORMAL,0,
4,2026-10-01T16:15:18Z,0.9812,0.2928,1.9465,30.0,1771.3,NORMAL,0,
5,2026-10-01T16:15:18Z,1.4525,-0.237,1.9098,60.0,3551.5,NORMAL,0,
6,2026-10-01T16:15:18Z,1.0948,-0.3145,1.9532,60.0,3567.0,NORMAL,0,
1,2026-10-01T16:16:18Z,1.4782,0.3154,1.9604,30.0,1784.3,NORMAL,0,
2,2026-10-01T16:16:18Z,1.7083,0.301,1.9161,30.0,1779.3,NORMAL,0,
3,2026-10-01T16:16:18Z,1.6057,0.2504,1.9599,30.0,1779.8,NORMAL,0,
4,2026-10-01T16:16:18Z,1.0791,-0.1486,1.8997,30.0,1776.0,NORMAL,0,
5,2026-10-01T16:16:18Z,1.382,0.3004,1.8664,60.0,3543.4,NORMAL,0,
6,2026-10-01T16:16:18Z,1.0361,0.0351,1.9646,60.0,3569.5,NORMAL,0,
1,2026-10-01T16:17:18Z,1.6104,-0.24,1.9301,30.0,1783.4,NORMAL,0,
2,2026-10-01T16:17:18Z,1.6722,0.2925,1.9096,30.0,1773.5,NORMAL,0,
3,2026-10-01T16:17:18Z,1.6961,-0.2222,1.8247,30.0,1769.6,NORMAL,0,
4,2026-10-01T16:17:18Z,1.0421,-0.1344,1.9372,30.0,1783.0,NORMAL,0,
5,2026-10-01T16:17:18Z,1.4017,0.1426,2.0011,60.0,3571.0,NORMAL,0,
6,2026-10-01T16:17:18Z,1.1068,-0.1056,1.9386,60.0,3565.5,NORMAL,0,
1,2026-10-01T16:18:18Z,1.4755,0.1096,1.9666,30.0,1781.8,NORMAL,0,
2,2026-10-01T16:18:18Z,1.7123,-0.1161,1.9291,30.0,1775.8,NORMAL,0,
3,2026-10-01T16:18:18Z,1.6781,0.3047,1.8618,30.0,1784.8,NORMAL,0,
4,2026-10-01T16:18:18Z,1.0833,-0.2661,1.8558,30.0,1784.6,NORMAL,0,
5,2026-10-01T16:18:18Z,1.4014,0.2676,1.9121,60.0,3556.9,NORMAL,0,
6,2026-10-01T16:18:18Z,1.0891,0.2374,1.8838,60.0,3552.3,NORMAL,0,
1,2026-10-01T16:19:18Z,1.4838,0.1393,1.927,30.0,1761.6,NORMAL,0,
2,2026-10-01T16:19:18Z,1.7771,-0.2109,1.8723,30.0,1778.8,NORMAL,0,
3,2026-10-01T16:19:18Z,1.6063,0.1366,1.9114,30.0,1783.3,NORMAL,0,
4,2026-10-01T16:19:18Z,1.0039,-0.2136,1.9529,30.0,1786.8,NORMAL,0,
5,2026-10-01T16:19:18Z,1.4245,0.3617,1.9177,60.0,3543.2,NORMAL,0,
6,2026-10-01T16:19:18Z,1.1161,0.0055,1.9173,60.0,3568.5,NORMAL,0,
1,2026-10-01T16:20:18Z,1.6488,0.2039,1.8893,30.0,1781.0,NORMAL,0,
2,2026-10-01T16:20:18Z,1.7185,-0.2646,1.9251,30.0,1782.7,NORMAL,0,
3,2026-10-01T16:20:18Z,1.5516,-0.1452,1.9428,30.0,1784.9,NORMAL,0,
4,2026-10-01T16:20:18Z,1.0422,0.3332,1.9662,30.0,1792.0,NORMAL,0,
5,2026-10-01T16:20:18Z,1.4747,0.3064,1.8911,60.0,3553.1,NORMAL,0,
6,2026-10-01T16:20:18Z,1.0957,0.2942,1.9312,60.0,3575.6,NORMAL,0,
1,2026-10-01T16:21:18Z,1.6162,0.2255,1.8898,30.0,1782.9,NORMAL,0,
2,2026-10-01T16:21:18Z,1.6871,0.2792,1.8746,30.0,1792.3,NORMAL,0,
3,2026-10-01T16:21:18Z,1.6018,0.187,1.9619,30.0,1771.9,NORMAL,0,
4,2026-10-01T16:21:18Z,1.0432,0.233,1.9445,30.0,1780.5,NORMAL,0,
5,2026-10-01T16:21:18Z,1.3985,-0.0815,1.9064,60.0,3551.3,NORMAL,0,
6,2026-10-01T16:21:18Z,1.0778,0.2755,1.9504,60.0,3553.9,NORMAL,0,
1,2026-10-01T16:22:18Z,1.4933,0.316,1.9509,30.0,1779.8,NORMAL,0,
2,2026-10-01T16:22:18Z,1.6439,0.2898,1.9204,30.0,1786.4,NORMAL,0,
3,2026-10-01T16:22:18Z,1.6444,0.2624,1.9228,30.0,1777.6,NORMAL,0,
4,2026-10-01T16:22:18Z,1.0468,0.072,1.9318,30.0,1769.4,NORMAL,0,
5,2026-10-01T16:22:18Z,1.4415,-0.0532,1.9135,60.0,3583.5,NORMAL,0,
6,2026-10-01T16:22:18Z,1.046,0.3429,1.9622,60.0,3565.0,NORMAL,0,
1,2026-10-01T16:23:18Z,1.6824,0.2728,1.8718,30.0,1770.6,NORMAL,0,
2,2026-10-01T16:23:18Z,1.6594,-0.3575,2.0009,30.0,1774.2,NORMAL,0,
3,2026-10-01T16:23:18Z,1.5197,0.1173,2.0109,30.0,1764.3,NORMAL,0,
4,2026-10-01T16:23:18Z,1.0244,0.3001,1.9473,30.0,1783.1,NORMAL,0,
5,2026-10-01T16:23:18Z,1.4324,-0.2211,1.8893,60.0,3574.4,NORMAL,0,
6,2026-10-01T16:23:18Z,1.0317,0.1534,1.9323,60.0,3546.9,NORMAL,0,
1,2026-10-01T16:24:18Z,1.5639,-0.2861,1.8918,30.0,1787.0,NORMAL,0,
2,2026-10-01T16:24:18Z,1.5742,0.2926,2.0074,30.0,1783.5,NORMAL,0,
3,2026-10-01T16:24:18Z,1.5739,0.2684,1.914,30.0,1777.5,NORMAL,0,
4,2026-10-01T16:24:18Z,1.0023,-0.229,1.9506,30.0,1783.0,NORMAL,0,
5,2026-10-01T16:24:18Z,1.3364,0.2505,1.8923,60.0,3554.6,NORMAL,0,
6,2026-10-01T16:24:18Z,1.1017,0.2792,1.9258,60.0,3567.2,NORMAL,0,
1,2026-10-01T16:25:18Z,1.5226,0.3217,1.9449,30.0,1776.2,NORMAL,0,
2,2026-10-01T16:25:18Z,1.6278,-0.2883,1.9307,30.0,1778.3,NORMAL,0,
3,2026-10-01T16:25:18Z,1.645,0.2013,1.9599,30.0,1787.7,NORMAL,0,
4,2026-10-01T16:25:18Z,1.0997,-0.2293,1.7982,30.0,1765.8,NORMAL,0,
5,2026-10-01T16:25:18Z,1.4914,0.3184,1.8867,60.0,3565.5,NORMAL,0,
6,2026-10-01T16:25:18Z,1.0597,0.0458,2.0521,60.0,3576.6,NORMAL,0,
1,2026-10-01T16:26:18Z,1.607,0.3015,1.8935,30.0,1774.9,NORMAL,0,
2,2026-10-01T16:26:18Z,1.6674,-0.1151,1.9435,30.0,1780.4,NORMAL,0,
3,2026-10-01T16:26:18Z,1.6048,0.3097,1.9471,30.0,1773.9,NORMAL,0,
4,2026-10-01T16:26:18Z,1.0329,0.1547,1.9714,30.0,1790.8,NORMAL,0,
5,2026-10-01T16:26:18Z,1.4194,0.1964,1.9235,60.0,3555.5,NORMAL,0,
6,2026-10-01T16:26:18Z,1.1197,-0.1098,1.9458,60.0,3540.7,NORMAL,0,
1,2026-10-01T16:27:18Z,1.6122,-0.3011,1.9702,30.0,1787.2,NORMAL,0,
2,2026-10-01T16:27:18Z,1.752,0.2876,1.9033,30.0,1783.7,NORMAL,0,
3,2026-10-01T16:27:18Z,1.6131,0.0475,1.8591,30.0,1785.6,NORMAL,0,
4,2026-10-01T16:27:18Z,1.0407,-0.1865,1.9375,30.0,1786.4,NORMAL,0,
5,2026-10-01T16:27:18Z,1.4301,0.2987,1.8801,60.0,3570.0,NORMAL,0,
6,2026-10-01T16:27:18Z,1.095,0.0266,1.8735,60.0,3564.8,NORMAL,0,
1,2026-10-01T16:28:18Z,1.5646,0.1926,1.9278,30.0,1779.7,NORMAL,0,
2,2026-10-01T16:28:18Z,1.6554,0.0462,1.9709,30.0,1781.0,NORMAL,0,
3,2026-10-01T16:28:18Z,1.6165,0.2713,1.849,30.0,1777.0,NORMAL,0,
4,2026-10-01T16:28:18Z,0.9886,-0.0861,1.9627,30.0,1773.1,NORMAL,0,
5,2026-10-01T16:28:18Z,1.4166,0.0658,1.8964,60.0,3557.7,NORMAL,0,
6,2026-10-01T16:28:18Z,1.06,0.2648,1.909,60.0,3560.4,NORMAL,0,
1,2026-10-01T16:29:18Z,1.4833,-0.2336,1.9929,30.0,1777.4,NORMAL,0,
2,2026-10-01T16:29:18Z,1.7065,0.3336,1.9261,30.0,1775.0,NORMAL,0,
3,2026-10-01T16:29:18Z,1.5739,0.3465,1.949,30.0,1780.3,NORMAL,0,
4,2026-10-01T16:29:18Z,1.0871,0.3427,1.9352,30.0,1782.7,NORMAL,0,
5,2026-10-01T16:29:18Z,1.4274,-0.1503,1.9386,60.0,3546.7,NORMAL,0,
6,2026-10-01T16:29:18Z,1.0507,0.278,1.9224,58.0,3529.8,NORMAL,0,
1,2026-10-01T16:30:18Z,1.5369,-0.2899,1.9437,30.0,1790.3,NORMAL,0,
2,2026-10-01T16:30:18Z,1.7243,0.3594,1.968,30.0,1768.5,NORMAL,0,
3,2026-10-01T16:30:18Z,1.5428,0.2745,1.9694,30.0,1782.4,NORMAL,0,
4,2026-10-01T16:30:18Z,1.0216,0.0353,1.9508,30.0,1776.8,NORMAL,0,
5,2026-10-01T16:30:18Z,1.4575,0.1862,1.9007,60.0,3559.2,NORMAL,0,
6,2026-10-01T16:30:18Z,1.0747,0.2461,1.9587,60.0,3571.5,NORMAL,0,
1,2026-10-01T16:31:18Z,1.6484,-0.0948,1.9803,30.0,1779.4,NORMAL,0,
2,2026-10-01T16:31:18Z,1.6925,0.2048,1.9386,30.0,1793.8,NORMAL,0,
3,2026-10-01T16:31:18Z,1.5777,0.0643,1.9225,30.0,1774.4,NORMAL,0,
4,2026-10-01T16:31:18Z,0.9571,0.3336,2.0179,30.0,1781.5,NORMAL,0,
5,2026-10-01T16:31:18Z,1.4896,-0.0909,1.9254,58.0,3538.6,NORMAL,0,
6,2026-10-01T16:31:18Z,1.083,0.1248,1.897,60.0,3558.9,NORMAL,0,
1,2026-10-01T16:32:18Z,1.5923,-0.3157,1.9422,30.0,1772.8,NORMAL,0,
2,2026-10-01T16:32:18Z,1.6986,-0.2206,1.8729,30.0,1784.9,NORMAL,0,
3,2026-10-01T16:32:18Z,1.617,0.2948,1.9573,30.0,1789.8,NORMAL,0,
4,2026-10-01T16:32:18Z,1.0142,-0.0345,1.956,30.0,1777.6,NORMAL,0,
5,2026-10-01T16:32:18Z,1.4397,0.3066,1.866,60.0,3547.6,NORMAL,0,
6,2026-10-01T16:32:18Z,1.1472,-0.3013,1.9462,60.0,3569.0,NORMAL,0,
1,2026-10-01T16:33:18Z,1.5721,-0.2533,1.8838,30.0,1768.3,NORMAL,0,
2,2026-10-01T16:33:18Z,1.8146,-0.0761,1.9283,30.0,1776.2,NORMAL,0,
3,2026-10-01T16:33:18Z,1.6223,-0.3063,1.9694,30.0,1781.8,NORMAL,0,
4,2026-10-01T16:33:18Z,1.0302,0.2488,1.9192,30.0,1769.9,NORMAL,0,
5,2026-10-01T16:33:18Z,1.4577,-0.1761,1.9353,60.0,3571.2,NORMAL,0,
6,2026-10-01T16:33:18Z,1.0827,-0.2241,1.939,60.0,3562.0,NORMAL,0,
1,2026-10-01T16:34:18Z,1.5362,-0.1731,1.9463,30.0,1766.3,NORMAL,0,
2,2026-10-01T16:34:18Z,1.6641,0.1306,1.9736,30.0,1775.4,NORMAL,0,
3,2026-10-01T16:34:18Z,1.6212,-0.3694,1.923,30.0,1775.9,NORMAL,0,
4,2026-10-01T16:34:18Z,1.0509,-0.0181,1.9093,30.0,1781.3,NORMAL,0,
5,2026-10-01T16:34:18Z,1.3721,0.2934,1.9515,60.0,3564.9,NORMAL,0,
6,2026-10-01T16:34:18Z,1.1546,-0.3011,1.8539,60.0,3563.0,NORMAL,0,
1,2026-10-01T16:35:18Z,1.5429,-0.0514,1.9253,30.0,1777.1,NORMAL,0,
2,2026-10-01T16:35:18Z,1.682,0.216,1.9044,30.0,1787.1,NORMAL,0,
3,2026-10-01T16:35:18Z,1.5874,0.1601,1.9785,30.0,1778.1,NORMAL,0,
4,2026-10-01T16:35:18Z,1.0499,-0.0911,1.9314,30.0,1788.0,NORMAL,0,
5,2026-10-01T16:35:18Z,1.3772,0.3606,1.9592,60.0,3558.9,NORMAL,0,
6,2026-10-01T16:35:18Z,1.0991,0.3115,1.9921,60.0,3552.6,NORMAL,0,
1,2026-10-01T16:36:18Z,1.5233,0.2643,1.9949,30.0,1772.2,NORMAL,0,
2,2026-10-01T16:36:18Z,1.6933,0.1191,2.0365,30.0,1791.7,NORMAL,0,
3,2026-10-01T16:36:18Z,1.5318,0.2583,1.9384,30.0,1778.8,NORMAL,0,
4,2026-10-01T16:36:18Z,1.0135,0.0192,1.9546,30.0,1771.8,NORMAL,0,
5,2026-10-01T16:36:18Z,1.4181,-0.1819,1.9301,60.0,3565.5,NORMAL,0,
6,2026-10-01T16:36:18Z,1.0976,-0.3293,1.9527,60.0,3559.3,NORMAL,0,
1,2026-10-01T16:37:18Z,1.5308,-0.025,1.9691,30.0,1782.8,NORMAL,0,
2,2026-10-01T16:37:18Z,1.6342,-0.1952,1.8998,30.0,1789.1,NORMAL,0,
3,2026-10-01T16:37:18Z,1.57,-0.2253,1.9948,30.0,1780.4,NORMAL,0,
4,2026-10-01T16:37:18Z,1.0146,-0.2919,1.9028,30.0,1793.6,NORMAL,0,
5,2026-10-01T16:37:18Z,1.4125,0.0314,1.8994,60.0,3556.8,NORMAL,0,
6,2026-10-01T16:37:18Z,1.0427,-0.2933,1.9789,60.0,3554.9,NORMAL,0,
1,2026-10-01T16:38:18Z,1.5892,0.1627,1.9196,30.0,1783.0,NORMAL,0,
2,2026-10-01T16:38:18Z,1.7678,0.3212,1.912,30.0,1776.4,NORMAL,0,
3,2026-10-01T16:38:18Z,1.6405,0.2987,1.9675,30.0,1775.3,NORMAL,0,
4,2026-10-01T16:38:18Z,1.0346,-0.1986,1.931,30.0,1781.2,NORMAL,0,
5,2026-10-01T16:38:18Z,1.4118,0.0088,1.9793,60.0,3550.7,NORMAL,0,
6,2026-10-01T16:38:18Z,1.1485,0.1903,1.8811,58.0,3536.8,NORMAL,0,
1,2026-10-01T16:39:18Z,1.5417,0.3291,1.9002,30.0,1773.7,NORMAL,0,
2,2026-10-01T16:39:18Z,1.7124,0.3013,1.9249,30.0,1775.7,NORMAL,0,
3,2026-10-01T16:39:18Z,1.5599,-0.0278,1.9799,30.0,1789.3,NORMAL,0,
4,2026-10-01T16:39:18Z,1.0146,0.0101,1.937,30.0,1784.1,NORMAL,0,
5,2026-10-01T16:39:18Z,1.456,-0.1808,1.9026,58.0,3534.6,NORMAL,0,
6,2026-10-01T16:39:18Z,1.5365,0.4764,3.1805,910.0,3542.5,NORMAL,1,FALHA_ROLAMENTO
1,2026-10-01T16:40:18Z,1.5017,0.241,1.9805,30.0,1790.6,NORMAL,0,
2,2026-10-01T16:40:18Z,1.7869,0.1343,1.947,30.0,1775.9,NORMAL,0,
3,2026-10-01T16:40:18Z,1.5952,0.0877,1.9294,30.0,1772.7,NORMAL,0,
4,2026-10-01T16:40:18Z,0.9948,-0.0558,1.9544,30.0,1781.1,NORMAL,0,
5,2026-10-01T16:40:18Z,1.4548,0.1974,1.9074,60.0,3559.5,NORMAL,0,
6,2026-10-01T16:40:18Z,1.6663,0.5673,3.5037,910.0,3542.7,NORMAL,1,FALHA_ROLAMENTO
1,2026-10-01T16:41:18Z,1.4946,0.1606,1.9552,30.0,1774.0,NORMAL,0,
2,2026-10-01T16:41:18Z,1.676,0.2748,1.9419,30.0,1773.9,NORMAL,0,
3,2026-10-01T16:41:18Z,1.6131,0.2271,1.9333,30.0,1774.5,NORMAL,0,
4,2026-10-01T16:41:18Z,1.0313,-0.1707,1.8793,30.0,1777.1,NORMAL,0,
5,2026-10-01T16:41:18Z,1.4526,0.1297,1.8892,60.0,3553.4,NORMAL,0,
6,2026-10-01T16:41:18Z,1.9341,0.6268,3.6194,910.0,3573.5,NORMAL,1,FALHA_ROLAMENTO
1,2026-10-01T16:42:18Z,1.5537,-0.0168,2.0243,30.0,1786.3,NORMAL,0,
2,2026-10-01T16:42:18Z,1.6545,-0.3015,2.0021,30.0,1778.3,NORMAL,0,
3,2026-10-01T16:42:18Z,1.6977,0.2523,1.8796,30.0,1787.4,NORMAL,0,
4,2026-10-01T16:42:18Z,1.067,-0.0808,1.9112,30.0,1777.6,NORMAL,0,
5,2026-10-01T16:42:18Z,1.3457,0.3073,1.929,60.0,3585.8,NORMAL,0,
6,2026-10-01T16:42:18Z,2.1115,0.7527,3.8993,910.0,3549.4,NORMAL,1,FALHA_ROLAMENTO
1,2026-10-01T16:43:18Z,1.471,0.1143,2.0087,30.0,1791.1,NORMAL,0,
2,2026-10-01T16:43:18Z,1.7086,0.084,1.9189,30.0,1770.1,NORMAL,0,
3,2026-10-01T16:43:18Z,1.5643,0.0785,2.0071,30.0,1782.0,NORMAL,0,
4,2026-10-01T16:43:18Z,1.0207,0.2063,1.9428,30.0,1779.8,NORMAL,0,
5,2026-10-01T16:43:18Z,1.4254,-0.0535,1.9656,60.0,3555.4,NORMAL,0,
6,2026-10-01T16:43:18Z,2.329,0.7203,4.0328,910.0,3551.7,ATENCAO,1,FALHA_ROLAMENTO
1,2026-10-01T16:44:18Z,1.5462,0.3115,1.9561,30.0,1775.9,NORMAL,0,
2,2026-10-01T16:44:18Z,1.7105,0.3077,1.9192,30.0,1776.1,NORMAL,0,
3,2026-10-01T16:44:18Z,1.5755,0.2765,1.9959,30.0,1786.9,NORMAL,0,
4,2026-10-01T16:44:18Z,1.0105,0.3165,1.9377,30.0,1776.6,NORMAL,0,
5,2026-10-01T16:44:18Z,1.3671,0.2145,1.9033,60.0,3591.2,NORMAL,0,
6,2026-10-01T16:44:18Z,2.5543,0.7504,4.0897,910.0,3557.6,ATENCAO,1,FALHA_ROLAMENTO
1,2026-10-01T16:45:18Z,1.5481,0.0763,1.9703,30.0,1779.7,NORMAL,0,
2,2026-10-01T16:45:18Z,1.7641,0.0588,1.8603,30.0,1775.1,NORMAL,0,
3,2026-10-01T16:45:18Z,1.4761,0.3271,1.9067,30.0,1778.9,NORMAL,0,
4,2026-10-01T16:45:18Z,1.0099,-0.3169,1.9412,30.0,1779.5,NORMAL,0,
5,2026-10-01T16:45:18Z,1.4033,0.1319,1.9186,60.0,3564.0,NORMAL,0,
6,2026-10-01T16:45:18Z,2.7655,0.8228,4.2101,910.0,3551.2,ATENCAO,1,FALHA_ROLAMENTO
1,2026-10-01T16:46:18Z,1.6157,0.2739,1.9426,30.0,1787.0,NORMAL,0,
2,2026-10-01T16:46:18Z,1.7095,-0.3146,1.9256,30.0,1792.6,NORMAL,0,
3,2026-10-01T16:46:18Z,1.5488,-0.2758,2.0483,30.0,1777.0,NORMAL,0,
4,2026-10-01T16:46:18Z,0.9961,-0.0328,1.9802,30.0,1777.8,NORMAL,0,
5,2026-10-01T16:46:18Z,1.4183,-0.2883,1.8942,60.0,3565.8,NORMAL,0,
6,2026-10-01T16:46:18Z,2.9405,0.8644,4.3572,910.0,3558.4,ATENCAO,1,FALHA_ROLAMENTO
1,2026-10-01T16:47:18Z,1.5059,0.229,1.9463,30.0,1775.2,NORMAL,0,
2,2026-10-01T16:47:18Z,1.7316,0.2551,2.0,30.0,1783.0,NORMAL,0,
3,2026-10-01T16:47:18Z,1.6445,0.1501,1.9225,30.0,1780.8,NORMAL,0,
4,2026-10-01T16:47:18Z,1.078,0.2556,1.845,30.0,1767.1,NORMAL,0,
5,2026-10-01T16:47:18Z,1.4507,-0.3203,1.9341,60.0,3540.8,NORMAL,0,
6,2026-10-01T16:47:18Z,1.1018,-0.3463,1.9839,60.0,3584.1,NORMAL,0,
1,2026-10-01T16:48:18Z,1.5715,0.0533,1.9903,30.0,1785.0,NORMAL,0,
2,2026-10-01T16:48:18Z,1.6436,-0.2298,1.9753,30.0,1783.6,NORMAL,0,
3,2026-10-01T16:48:18Z,1.5859,-0.1619,1.9528,30.0,1782.9,NORMAL,0,
4,2026-10-01T16:48:18Z,1.0626,0.2372,1.904,30.0,1781.1,NORMAL,0,
5,2026-10-01T16:48:18Z,1.4489,-0.0232,1.866,60.0,3554.4,NORMAL,0,
6,2026-10-01T16:48:18Z,1.1019,0.3699,1.9743,60.0,3554.5,NORMAL,0,
1,2026-10-01T16:49:18Z,1.5191,0.2872,1.9702,30.0,1779.0,NORMAL,0,
2,2026-10-01T16:49:18Z,1.5527,0.2437,1.9674,30.0,1788.1,NORMAL,0,
3,2026-10-01T16:49:18Z,1.6727,-0.303,1.9232,30.0,1783.0,NORMAL,0,
4,2026-10-01T16:49:18Z,1.0138,0.2985,1.9352,30.0,1780.2,NORMAL,0,
5,2026-10-01T16:49:18Z,1.4143,0.2116,1.8819,60.0,3567.8,NORMAL,0,
6,2026-10-01T16:49:18Z,1.1034,0.2319,1.9351,60.0,3575.3,NORMAL,0,
1,2026-10-01T16:50:18Z,1.6028,0.3285,1.9877,30.0,1776.8,NORMAL,0,
2,2026-10-01T16:50:18Z,1.6909,0.1646,1.9827,30.0,1771.4,NORMAL,0,
3,2026-10-01T16:50:18Z,1.6352,0.0661,1.9363,30.0,1778.5,NORMAL,0,
4,2026-10-01T16:50:18Z,1.0205,-0.1223,1.9057,30.0,1775.2,NORMAL,0,
5,2026-10-01T16:50:18Z,1.4007,0.2384,1.8891,60.0,3562.1,NORMAL,0,
6,2026-10-01T16:50:18Z,1.045,-0.0002,1.9414,58.0,3522.0,NORMAL,0,
1,2026-10-01T16:51:18Z,1.6267,0.3365,1.8955,30.0,1775.2,NORMAL,0,
2,2026-10-01T16:51:18Z,1.6688,0.2973,1.9891,30.0,1779.6,NORMAL,0,
3,2026-10-01T16:51:18Z,1.6226,0.0139,1.9448,30.0,1779.2,NORMAL,0,
4,2026-10-01T16:51:18Z,1.0623,-0.0568,1.8788,30.0,1774.8,NORMAL,0,
5,2026-10-01T16:51:18Z,1.457,-0.0098,1.894,60.0,3568.6,NORMAL,0,
6,2026-10-01T16:51:18Z,1.1033,-0.2446,1.9025,60.0,3543.6,NORMAL,0,
1,2026-10-01T16:52:18Z,1.5207,-0.1188,1.9649,30.0,1771.6,NORMAL,0,
2,2026-10-01T16:52:18Z,1.6696,0.1766,1.9741,30.0,1784.8,NORMAL,0,
3,2026-10-01T16:52:18Z,1.5791,0.147,1.946,30.0,1784.4,NORMAL,0,
4,2026-10-01T16:52:18Z,1.0007,0.3182,2.0005,30.0,1775.8,NORMAL,0,
5,2026-10-01T16:52:18Z,1.4288,0.1756,1.9183,60.0,3543.6,NORMAL,0,
6,2026-10-01T16:52:18Z,1.0979,0.1593,1.9065,60.0,3542.2,NORMAL,0,
1,2026-10-01T16:53:18Z,1.558,0.2063,1.9621,30.0,1779.6,NORMAL,0,
2,2026-10-01T16:53:18Z,1.7037,-0.0191,1.9624,30.0,1774.8,NORMAL,0,
3,2026-10-01T16:53:18Z,3.4589,0.1486,1.6025,30.0,1775.2,NORMAL,1,DESBALANCEAMENTO
4,2026-10-01T16:53:18Z,1.0249,0.3183,1.9649,30.0,1786.0,NORMAL,0,
5,2026-10-01T16:53:18Z,1.354,0.1376,1.8803,60.0,3552.1,NORMAL,0,
6,2026-10-01T16:53:18Z,1.0804,-0.2946,1.9125,60.0,3560.7,NORMAL,0,
1,2026-10-01T16:54:18Z,1.5882,0.2832,1.9162,30.0,1774.8,NORMAL,0,
2,2026-10-01T16:54:18Z,1.7149,0.2913,1.9165,30.0,1788.4,NORMAL,0,
3,2026-10-01T16:54:18Z,4.2032,0.0945,1.5666,30.0,1777.0,NORMAL,1,DESBALANCEAMENTO
4,2026-10-01T16:54:18Z,1.0131,-0.2304,1.9235,30.0,1774.1,NORMAL,0,
5,2026-10-01T16:54:18Z,1.4181,0.2551,1.8901,60.0,3543.4,NORMAL,0,
6,2026-10-01T16:54:18Z,1.0881,0.268,1.926,60.0,3570.2,NORMAL,0,
1,2026-10-01T16:55:18Z,1.6212,0.0436,1.9315,30.0,1777.4,NORMAL,0,
2,2026-10-01T16:55:18Z,1.671,0.2099,2.0384,30.0,1772.2,NORMAL,0,
3,2026-10-01T16:55:18Z,4.6797,-0.091,1.5535,30.0,1789.8,ATENCAO,1,DESBALANCEAMENTO
4,2026-10-01T16:55:18Z,1.0199,0.0143,1.9372,30.0,1778.6,NORMAL,0,
5,2026-10-01T16:55:18Z,1.3801,-0.23,1.9461,58.0,3527.8,NORMAL,0,
6,2026-10-01T16:55:18Z,1.1367,0.2671,1.8499,58.0,3538.8,NORMAL,0,
1,2026-10-01T16:56:18Z,1.5454,0.0439,1.9107,30.0,1785.6,NORMAL,0,
2,2026-10-01T16:56:18Z,1.6505,-0.2546,1.9269,30.0,1776.8,NORMAL,0,
3,2026-10-01T16:56:18Z,5.1245,0.0227,1.5367,30.0,1776.5,ATENCAO,1,DESBALANCEAMENTO
4,2026-10-01T16:56:18Z,1.0551,0.2075,1.9464,30.0,1776.5,NORMAL,0,
5,2026-10-01T16:56:18Z,1.412,-0.2493,1.8458,58.0,3529.2,NORMAL,0,
6,2026-10-01T16:56:18Z,1.0699,0.3153,1.944,60.0,3552.2,NORMAL,0,
1,2026-10-01T16:57:18Z,1.5961,-0.1729,1.8611,30.0,1787.5,NORMAL,0,
2,2026-10-01T16:57:18Z,1.6986,-0.0333,1.9792,30.0,1780.2,NORMAL,0,
3,2026-10-01T16:57:18Z,5.6122,0.09,1.5366,30.0,1783.9,ATENCAO,1,DESBALANCEAMENTO
4,2026-10-01T16:57:18Z,1.0494,0.0181,1.8827,30.0,1776.7,NORMAL,0,
5,2026-10-01T16:57:18Z,1.4048,0.2294,1.9188,60.0,3555.3,NORMAL,0,
6,2026-10-01T16:57:18Z,1.087,0.2791,1.9378,60.0,3564.9,NORMAL,0,
1,2026-10-01T16:58:18Z,1.5546,0.17,1.9411,30.0,1787.3,NORMAL,0,
2,2026-10-01T16:58:18Z,1.7934,-0.2322,1.9547,30.0,1778.4,NORMAL,0,
3,2026-10-01T16:58:18Z,5.8989,0.0979,1.5503,30.0,1782.1,ATENCAO,1,DESBALANCEAMENTO
4,2026-10-01T16:58:18Z,1.0425,0.3507,1.9307,30.0,1770.6,NORMAL,0,
5,2026-10-01T16:58:18Z,1.3463,-0.1449,1.9221,60.0,3550.0,NORMAL,0,
6,2026-10-01T16:58:18Z,1.0656,0.1513,2.0574,60.0,3554.2,NORMAL,0,
1,2026-10-01T16:59:18Z,1.6076,0.2778,1.9327,30.0,1782.2,NORMAL,0,
2,2026-10-01T16:59:18Z,1.7648,0.2474,1.9884,30.0,1783.1,NORMAL,0,
3,2026-10-01T16:59:18Z,6.4102,0.1039,1.535,30.0,1776.0,ATENCAO,1,DESBALANCEAMENTO
4,2026-10-01T16:59:18Z,1.0555,0.342,1.905,30.0,1788.8,NORMAL,0,
5,2026-10-01T16:59:18Z,1.4405,0.1545,1.9719,60.0,3553.8,NORMAL,0,
6,2026-10-01T16:59:18Z,1.1049,0.2475,1.9237,60.0,3597.4,NORMAL,0,
1,2026-10-01T17:00:18Z,1.6375,0.3187,1.8897,30.0,1774.5,NORMAL,0,
2,2026-10-01T17:00:18Z,1.7666,0.2504,1.993,30.0,1778.4,NORMAL,0,
3,2026-10-01T17:00:18Z,1.5935,-0.0922,1.8928,30.0,1773.5,NORMAL,0,
4,2026-10-01T17:00:18Z,1.0476,-0.2623,1.8761,30.0,1775.8,NORMAL,0,
5,2026-10-01T17:00:18Z,1.3705,0.0749,2.008,60.0,3555.4,NORMAL,0,
6,2026-10-01T17:00:18Z,1.1027,0.0399,1.879,60.0,3558.1,NORMAL,0,
1,2026-10-01T17:01:18Z,1.475,0.2075,1.9548,30.0,1785.1,NORMAL,0,
2,2026-10-01T17:01:18Z,1.7367,-0.3358,1.9643,30.0,1774.2,NORMAL,0,
3,2026-10-01T17:01:18Z,1.5482,0.2977,1.9055,30.0,1776.0,NORMAL,0,
4,2026-10-01T17:01:18Z,1.0284,0.318,1.9358,30.0,1790.1,NORMAL,0,
5,2026-10-01T17:01:18Z,1.3476,-0.1191,1.9281,60.0,3538.8,NORMAL,0,
6,2026-10-01T17:01:18Z,1.12,-0.3386,1.8664,60.0,3563.7,NORMAL,0,
1,2026-10-01T17:02:18Z,1.5598,0.013,1.9401,30.0,1782.8,NORMAL,0,
2,2026-10-01T17:02:18Z,1.7009,0.2567,1.9303,30.0,1777.6,NORMAL,0,
3,2026-10-01T17:02:18Z,1.8732,0.3164,3.4531,30.0,1777.2,NORMAL,1,FALHA_ROLAMENTO
4,2026-10-01T17:02:18Z,1.0341,-0.3059,1.8888,30.0,1781.3,NORMAL,0,
5,2026-10-01T17:02:18Z,1.3864,-0.1294,1.908,60.0,3553.3,NORMAL,0,
6,2026-10-01T17:02:18Z,1.1015,-0.0726,1.8848,60.0,3563.6,NORMAL,0,
1,2026-10-01T17:03:18Z,1.5992,0.3098,1.9352,30.0,1774.5,NORMAL,0,
2,2026-10-01T17:03:18Z,1.7388,0.0523,1.9038,30.0,1782.1,NORMAL,0,
3,2026-10-01T17:03:18Z,2.0563,0.3396,3.723,30.0,1770.1,NORMAL,1,FALHA_ROLAMENTO
4,2026-10-01T17:03:18Z,1.066,0.206,1.8836,30.0,1771.8,NORMAL,0,
5,2026-10-01T17:03:18Z,1.3844,0.2965,2.0133,60.0,3542.0,NORMAL,0,
6,2026-10-01T17:03:18Z,1.1065,0.2809,1.9158,58.0,3513.8,NORMAL,0,
1,2026-10-01T17:04:18Z,2.672,0.5526,2.2901,30.0,1793.1,NORMAL,1,DESALINHAMENTO
2,2026-10-01T17:04:18Z,1.6539,0.2808,1.9237,30.0,1775.1,NORMAL,0,
3,2026-10-01T17:04:18Z,2.1732,0.7106,4.4388,30.0,1780.9,ATENCAO,1,FALHA_ROLAMENTO
4,2026-10-01T17:04:18Z,1.0109,0.0908,1.955,30.0,1782.1,NORMAL,0,
5,2026-10-01T17:04:18Z,1.4752,-0.0835,1.8973,60.0,3561.8,NORMAL,0,
6,2026-10-01T17:04:18Z,1.0743,0.0492,1.884,60.0,3579.0,NORMAL,0,
1,2026-10-01T17:05:18Z,3.2452,0.647,2.2702,30.0,1779.8,NORMAL,1,DESALINHAMENTO
2,2026-10-01T17:05:18Z,1.7015,0.3237,1.9316,30.0,1777.3,NORMAL,0,
3,2026-10-01T17:05:18Z,2.3033,0.7004,4.6016,30.0,1781.8,ATENCAO,1,FALHA_ROLAMENTO
4,2026-10-01T17:05:18Z,1.0174,0.0298,1.9425,30.0,1776.9,NORMAL,0,
5,2026-10-01T17:05:18Z,1.4189,0.3406,2.0244,60.0,3583.3,NORMAL,0,
6,2026-10-01T17:05:18Z,1.096,0.2882,1.8796,60.0,3544.2,NORMAL,0,
1,2026-10-01T17:06:18Z,3.1903,-0.0776,2.2611,30.0,1776.6,NORMAL,1,DESALINHAMENTO
2,2026-10-01T17:06:18Z,1.7128,0.1013,1.9464,30.0,1776.9,NORMAL,0,
3,2026-10-01T17:06:18Z,2.4464,0.703,5.3247,30.0,1783.5,ATENCAO,1,FALHA_ROLAMENTO
4,2026-10-01T17:06:18Z,1.046,-0.3383,1.934,30.0,1785.2,NORMAL,0,
5,2026-10-01T17:06:18Z,1.344,-0.1729,1.9594,60.0,3567.1,NORMAL,0,
6,2026-10-01T17:06:18Z,1.1529,-0.0154,1.8765,58.0,3540.8,NORMAL,0,
1,2026-10-01T17:07:18Z,3.7066,0.2579,2.2767,60.0,1784.7,NORMAL,1,DESALINHAMENTO
2,2026-10-01T17:07:18Z,1.7105,0.2811,1.8456,30.0,1774.5,NORMAL,0,
3,2026-10-01T17:07:18Z,2.584,0.8308,5.7136,30.0,1776.8,ATENCAO,1,FALHA_ROLAMENTO
4,2026-10-01T17:07:18Z,1.0338,0.0858,1.9277,30.0,1779.6,NORMAL,0,
5,2026-10-01T17:07:18Z,1.4556,0.0921,1.9389,60.0,3542.7,NORMAL,0,
6,2026-10-01T17:07:18Z,1.1141,-0.2562,1.9663,60.0,3558.8,NORMAL,0,
1,2026-10-01T17:08:18Z,3.6954,0.6146,2.2499,60.0,1784.3,NORMAL,1,DESALINHAMENTO
2,2026-10-01T17:08:18Z,1.7445,0.3194,1.8576,30.0,1786.0,NORMAL,0,
3,2026-10-01T17:08:18Z,2.7235,1.0695,6.0961,30.0,1782.6,ATENCAO,1,FALHA_ROLAMENTO
4,2026-10-01T17:08:18Z,1.0361,0.3299,1.9048,30.0,1788.7,NORMAL,0,
5,2026-10-01T17:08:18Z,1.409,0.2238,1.8989,60.0,3564.1,NORMAL,0,
6,2026-10-01T17:08:18Z,1.0694,0.1548,1.883,60.0,3560.1,NORMAL,0,
1,2026-10-01T17:09:18Z,4.2031,-0.5662,2.2332,60.0,1785.8,NORMAL,1,DESALINHAMENTO
2,2026-10-01T17:09:18Z,1.7074,0.3103,2.0021,30.0,1766.7,NORMAL,0,
3,2026-10-01T17:09:18Z,2.8787,1.1958,6.7642,30.0,1780.7,ATENCAO,1,FALHA_ROLAMENTO
4,2026-10-01T17:09:18Z,1.0248,-0.0152,1.942,30.0,1776.2,NORMAL,0,
5,2026-10-01T17:09:18Z,1.3907,0.3026,1.8952,60.0,3549.3,NORMAL,0,
6,2026-10-01T17:09:18Z,1.059,0.2845,1.8924,60.0,3566.0,NORMAL,0,
1,2026-10-01T17:10:18Z,4.5235,-0.3584,2.2018,60.0,1783.2,ATENCAO,1,DESALINHAMENTO
2,2026-10-01T17:10:18Z,1.709,0.0392,1.8906,30.0,1771.0,NORMAL,0,
3,2026-10-01T17:10:18Z,3.0639,1.2465,6.9617,30.0,1786.9,ATENCAO,1,FALHA_ROLAMENTO
4,2026-10-01T17:10:18Z,1.0664,-0.0647,1.9737,30.0,1767.8,NORMAL,0,
5,2026-10-01T17:10:18Z,1.4338,-0.0733,1.9312,60.0,3542.7,NORMAL,0,
6,2026-10-01T17:10:18Z,1.1005,-0.3395,1.9633,60.0,3573.6,NORMAL,0,
1,2026-10-01T17:11:18Z,4.7159,-0.5479,2.1822,60.0,1777.7,ATENCAO,1,DESALINHAMENTO
2,2026-10-01T17:11:18Z,1.6425,-0.2627,1.9191,30.0,1768.3,NORMAL,0,
3,2026-10-01T17:11:18Z,3.2409,1.1092,7.0983,30.0,1776.6,ATENCAO,1,FALHA_ROLAMENTO
4,2026-10-01T17:11:18Z,1.0078,0.2717,1.917,30.0,1780.1,NORMAL,0,
5,2026-10-01T17:11:18Z,1.3058,0.093,1.9859,60.0,3554.1,NORMAL,0,
6,2026-10-01T17:11:18Z,1.0873,0.3054,1.9522,60.0,3565.0,NORMAL,0,
1,2026-10-01T17:12:18Z,5.0583,0.4092,2.1871,60.0,1793.2,ATENCAO,1,DESALINHAMENTO
2,2026-10-01T17:12:18Z,1.7606,-0.2973,1.9411,30.0,1785.9,NORMAL,0,
3,2026-10-01T17:12:18Z,1.5417,0.1802,1.9976,30.0,1776.7,NORMAL,0,
4,2026-10-01T17:12:18Z,1.049,0.1841,1.9222,30.0,1781.9,NORMAL,0,
5,2026-10-01T17:12:18Z,1.3489,0.2254,2.0059,60.0,3542.0,NORMAL,0,
6,2026-10-01T17:12:18Z,1.0443,0.1751,2.0295,60.0,3559.4,NORMAL,0,
1,2026-10-01T17:13:18Z,5.1901,0.3088,2.1302,58.0,1763.0,ATENCAO,1,DESALINHAMENTO
2,2026-10-01T17:13:18Z,1.7222,-0.0409,1.955,30.0,1776.9,NORMAL,0,
3,2026-10-01T17:13:18Z,1.5583,-0.3015,1.9533,30.0,1788.1,NORMAL,0,
4,2026-10-01T17:13:18Z,0.9777,-0.0818,1.9079,30.0,1780.4,NORMAL,0,
5,2026-10-01T17:13:18Z,1.3569,0.2415,1.8987,60.0,3557.5,NORMAL,0,
6,2026-10-01T17:13:18Z,1.0663,0.3093,1.9455,60.0,3558.7,NORMAL,0,
1,2026-10-01T17:14:18Z,1.5801,0.3391,1.9177,30.0,1785.6,NORMAL,0,
2,2026-10-01T17:14:18Z,1.6872,0.2605,1.9,30.0,1764.4,NORMAL,0,
3,2026-10-01T17:14:18Z,1.5826,-0.0254,1.9062,30.0,1773.5,NORMAL,0,
4,2026-10-01T17:14:18Z,1.0737,0.1825,1.9017,30.0,1773.5,NORMAL,0,
5,2026-10-01T17:14:18Z,1.3425,0.1477,1.8971,60.0,3547.4,NORMAL,0,
6,2026-10-01T17:14:18Z,1.1058,-0.0612,1.9124,60.0,3541.8,NORMAL,0,
1,2026-10-01T17:15:18Z,1.5642,0.1642,1.9021,30.0,1776.3,NORMAL,0,
2,2026-10-01T17:15:18Z,1.6195,0.2869,1.9576,30.0,1775.1,NORMAL,0,
3,2026-10-01T17:15:18Z,1.6285,0.2137,1.9357,30.0,1780.7,NORMAL,0,
4,2026-10-01T17:15:18Z,1.0268,0.1892,1.9669,30.0,1778.2,NORMAL,0,
5,2026-10-01T17:15:18Z,1.3546,-0.2198,1.9277,60.0,3553.6,NORMAL,0,
6,2026-10-01T17:15:18Z,1.0761,0.2207,1.8936,60.0,3553.9,NORMAL,0,
1,2026-10-01T17:16:18Z,1.6482,-0.186,1.908,30.0,1793.7,NORMAL,0,
2,2026-10-01T17:16:18Z,1.6736,0.331,1.9394,30.0,1770.9,NORMAL,0,
3,2026-10-01T17:16:18Z,1.5556,-0.2463,1.9258,30.0,1789.4,NORMAL,0,
4,2026-10-01T17:16:18Z,1.0548,0.2397,1.93,30.0,1783.4,NORMAL,0,
5,2026-10-01T17:16:18Z,1.4109,0.3109,1.9863,60.0,3579.6,NORMAL,0,
6,2026-10-01T17:16:18Z,1.1081,0.0319,1.9618,60.0,3548.0,NORMAL,0,
1,2026-10-01T17:17:18Z,1.5368,0.3388,1.9992,30.0,1757.1,NORMAL,0,
2,2026-10-01T17:17:18Z,1.7334,0.2014,1.9318,30.0,1785.5,NORMAL,0,
3,2026-10-01T17:17:18Z,1.5576,-0.1393,1.8666,30.0,1769.6,NORMAL,0,
4,2026-10-01T17:17:18Z,1.036,0.1608,1.9002,30.0,1771.0,NORMAL,0,
5,2026-10-01T17:17:18Z,1.4213,0.1562,1.9215,60.0,3552.8,NORMAL,0,
6,2026-10-01T17:17:18Z,1.0689,0.2601,1.9985,60.0,3592.1,NORMAL,0,
1,2026-10-01T17:18:18Z,1.5947,-0.0119,1.9085,30.0,1773.6,NORMAL,0,
2,2026-10-01T17:18:18Z,1.6983,-0.3098,1.9445,30.0,1788.9,NORMAL,0,
3,2026-10-01T17:18:18Z,1.5714,0.1106,1.8743,30.0,1776.3,NORMAL,0,
4,2026-10-01T17:18:18Z,0.9864,0.2731,1.8911,30.0,1777.8,NORMAL,0,
5,2026-10-01T17:18:18Z,1.4223,0.1865,1.9243,60.0,3566.8,NORMAL,0,
6,2026-10-01T17:18:18Z,1.1498,0.0195,1.9067,60.0,3554.1,NORMAL,0,
1,2026-10-01T17:19:18Z,1.561,0.0187,1.9002,30.0,1787.4,NORMAL,0,
2,2026-10-01T17:19:18Z,1.7274,0.3299,1.9513,30.0,1776.4,NORMAL,0,
3,2026-10-01T17:19:18Z,1.5945,-0.127,1.8889,30.0,1780.5,NORMAL,0,
4,2026-10-01T17:19:18Z,1.0145,-0.272,1.9609,30.0,1771.7,NORMAL,0,
5,2026-10-01T17:19:18Z,1.3791,0.219,1.9493,60.0,3555.6,NORMAL,0,
6,2026-10-01T17:19:18Z,1.3373,-4.9662,90.1253,60.0,3549.0,CRITICO,1,PICO_ISOLADO
1,2026-10-01T17:20:18Z,1.6102,-0.2176,1.9168,30.0,1770.7,NORMAL,0,
2,2026-10-01T17:20:18Z,1.7497,-0.0535,1.9439,30.0,1780.9,NORMAL,0,
3,2026-10-01T17:20:18Z,1.568,0.1706,1.9486,30.0,1778.0,NORMAL,0,
4,2026-10-01T17:20:18Z,0.9804,0.0569,1.9651,30.0,1775.9,NORMAL,0,
5,2026-10-01T17:20:18Z,1.3065,0.2503,1.9532,60.0,3551.7,NORMAL,0,
6,2026-10-01T17:20:18Z,1.5015,-0.0603,135.2686,60.0,3583.2,CRITICO,1,PICO_ISOLADO
1,2026-10-01T17:21:18Z,1.5166,-0.3701,1.9564,30.0,1782.3,NORMAL,0,
2,2026-10-01T17:21:18Z,1.6566,0.1673,2.0188,30.0,1781.5,NORMAL,0,
3,2026-10-01T17:21:18Z,1.551,0.3477,1.9265,30.0,1782.0,NORMAL,0,
4,2026-10-01T17:21:18Z,1.0144,0.1395,1.9186,30.0,1784.8,NORMAL,0,
5,2026-10-01T17:21:18Z,1.3432,0.1166,1.9677,60.0,3562.8,NORMAL,0,
6,2026-10-01T17:21:18Z,1.0509,-0.1392,1.8599,60.0,3564.6,NORMAL,0,
1,2026-10-01T17:22:18Z,1.5184,0.273,1.9735,30.0,1782.7,NORMAL,0,
2,2026-10-01T17:22:18Z,1.7124,0.0176,1.8994,30.0,1774.4,NORMAL,0,
3,2026-10-01T17:22:18Z,1.6791,-0.111,1.9733,30.0,1770.8,NORMAL,0,
4,2026-10-01T17:22:18Z,1.0244,0.3412,1.99,30.0,1778.9,NORMAL,0,
5,2026-10-01T17:22:18Z,1.4054,-0.129,1.8688,60.0,3565.1,NORMAL,0,
6,2026-10-01T17:22:18Z,1.0396,0.2717,1.9965,60.0,3560.4,NORMAL,0,
1,2026-10-01T17:23:18Z,1.6011,-0.2777,1.8801,30.0,1776.1,NORMAL,0,
2,2026-10-01T17:23:18Z,1.6363,0.3165,1.9907,30.0,1777.6,NORMAL,0,
3,2026-10-01T17:23:18Z,1.5225,0.0632,1.9675,30.0,1780.9,NORMAL,0,
4,2026-10-01T17:23:18Z,0.9947,0.308,1.8678,30.0,1780.0,NORMAL,0,
5,2026-10-01T17:23:18Z,1.3588,0.0162,1.979,60.0,3560.7,NORMAL,0,
6,2026-10-01T17:23:18Z,1.0537,-0.3335,1.9424,60.0,3556.4,NORMAL,0,
1,2026-10-01T17:24:18Z,1.4973,0.3266,2.0172,30.0,1791.3,NORMAL,0,
2,2026-10-01T17:24:18Z,1.7669,-0.1412,1.9094,30.0,1785.2,NORMAL,0,
3,2026-10-01T17:24:18Z,1.5978,0.1297,1.9493,30.0,1787.4,NORMAL,0,
4,2026-10-01T17:24:18Z,1.056,0.2309,1.9081,30.0,1776.5,NORMAL,0,
5,2026-10-01T17:24:18Z,1.3935,0.1914,1.8895,60.0,3573.5,NORMAL,0,
6,2026-10-01T17:24:18Z,1.1465,0.182,1.91,60.0,3551.5,NORMAL,0,
1,2026-10-01T17:25:18Z,1.6603,-0.2718,1.8406,30.0,1775.7,NORMAL,0,
2,2026-10-01T17:25:18Z,1.6862,0.2973,1.9184,30.0,1773.1,NORMAL,0,
3,2026-10-01T17:25:18Z,1.6195,0.3265,1.928,30.0,1778.5,NORMAL,0,
4,2026-10-01T17:25:18Z,1.0791,0.1853,1.8913,30.0,1774.4,NORMAL,0,
5,2026-10-01T17:25:18Z,1.3495,0.2964,1.8889,60.0,3568.1,NORMAL,0,
6,2026-10-01T17:25:18Z,1.1092,0.3085,1.9123,60.0,3541.7,NORMAL,0,
1,2026-10-01T17:26:18Z,1.5577,0.0802,1.9177,30.0,1786.3,NORMAL,0,
2,2026-10-01T17:26:18Z,1.6049,0.0741,1.9936,30.0,1781.3,NORMAL,0,
3,2026-10-01T17:26:18Z,1.6005,-0.3006,1.9183,30.0,1789.6,NORMAL,0,
4,2026-10-01T17:26:18Z,1.0546,0.115,1.9211,30.0,1788.5,NORMAL,0,
5,2026-10-01T17:26:18Z,1.3657,0.2803,1.9267,60.0,3552.1,NORMAL,0,
6,2026-10-01T17:26:18Z,1.1293,-0.3064,1.9565,60.0,3551.9,NORMAL,0,
1,2026-10-01T17:27:18Z,1.5327,0.3063,1.9299,30.0,1784.6,NORMAL,0,
2,2026-10-01T17:27:18Z,1.6611,0.1349,1.9202,30.0,1775.1,NORMAL,0,
3,2026-10-01T17:27:18Z,1.5381,0.2445,1.9972,30.0,1777.2,NORMAL,0,
4,2026-10-01T17:27:18Z,1.0026,-0.2423,1.8603,30.0,1771.3,NORMAL,0,
5,2026-10-01T17:27:18Z,1.3501,-0.0002,1.9391,60.0,3574.0,NORMAL,0,
6,2026-10-01T17:27:18Z,1.0696,0.2322,1.893,60.0,3560.0,NORMAL,0,
1,2026-10-01T17:28:18Z,1.5505,0.3557,1.9407,30.0,1780.5,NORMAL,0,
2,2026-10-01T17:28:18Z,1.7413,0.2412,1.9115,30.0,1779.3,NORMAL,0,
3,2026-10-01T17:28:18Z,1.5834,0.1648,1.935,30.0,1772.8,NORMAL,0,
4,2026-10-01T17:28:18Z,1.0361,-0.2145,1.9107,30.0,1786.3,NORMAL,0,
5,2026-10-01T17:28:18Z,1.4869,-0.0516,1.9661,60.0,3569.4,NORMAL,0,
6,2026-10-01T17:28:18Z,1.1462,-0.3178,1.8871,58.0,3537.4,NORMAL,0,
1,2026-10-01T17:29:18Z,1.5566,-0.2147,1.9734,30.0,1775.9,NORMAL,0,
2,2026-10-01T17:29:18Z,1.7359,0.2444,1.892,30.0,1779.0,NORMAL,0,
3,2026-10-01T17:29:18Z,1.5896,0.2003,1.9338,30.0,1779.1,NORMAL,0,
4,2026-10-01T17:29:18Z,1.0128,-0.3294,1.9808,30.0,1788.0,NORMAL,0,
5,2026-10-01T17:29:18Z,1.3985,0.2405,1.8566,60.0,3541.2,NORMAL,0,
6,2026-10-01T17:29:18Z,1.06,0.3558,2.0038,58.0,3532.7,NORMAL,0,
1,2026-10-01T17:30:18Z,1.5725,0.2878,1.9056,30.0,1779.9,NORMAL,0,
2,2026-10-01T17:30:18Z,1.6951,-0.2824,1.8498,30.0,1782.9,NORMAL,0,
3,2026-10-01T17:30:18Z,1.5903,0.0765,1.9926,30.0,1785.6,NORMAL,0,
4,2026-10-01T17:30:18Z,1.0373,-0.3007,1.9778,30.0,1778.3,NORMAL,0,
5,2026-10-01T17:30:18Z,1.4132,0.0248,1.8535,60.0,3562.7,NORMAL,0,
6,2026-10-01T17:30:18Z,1.115,0.2588,1.9075,60.0,3561.1,NORMAL,0,
1,2026-10-01T17:31:18Z,1.6222,0.0086,1.9305,30.0,1768.7,NORMAL,0,
2,2026-10-01T17:31:18Z,1.7317,0.1123,1.8719,30.0,1770.4,NORMAL,0,
3,2026-10-01T17:31:18Z,1.5946,0.1432,1.9615,30.0,1775.7,NORMAL,0,
4,2026-10-01T17:31:18Z,1.0461,-0.295,1.9148,30.0,1783.4,NORMAL,0,
5,2026-10-01T17:31:18Z,1.4179,0.0453,1.9282,60.0,3544.0,NORMAL,0,
6,2026-10-01T17:31:18Z,1.1077,0.2101,1.8644,60.0,3552.4,NORMAL,0,
1,2026-10-01T17:32:18Z,1.6507,0.2749,1.8842,30.0,1771.9,NORMAL,0,
2,2026-10-01T17:32:18Z,1.7168,0.2929,1.9308,30.0,1776.7,NORMAL,0,
3,2026-10-01T17:32:18Z,1.6016,0.2826,1.9167,30.0,1765.2,NORMAL,0,
4,2026-10-01T17:32:18Z,1.0094,0.2515,1.9325,30.0,1774.7,NORMAL,0,
5,2026-10-01T17:32:18Z,1.3317,0.1972,2.0021,60.0,3548.3,NORMAL,0,
6,2026-10-01T17:32:18Z,1.0603,0.3267,1.979,60.0,3543.0,NORMAL,0,
1,2026-10-01T17:33:18Z,1.6053,0.3591,1.9336,30.0,1775.7,NORMAL,0,
2,2026-10-01T17:33:18Z,1.7128,-0.2589,1.9158,30.0,1773.6,NORMAL,0,
3,2026-10-01T17:33:18Z,1.5732,0.0875,1.9231,30.0,1783.4,NORMAL,0,
4,2026-10-01T17:33:18Z,1.0736,0.0203,1.9628,30.0,1780.0,NORMAL,0,
5,2026-10-01T17:33:18Z,1.3799,-0.2373,1.8903,60.0,3579.4,NORMAL,0,
6,2026-10-01T17:33:18Z,1.1104,-0.1558,1.9606,60.0,3562.4,NORMAL,0,
1,2026-10-01T17:34:18Z,1.5907,-0.2103,1.8796,30.0,1773.1,NORMAL,0,
2,2026-10-01T17:34:18Z,1.7715,-0.3012,1.8972,30.0,1774.2,NORMAL,0,
3,2026-10-01T17:34:18Z,1.6552,0.3479,1.9463,30.0,1784.4,NORMAL,0,
4,2026-10-01T17:34:18Z,1.0049,0.2411,1.9622,30.0,1770.9,NORMAL,0,
5,2026-10-01T17:34:18Z,1.3983,0.0172,1.9447,60.0,3565.4,NORMAL,0,
6,2026-10-01T17:34:18Z,1.5275,0.3049,3.1418,60.0,3566.9,NORMAL,1,FALHA_ROLAMENTO
1,2026-10-01T17:35:18Z,1.532,-0.2204,1.9616,30.0,1783.9,NORMAL,0,
2,2026-10-01T17:35:18Z,1.8063,0.3667,1.9209,30.0,1780.3,NORMAL,0,
3,2026-10-01T17:35:18Z,1.6056,-0.2478,1.8681,30.0,1776.3,NORMAL,0,
4,2026-10-01T17:35:18Z,1.0601,0.0651,1.9355,30.0,1772.0,NORMAL,0,
5,2026-10-01T17:35:18Z,1.412,0.1006,1.9559,60.0,3573.8,NORMAL,0,
6,2026-10-01T17:35:18Z,1.7653,0.4058,3.3962,60.0,3575.0,NORMAL,1,FALHA_ROLAMENTO
1,2026-10-01T17:36:18Z,1.5431,0.2097,1.9569,30.0,1778.3,NORMAL,0,
2,2026-10-01T17:36:18Z,1.806,-0.1063,1.8694,30.0,1786.4,NORMAL,0,
3,2026-10-01T17:36:18Z,1.494,-0.1011,2.0119,30.0,1789.0,NORMAL,0,
4,2026-10-01T17:36:18Z,0.9647,-0.2435,1.9619,30.0,1780.8,NORMAL,0,
5,2026-10-01T17:36:18Z,1.4503,0.3102,1.94,60.0,3575.0,NORMAL,0,
6,2026-10-01T17:36:18Z,1.9557,0.6885,3.8608,910.0,3565.9,NORMAL,1,FALHA_ROLAMENTO
1,2026-10-01T17:37:18Z,1.5815,0.1906,1.9042,30.0,1777.8,NORMAL,0,
2,2026-10-01T17:37:18Z,1.7223,0.3251,1.8993,30.0,1776.4,NORMAL,0,
3,2026-10-01T17:37:18Z,1.6781,-0.2515,1.9015,30.0,1788.2,NORMAL,0,
4,2026-10-01T17:37:18Z,1.0151,0.054,1.8934,30.0,1790.0,NORMAL,0,
5,2026-10-01T17:37:18Z,1.3996,0.1284,1.9191,60.0,3558.0,NORMAL,0,
6,2026-10-01T17:37:18Z,2.2334,0.7565,3.9381,910.0,3565.6,NORMAL,1,FALHA_ROLAMENTO
1,2026-10-01T17:38:18Z,1.5316,-0.2453,1.8859,30.0,1781.2,NORMAL,0,
2,2026-10-01T17:38:18Z,1.7009,0.1865,1.974,30.0,1777.7,NORMAL,0,
3,2026-10-01T17:38:18Z,1.5351,0.0334,1.917,30.0,1791.2,NORMAL,0,
4,2026-10-01T17:38:18Z,1.0369,-0.1454,1.9014,30.0,1786.7,NORMAL,0,
5,2026-10-01T17:38:18Z,1.4528,-0.2714,1.8909,60.0,3544.1,NORMAL,0,
6,2026-10-01T17:38:18Z,2.4871,0.7654,4.1302,910.0,3584.7,ATENCAO,1,FALHA_ROLAMENTO
1,2026-10-01T17:39:18Z,1.5633,0.1548,1.945,30.0,1776.2,NORMAL,0,
2,2026-10-01T17:39:18Z,1.7073,-0.2443,1.8877,30.0,1784.6,NORMAL,0,
3,2026-10-01T17:39:18Z,1.6285,-0.1043,1.9653,30.0,1784.6,NORMAL,0,
4,2026-10-01T17:39:18Z,1.0407,-0.2243,1.9334,30.0,1786.4,NORMAL,0,
5,2026-10-01T17:39:18Z,1.4184,-0.0102,1.9105,60.0,3582.3,NORMAL,0,
6,2026-10-01T17:39:18Z,2.7375,0.8615,4.3081,910.0,3583.8,ATENCAO,1,FALHA_ROLAMENTO
1,2026-10-01T17:40:18Z,1.553,-0.3142,1.9659,30.0,1783.5,NORMAL,0,
2,2026-10-01T17:40:18Z,1.6181,0.3493,1.9541,30.0,1783.9,NORMAL,0,
3,2026-10-01T17:40:18Z,1.6246,0.3301,1.9128,30.0,1777.8,NORMAL,0,
4,2026-10-01T17:40:18Z,1.2523,0.3222,3.4089,30.0,1775.9,NORMAL,1,FALHA_ROLAMENTO
5,2026-10-01T17:40:18Z,1.3945,-0.2137,1.9189,60.0,3555.7,NORMAL,0,
6,2026-10-01T17:40:18Z,2.9745,0.8798,4.3252,910.0,3563.6,ATENCAO,1,FALHA_ROLAMENTO
1,2026-10-01T17:41:18Z,1.5602,0.2642,1.8715,30.0,1781.6,NORMAL,0,
2,2026-10-01T17:41:18Z,1.7,-0.1923,1.9151,30.0,1784.5,NORMAL,0,
3,2026-10-01T17:41:18Z,1.5406,0.1135,2.0024,30.0,1772.1,NORMAL,0,
4,2026-10-01T17:41:18Z,1.4052,0.4441,4.0162,30.0,1783.5,ATENCAO,1,FALHA_ROLAMENTO
5,2026-10-01T17:41:18Z,1.4106,0.007,1.9986,60.0,3580.4,NORMAL,0,
6,2026-10-01T17:41:18Z,1.0695,0.1747,1.9087,60.0,3559.0,NORMAL,0,
1,2026-10-01T17:42:18Z,1.5669,0.0192,1.909,30.0,1774.6,NORMAL,0,
2,2026-10-01T17:42:18Z,1.72,-0.2623,1.9605,30.0,1779.0,NORMAL,0,
3,2026-10-01T17:42:18Z,1.6514,-0.2803,1.8897,30.0,1782.6,NORMAL,0,
4,2026-10-01T17:42:18Z,1.5484,0.6854,4.9164,30.0,1775.7,ATENCAO,1,FALHA_ROLAMENTO
5,2026-10-01T17:42:18Z,1.4495,-0.0204,1.9582,60.0,3562.0,NORMAL,0,
6,2026-10-01T17:42:18Z,1.0748,-0.2636,1.9152,58.0,3529.0,NORMAL,0,
1,2026-10-01T17:43:18Z,1.6011,-0.2463,1.8842,30.0,1782.2,NORMAL,0,
2,2026-10-01T17:43:18Z,1.6731,0.1851,1.8732,30.0,1793.6,NORMAL,0,
3,2026-10-01T17:43:18Z,1.5604,-0.3215,1.938,30.0,1781.5,NORMAL,0,
4,2026-10-01T17:43:18Z,1.7005,0.9933,6.1755,30.0,1781.0,ATENCAO,1,FALHA_ROLAMENTO
5,2026-10-01T17:43:18Z,1.3951,-0.0297,1.8695,60.0,3573.4,NORMAL,0,
6,2026-10-01T17:43:18Z,1.124,0.1284,1.9225,60.0,3542.0,NORMAL,0,
1,2026-10-01T17:44:18Z,1.5639,0.2755,1.9379,30.0,1781.9,NORMAL,0,
2,2026-10-01T17:44:18Z,1.6937,0.349,1.9361,30.0,1780.6,NORMAL,0,
3,2026-10-01T17:44:18Z,1.5795,0.3047,1.9379,30.0,1779.1,NORMAL,0,
4,2026-10-01T17:44:18Z,1.8735,1.2064,6.8488,30.0,1770.6,ATENCAO,1,FALHA_ROLAMENTO
5,2026-10-01T17:44:18Z,1.3811,-0.2128,1.9374,60.0,3587.7,NORMAL,0,
6,2026-10-01T17:44:18Z,1.0768,0.0838,1.9726,60.0,3558.3,NORMAL,0,
1,2026-10-01T17:45:18Z,1.6006,0.3334,1.9558,30.0,1780.7,NORMAL,0,
2,2026-10-01T17:45:18Z,1.6843,0.0349,1.9154,30.0,1783.4,NORMAL,0,
3,2026-10-01T17:45:18Z,1.6117,0.3113,1.9057,30.0,1783.1,NORMAL,0,
4,2026-10-01T17:45:18Z,2.0776,1.1668,6.9798,30.0,1776.7,ATENCAO,1,FALHA_ROLAMENTO
5,2026-10-01T17:45:18Z,1.4397,0.0932,1.9049,60.0,3555.9,NORMAL,0,
6,2026-10-01T17:45:18Z,1.0576,-0.2182,1.88,60.0,3570.7,NORMAL,0,
1,2026-10-01T17:46:18Z,1.5711,0.2865,1.9653,30.0,1779.1,NORMAL,0,
2,2026-10-01T17:46:18Z,1.698,-0.1741,1.857,30.0,1777.6,NORMAL,0,
3,2026-10-01T17:46:18Z,1.5759,0.1845,1.933,30.0,1780.0,NORMAL,0,
4,2026-10-01T17:46:18Z,1.0408,-0.3722,2.0021,30.0,1790.1,NORMAL,0,
5,2026-10-01T17:46:18Z,1.4413,-0.0063,1.9406,60.0,3546.0,NORMAL,0,
6,2026-10-01T17:46:18Z,1.1073,-0.1476,1.9147,60.0,3565.4,NORMAL,0,
1,2026-10-01T17:47:18Z,1.6022,0.1425,1.8691,30.0,1783.4,NORMAL,0,
2,2026-10-01T17:47:18Z,1.6462,-0.0365,1.906,30.0,1770.3,NORMAL,0,
3,2026-10-01T17:47:18Z,1.6228,0.2837,1.8571,30.0,1794.6,NORMAL,0,
4,2026-10-01T17:47:18Z,0.9677,0.2113,2.008,30.0,1791.4,NORMAL,0,
5,2026-10-01T17:47:18Z,1.3874,0.1651,2.0343,60.0,3565.1,NORMAL,0,
6,2026-10-01T17:47:18Z,1.044,0.1312,1.9167,60.0,3566.2,NORMAL,0,
1,2026-10-01T17:48:18Z,1.6015,-0.3485,1.9278,30.0,1772.5,NORMAL,0,
2,2026-10-01T17:48:18Z,1.6379,0.3075,1.9677,30.0,1793.7,NORMAL,0,
3,2026-10-01T17:48:18Z,1.5303,0.0136,1.9347,30.0,1778.9,NORMAL,0,
4,2026-10-01T17:48:18Z,1.0668,0.01,1.9012,30.0,1779.0,NORMAL,0,
5,2026-10-01T17:48:18Z,1.388,0.1463,1.968,60.0,3576.3,NORMAL,0,
6,2026-10-01T17:48:18Z,1.0503,-0.079,1.9971,60.0,3568.5,NORMAL,0,
1,2026-10-01T17:49:18Z,1.546,-0.0831,1.9731,30.0,1780.9,NORMAL,0,
2,2026-10-01T17:49:18Z,1.5668,0.1063,1.9711,30.0,1781.3,NORMAL,0,
3,2026-10-01T17:49:18Z,1.5762,0.0299,1.8756,30.0,1777.1,NORMAL,0,
4,2026-10-01T17:49:18Z,1.0276,-0.1155,1.9155,30.0,1776.2,NORMAL,0,
5,2026-10-01T17:49:18Z,1.3397,-0.0589,1.9401,58.0,3525.3,NORMAL,0,
6,2026-10-01T17:49:18Z,1.0774,-0.0369,1.8667,60.0,3557.3,NORMAL,0,
1,2026-10-01T17:50:18Z,1.6089,0.0965,1.9928,30.0,1778.8,NORMAL,0,
2,2026-10-01T17:50:18Z,1.7511,0.2421,1.9367,30.0,1784.7,NORMAL,0,
3,2026-10-01T17:50:18Z,1.6027,0.2721,1.917,30.0,1770.7,NORMAL,0,
4,2026-10-01T17:50:18Z,1.027,-0.328,1.8948,30.0,1781.0,NORMAL,0,
5,2026-10-01T17:50:18Z,1.3887,0.282,1.9663,60.0,3572.6,NORMAL,0,
6,2026-10-01T17:50:18Z,1.0732,0.2854,1.9571,60.0,3553.3,NORMAL,0,
1,2026-10-01T17:51:18Z,1.5326,0.046,1.9813,30.0,1780.7,NORMAL,0,
2,2026-10-01T17:51:18Z,1.7462,0.3339,1.9595,30.0,1781.2,NORMAL,0,
3,2026-10-01T17:51:18Z,1.6383,-0.2203,1.8997,30.0,1780.3,NORMAL,0,
4,2026-10-01T17:51:18Z,0.9698,0.2795,1.9561,30.0,1799.3,NORMAL,0,
5,2026-10-01T17:51:18Z,1.3894,0.1441,1.9688,60.0,3576.6,NORMAL,0,
6,2026-10-01T17:51:18Z,1.0451,-0.2514,1.9972,60.0,3564.2,NORMAL,0,
1,2026-10-01T17:52:18Z,1.5955,0.0371,1.8898,30.0,1774.3,NORMAL,0,
2,2026-10-01T17:52:18Z,1.6855,-0.1509,1.9856,30.0,1771.3,NORMAL,0,
3,2026-10-01T17:52:18Z,1.5798,0.3039,1.9458,30.0,1777.8,NORMAL,0,
4,2026-10-01T17:52:18Z,1.1059,0.0779,1.933,30.0,1790.4,NORMAL,0,
5,2026-10-01T17:52:18Z,1.4681,-0.3008,1.9764,60.0,3589.2,NORMAL,0,
6,2026-10-01T17:52:18Z,1.1327,0.3178,1.9486,60.0,3572.5,NORMAL,0,
1,2026-10-01T17:53:18Z,1.5762,0.0827,1.9797,30.0,1775.1,NORMAL,0,
2,2026-10-01T17:53:18Z,1.6595,-0.155,1.9355,30.0,1777.6,NORMAL,0,
3,2026-10-01T17:53:18Z,1.5569,0.1444,1.9519,30.0,1778.2,NORMAL,0,
4,2026-10-01T17:53:18Z,1.0548,0.2141,1.9886,30.0,1774.4,NORMAL,0,
5,2026-10-01T17:53:18Z,1.4515,-0.039,1.8914,60.0,3558.5,NORMAL,0,
6,2026-10-01T17:53:18Z,1.0989,-0.2967,1.908,60.0,3576.7,NORMAL,0,
1,2026-10-01T17:54:18Z,1.5946,-0.2237,1.9638,30.0,1777.4,NORMAL,0,
2,2026-10-01T17:54:18Z,1.7089,0.3451,1.9906,30.0,1777.6,NORMAL,0,
3,2026-10-01T17:54:18Z,1.4924,-0.2697,1.9005,30.0,1773.7,NORMAL,0,
4,2026-10-01T17:54:18Z,1.0541,0.2819,1.9128,30.0,1782.5,NORMAL,0,
5,2026-10-01T17:54:18Z,1.4528,-0.2183,1.8863,60.0,3570.9,NORMAL,0,
6,2026-10-01T17:54:18Z,1.1249,0.1545,1.9264,60.0,3542.2,NORMAL,0,
1,2026-10-01T17:55:18Z,1.5765,0.2582,1.8803,30.0,1781.4,NORMAL,0,
2,2026-10-01T17:55:18Z,1.7728,-0.1335,1.8961,30.0,1789.9,NORMAL,0,
3,2026-10-01T17:55:18Z,1.6733,-0.1785,1.9334,30.0,1777.8,NORMAL,0,
4,2026-10-01T17:55:18Z,1.0473,-0.2583,1.8985,30.0,1783.7,NORMAL,0,
5,2026-10-01T17:55:18Z,1.4362,-0.0845,1.8842,60.0,3550.7,NORMAL,0,
6,2026-10-01T17:55:18Z,1.0474,-0.2681,1.9233,58.0,3528.3,NORMAL,0,
1,2026-10-01T17:56:18Z,1.5726,0.3261,1.956,30.0,1779.6,NORMAL,0,
2,2026-10-01T17:56:18Z,1.6796,0.1036,1.9844,30.0,1787.7,NORMAL,0,
3,2026-10-01T17:56:18Z,1.5916,0.1768,1.9226,30.0,1789.6,NORMAL,0,
4,2026-10-01T17:56:18Z,1.0737,0.3208,1.9566,30.0,1772.3,NORMAL,0,
5,2026-10-01T17:56:18Z,1.3628,0.2208,1.9739,58.0,3538.8,NORMAL,0,
6,2026-10-01T17:56:18Z,1.0401,0.098,2.007,60.0,3581.7,NORMAL,0,
1,2026-10-01T17:57:18Z,1.59,0.2817,1.9327,30.0,1777.9,NORMAL,0,
2,2026-10-01T17:57:18Z,1.7788,0.1669,1.9378,30.0,1774.0,NORMAL,0,
3,2026-10-01T17:57:18Z,1.5834,-0.2702,1.8613,30.0,1773.3,NORMAL,0,
4,2026-10-01T17:57:18Z,1.0695,0.2402,1.869,30.0,1775.5,NORMAL,0,
5,2026-10-01T17:57:18Z,1.4014,0.2891,1.8883,60.0,3560.1,NORMAL,0,
6,2026-10-01T17:57:18Z,1.1,0.267,1.9493,60.0,3549.4,NORMAL,0,
1,2026-10-01T17:58:18Z,1.6303,-0.2893,1.9205,30.0,1777.0,NORMAL,0,
2,2026-10-01T17:58:18Z,1.6986,-0.2852,1.8965,30.0,1772.7,NORMAL,0,
3,2026-10-01T17:58:18Z,1.5415,-0.0055,1.9884,30.0,1778.2,NORMAL,0,
4,2026-10-01T17:58:18Z,1.0605,-0.1074,1.956,30.0,1776.5,NORMAL,0,
5,2026-10-01T17:58:18Z,1.4255,-0.2724,1.8438,60.0,3573.3,NORMAL,0,
6,2026-10-01T17:58:18Z,1.1528,-0.2669,1.8783,60.0,3555.6,NORMAL,0,
1,2026-10-01T17:59:18Z,1.5814,-0.0422,1.9966,30.0,1787.8,NORMAL,0,
2,2026-10-01T17:59:18Z,1.7277,0.3025,1.9086,30.0,1792.0,NORMAL,0,
3,2026-10-01T17:59:18Z,1.6617,0.1473,1.878,30.0,1784.1,NORMAL,0,
4,2026-10-01T17:59:18Z,1.0335,-0.176,1.9442,30.0,1782.9,NORMAL,0,
5,2026-10-01T17:59:18Z,1.3556,-0.0604,1.9437,60.0,3559.0,NORMAL,0,
6,2026-10-01T17:59:18Z,1.1125,-0.2965,1.9493,60.0,3591.9,NORMAL,0,
1,2026-10-01T18:00:18Z,1.5905,0.1323,1.9858,30.0,1785.9,NORMAL,0,
2,2026-10-01T18:00:18Z,1.7101,0.0006,1.9072,30.0,1782.8,NORMAL,0,
3,2026-10-01T18:00:18Z,1.5688,0.3021,1.9564,30.0,1774.8,NORMAL,0,
4,2026-10-01T18:00:18Z,0.9978,-0.3105,1.949,30.0,1781.6,NORMAL,0,
5,2026-10-01T18:00:18Z,1.3637,-0.0934,1.9795,60.0,3565.3,NORMAL,0,
6,2026-10-01T18:00:18Z,1.1408,-0.2072,1.8867,60.0,3576.3,NORMAL,0,
1,2026-10-01T18:01:18Z,1.555,-0.2505,1.9167,30.0,1794.5,NORMAL,0,
2,2026-10-01T18:01:18Z,1.6911,0.1958,1.9937,30.0,1785.5,NORMAL,0,
3,2026-10-01T18:01:18Z,1.641,-0.2508,1.9331,30.0,1781.2,NORMAL,0,
4,2026-10-01T18:01:18Z,1.0,-0.2683,1.8867,30.0,1774.7,NORMAL,0,
5,2026-10-01T18:01:18Z,1.4486,0.0797,1.9583,60.0,3565.9,NORMAL,0,
6,2026-10-01T18:01:18Z,1.0803,0.1465,1.8773,60.0,3547.1,NORMAL,0,
1,2026-10-01T18:02:18Z,1.5936,-0.2986,1.9878,30.0,1779.0,NORMAL,0,
2,2026-10-01T18:02:18Z,1.5463,-0.2993,1.9708,30.0,1772.7,NORMAL,0,
3,2026-10-01T18:02:18Z,1.5604,0.2203,1.9974,30.0,1787.0,NORMAL,0,
4,2026-10-01T18:02:18Z,1.0244,0.1509,1.9864,30.0,1787.3,NORMAL,0,
5,2026-10-01T18:02:18Z,1.395,-0.2131,1.9505,60.0,3550.8,NORMAL,0,
6,2026-10-01T18:02:18Z,1.0864,-0.2676,1.9334,60.0,3583.2,NORMAL,0,
1,2026-10-01T18:03:18Z,1.5598,-0.0065,1.9451,30.0,1771.6,NORMAL,0,
2,2026-10-01T18:03:18Z,1.8318,0.3207,1.8586,30.0,1775.3,NORMAL,0,
3,2026-10-01T18:03:18Z,1.618,0.1946,1.9719,30.0,1780.4,NORMAL,0,
4,2026-10-01T18:03:18Z,1.059,0.1641,1.9013,30.0,1777.9,NORMAL,0,
5,2026-10-01T18:03:18Z,1.3796,0.0125,1.9498,60.0,3572.3,NORMAL,0,
6,2026-10-01T18:03:18Z,1.0603,-0.2128,1.9225,60.0,3541.1,NORMAL,0,
1,2026-10-01T18:04:18Z,1.5404,0.2707,1.9096,30.0,1782.1,NORMAL,0,
2,2026-10-01T18:04:18Z,1.7239,0.0378,1.897,30.0,1783.6,NORMAL,0,
3,2026-10-01T18:04:18Z,1.5678,-0.0001,1.9089,30.0,1777.6,NORMAL,0,
4,2026-10-01T18:04:18Z,1.0431,-0.3134,1.9308,30.0,1791.0,NORMAL,0,
5,2026-10-01T18:04:18Z,1.4274,-0.3203,1.9495,58.0,3531.5,NORMAL,0,
6,2026-10-01T18:04:18Z,1.1479,-0.2351,1.9268,60.0,3559.1,NORMAL,0,
1,2026-10-01T18:05:18Z,1.6009,0.1153,1.9339,30.0,1789.1,NORMAL,0,
2,2026-10-01T18:05:18Z,1.7406,0.2769,1.893,30.0,1794.5,NORMAL,0,
3,2026-10-01T18:05:18Z,1.6214,-0.0004,1.9492,30.0,1784.2,NORMAL,0,
4,2026-10-01T18:05:18Z,1.0427,0.0455,1.9295,30.0,1769.3,NORMAL,0,
5,2026-10-01T18:05:18Z,1.3855,-0.1636,1.88,60.0,3570.5,NORMAL,0,
6,2026-10-01T18:05:18Z,1.167,0.2556,1.9446,60.0,3544.3,NORMAL,0,
1,2026-10-01T18:06:18Z,1.5867,0.2619,1.9522,30.0,1772.9,NORMAL,0,
2,2026-10-01T18:06:18Z,1.7372,0.2047,1.9294,30.0,1790.7,NORMAL,0,
3,2026-10-01T18:06:18Z,1.6477,0.0982,1.9224,30.0,1781.8,NORMAL,0,
4,2026-10-01T18:06:18Z,0.988,0.1897,1.9461,30.0,1775.7,NORMAL,0,
5,2026-10-01T18:06:18Z,1.4295,-0.1895,1.9708,60.0,3575.2,NORMAL,0,
6,2026-10-01T18:06:18Z,1.0862,-0.1195,1.8635,60.0,3565.7,NORMAL,0,
1,2026-10-01T18:07:18Z,1.5981,0.0332,1.9704,30.0,1774.0,NORMAL,0,
2,2026-10-01T18:07:18Z,1.6717,-0.3224,1.9524,30.0,1785.9,NORMAL,0,
3,2026-10-01T18:07:18Z,1.5462,0.0165,1.9005,30.0,1770.9,NORMAL,0,
4,2026-10-01T18:07:18Z,1.0472,-0.2929,1.9222,30.0,1777.8,NORMAL,0,
5,2026-10-01T18:07:18Z,1.3594,0.0113,2.0051,60.0,3558.2,NORMAL,0,
6,2026-10-01T18:07:18Z,1.0828,0.0932,1.9666,60.0,3560.7,NORMAL,0,
1,2026-10-01T18:08:18Z,1.5762,-0.1716,1.9355,30.0,1785.8,NORMAL,0,
2,2026-10-01T18:08:18Z,1.7661,0.3289,1.9069,30.0,1787.8,NORMAL,0,
3,2026-10-01T18:08:18Z,1.4897,0.0269,1.9438,30.0,1789.1,NORMAL,0,
4,2026-10-01T18:08:18Z,1.0373,0.2275,1.9218,30.0,1787.4,NORMAL,0,
5,2026-10-01T18:08:18Z,1.4197,0.2975,1.9281,60.0,3543.5,NORMAL,0,
6,2026-10-01T18:08:18Z,1.095,-0.3284,1.9286,60.0,3573.3,NORMAL,0,
1,2026-10-01T18:09:18Z,1.5369,0.3178,2.0008,30.0,1784.3,NORMAL,0,
2,2026-10-01T18:09:18Z,1.7273,0.3166,1.9539,30.0,1776.2,NORMAL,0,
3,2026-10-01T18:09:18Z,1.6027,-0.3045,1.8747,30.0,1775.5,NORMAL,0,
4,2026-10-01T18:09:18Z,1.0368,0.3203,2.0033,30.0,1784.1,NORMAL,0,
5,2026-10-01T18:09:18Z,1.4571,0.283,1.8389,60.0,3564.9,NORMAL,0,
6,2026-10-01T18:09:18Z,1.0721,0.352,2.011,60.0,3567.8,NORMAL,0,
1,2026-10-01T18:10:18Z,1.5575,-0.2826,1.9249,30.0,1787.0,NORMAL,0,
2,2026-10-01T18:10:18Z,1.6476,-0.0296,1.9658,30.0,1776.4,NORMAL,0,
3,2026-10-01T18:10:18Z,1.53,0.229,1.9451,30.0,1790.7,NORMAL,0,
4,2026-10-01T18:10:18Z,1.0147,-0.2056,1.9512,30.0,1779.5,NORMAL,0,
5,2026-10-01T18:10:18Z,1.3765,-0.1923,1.8904,60.0,3569.8,NORMAL,0,
6,2026-10-01T18:10:18Z,1.0905,0.1566,1.9759,60.0,3548.1,NORMAL,0,
1,2026-10-01T18:11:18Z,1.641,0.1987,1.8947,30.0,1781.5,NORMAL,0,
2,2026-10-01T18:11:18Z,1.6563,-0.1373,1.9244,30.0,1778.4,NORMAL,0,
3,2026-10-01T18:11:18Z,1.6646,0.3398,1.9807,30.0,1792.8,NORMAL,0,
4,2026-10-01T18:11:18Z,1.0075,-0.0893,1.9275,30.0,1788.2,NORMAL,0,
5,2026-10-01T18:11:18Z,1.4276,-0.1488,1.8955,60.0,3543.4,NORMAL,0,
6,2026-10-01T18:11:18Z,1.1092,-0.0157,1.9824,60.0,3583.8,NORMAL,0,
1,2026-10-01T18:12:18Z,1.5946,-0.1007,1.944,30.0,1782.0,NORMAL,0,
2,2026-10-01T18:12:18Z,1.6412,-0.1843,1.9055,30.0,1787.5,NORMAL,0,
3,2026-10-01T18:12:18Z,1.5563,0.1601,2.0315,30.0,1767.4,NORMAL,0,
4,2026-10-01T18:12:18Z,1.0091,0.0296,1.9442,30.0,1782.0,NORMAL,0,
5,2026-10-01T18:12:18Z,1.368,0.1145,1.8977,60.0,3573.7,NORMAL,0,
6,2026-10-01T18:12:18Z,1.0831,0.2814,1.8724,58.0,3537.1,NORMAL,0,
1,2026-10-01T18:13:18Z,1.5092,-0.022,1.9787,30.0,1785.2,NORMAL,0,
2,2026-10-01T18:13:18Z,1.6588,-0.2855,1.951,30.0,1769.6,NORMAL,0,
3,2026-10-01T18:13:18Z,1.6394,-0.0642,1.9508,30.0,1782.5,NORMAL,0,
4,2026-10-01T18:13:18Z,1.0198,-0.2486,1.8712,30.0,1775.1,NORMAL,0,
5,2026-10-01T18:13:18Z,1.4536,0.2814,1.8813,60.0,3556.1,NORMAL,0,
6,2026-10-01T18:13:18Z,1.1324,0.3179,1.9129,60.0,3569.4,NORMAL,0,
1,2026-10-01T18:14:18Z,1.5675,0.0813,1.8988,30.0,1768.8,NORMAL,0,
2,2026-10-01T18:14:18Z,1.7216,0.2126,1.959,30.0,1767.6,NORMAL,0,
3,2026-10-01T18:14:18Z,1.5737,0.3007,1.9329,30.0,1762.1,NORMAL,0,
4,2026-10-01T18:14:18Z,1.0613,0.315,1.924,30.0,1784.1,NORMAL,0,
5,2026-10-01T18:14:18Z,1.4283,0.3308,1.9087,60.0,3564.3,NORMAL,0,
6,2026-10-01T18:14:18Z,1.0846,0.0073,1.9057,60.0,3576.8,NORMAL,0,
1,2026-10-01T18:15:18Z,1.4994,0.2755,1.9696,30.0,1782.4,NORMAL,0,
2,2026-10-01T18:15:18Z,1.6854,-0.2001,1.884,30.0,1791.7,NORMAL,0,
3,2026-10-01T18:15:18Z,1.5149,0.2817,2.0198,30.0,1778.1,NORMAL,0,
4,2026-10-01T18:15:18Z,1.0318,0.1599,1.9478,30.0,1754.9,NORMAL,0,
5,2026-10-01T18:15:18Z,1.4399,0.2795,1.8926,60.0,3571.3,NORMAL,0,
6,2026-10-01T18:15:18Z,1.1448,-0.0917,1.9404,60.0,3544.9,NORMAL,0,
1,2026-10-01T18:16:18Z,1.6045,0.2707,1.9378,30.0,1787.2,NORMAL,0,
2,2026-10-01T18:16:18Z,1.7475,0.3126,1.9155,30.0,1788.7,NORMAL,0,
3,2026-10-01T18:16:18Z,1.57,0.3492,1.956,30.0,1763.9,NORMAL,0,
4,2026-10-01T18:16:18Z,1.0064,-0.0606,1.8806,30.0,1788.5,NORMAL,0,
5,2026-10-01T18:16:18Z,1.4271,0.1858,1.9026,60.0,3544.0,NORMAL,0,
6,2026-10-01T18:16:18Z,1.0576,0.1781,1.9305,60.0,3556.1,NORMAL,0,
1,2026-10-01T18:17:18Z,1.6226,-0.2236,1.8952,30.0,1770.6,NORMAL,0,
2,2026-10-01T18:17:18Z,1.7228,0.0777,1.8996,30.0,1776.1,NORMAL,0,
3,2026-10-01T18:17:18Z,1.5757,-0.0175,1.9655,30.0,1768.7,NORMAL,0,
4,2026-10-01T18:17:18Z,1.033,0.1297,1.8841,30.0,1780.4,NORMAL,0,
5,2026-10-01T18:17:18Z,1.4161,0.1518,1.8941,60.0,3567.9,NORMAL,0,
6,2026-10-01T18:17:18Z,1.1012,-0.3476,1.9808,60.0,3550.2,NORMAL,0,
1,2026-10-01T18:18:18Z,1.5451,0.3294,1.9587,30.0,1785.9,NORMAL,0,
2,2026-10-01T18:18:18Z,1.7553,0.1675,1.8807,30.0,1774.7,NORMAL,0,
3,2026-10-01T18:18:18Z,1.5804,-0.3001,1.8851,30.0,1775.0,NORMAL,0,
4,2026-10-01T18:18:18Z,0.9758,0.0445,1.917,30.0,1779.2,NORMAL,0,
5,2026-10-01T18:18:18Z,1.3102,0.2911,2.0152,60.0,3577.3,NORMAL,0,
6,2026-10-01T18:18:18Z,1.1233,0.1894,2.0112,60.0,3571.4,NORMAL,0,
1,2026-10-01T18:19:18Z,1.6018,0.0309,1.8923,30.0,1780.2,NORMAL,0,
2,2026-10-01T18:19:18Z,1.6345,0.045,2.0275,30.0,1787.2,NORMAL,0,
3,2026-10-01T18:19:18Z,1.489,0.1743,1.9476,30.0,1774.7,NORMAL,0,
4,2026-10-01T18:19:18Z,1.0286,0.329,1.9047,30.0,1777.6,NORMAL,0,
5,2026-10-01T18:19:18Z,1.451,0.0646,1.943,60.0,3568.5,NORMAL,0,
6,2026-10-01T18:19:18Z,1.0563,0.2822,1.943,60.0,3556.2,NORMAL,0,
1,2026-10-01T18:20:18Z,1.6202,0.2247,1.9037,30.0,1779.3,NORMAL,0,
2,2026-10-01T18:20:18Z,1.6775,0.2362,1.8342,30.0,1775.6,NORMAL,0,
3,2026-10-01T18:20:18Z,1.6525,0.2706,1.8397,30.0,1799.2,NORMAL,0,
4,2026-10-01T18:20:18Z,1.0356,0.1137,1.9633,30.0,1791.4,NORMAL,0,
5,2026-10-01T18:20:18Z,1.4087,-0.2032,1.906,60.0,3551.8,NORMAL,0,
6,2026-10-01T18:20:18Z,1.1415,0.2482,1.8766,60.0,3562.7,NORMAL,0,
1,2026-10-01T18:21:18Z,1.5678,0.1857,2.0083,30.0,1761.3,NORMAL,0,
2,2026-10-01T18:21:18Z,1.737,0.2202,1.9354,30.0,1787.0,NORMAL,0,
3,2026-10-01T18:21:18Z,1.6111,0.3087,1.9818,30.0,1786.0,NORMAL,0,
4,2026-10-01T18:21:18Z,1.0394,0.3227,1.8885,30.0,1777.9,NORMAL,0,
5,2026-10-01T18:21:18Z,1.457,0.2826,1.8456,60.0,3550.6,NORMAL,0,
6,2026-10-01T18:21:18Z,1.1172,-0.2174,1.9193,60.0,3540.2,NORMAL,0,
1,2026-10-01T18:22:18Z,1.5902,0.1348,1.8815,30.0,1787.6,NORMAL,0,
2,2026-10-01T18:22:18Z,1.75,0.0971,1.9001,30.0,1788.8,NORMAL,0,
3,2026-10-01T18:22:18Z,1.5804,0.2103,1.9374,30.0,1782.1,NORMAL,0,
4,2026-10-01T18:22:18Z,1.0409,-0.1152,1.9002,30.0,1782.7,NORMAL,0,
5,2026-10-01T18:22:18Z,1.4361,-0.1896,1.9503,60.0,3554.1,NORMAL,0,
6,2026-10-01T18:22:18Z,1.0682,-0.2666,1.9371,60.0,3583.0,NORMAL,0,
1,2026-10-01T18:23:18Z,1.571,0.1057,2.0225,30.0,1780.4,NORMAL,0,
2,2026-10-01T18:23:18Z,1.6771,-0.2149,1.9043,30.0,1783.9,NORMAL,0,
3,2026-10-01T18:23:18Z,1.721,0.3384,1.8341,30.0,1787.8,NORMAL,0,
4,2026-10-01T18:23:18Z,1.0373,0.0607,1.8458,30.0,1777.2,NORMAL,0,
5,2026-10-01T18:23:18Z,1.4396,-0.1284,1.9072,60.0,3552.7,NORMAL,0,
6,2026-10-01T18:23:18Z,1.0945,0.2417,1.8731,60.0,3559.8,NORMAL,0,
1,2026-10-01T18:24:18Z,1.5935,0.2599,1.9796,30.0,1792.1,NORMAL,0,
2,2026-10-01T18:24:18Z,1.6722,-0.2158,1.9373,30.0,1793.8,NORMAL,0,
3,2026-10-01T18:24:18Z,1.5778,-0.0042,2.0425,30.0,1771.9,NORMAL,0,
4,2026-10-01T18:24:18Z,1.0263,0.2331,1.9492,30.0,1767.6,NORMAL,0,
5,2026-10-01T18:24:18Z,1.3628,-0.2889,1.9656,58.0,3531.2,NORMAL,0,
6,2026-10-01T18:24:18Z,1.0886,0.3474,1.9521,60.0,3554.7,NORMAL,0,
1,2026-10-01T18:25:18Z,1.6236,0.023,1.9655,30.0,1768.9,NORMAL,0,
2,2026-10-01T18:25:18Z,1.7361,0.2592,1.9229,30.0,1782.0,NORMAL,0,
3,2026-10-01T18:25:18Z,1.6684,0.1857,1.932,30.0,1770.5,NORMAL,0,
4,2026-10-01T18:25:18Z,0.9992,0.1627,1.9611,30.0,1787.4,NORMAL,0,
5,2026-10-01T18:25:18Z,1.3889,0.2634,1.9998,60.0,3541.2,NORMAL,0,
6,2026-10-01T18:25:18Z,1.0947,0.3369,1.9738,60.0,3546.5,NORMAL,0,
1,2026-10-01T18:26:18Z,1.5877,-0.145,1.9032,30.0,1780.4,NORMAL,0,
2,2026-10-01T18:26:18Z,1.7221,0.2897,1.8498,30.0,1776.6,NORMAL,0,
3,2026-10-01T18:26:18Z,1.5786,0.1612,1.9768,30.0,1778.3,NORMAL,0,
4,2026-10-01T18:26:18Z,1.0895,0.2265,1.8573,30.0,1769.3,NORMAL,0,
5,2026-10-01T18:26:18Z,1.341,-0.2689,1.8923,60.0,3549.4,NORMAL,0,
6,2026-10-01T18:26:18Z,1.0942,0.2936,1.9997,60.0,3584.3,NORMAL,0,
1,2026-10-01T18:27:18Z,1.6017,0.0166,1.9241,30.0,1782.7,NORMAL,0,
2,2026-10-01T18:27:18Z,1.8047,0.1707,1.8481,30.0,1767.9,NORMAL,0,
3,2026-10-01T18:27:18Z,1.587,0.1763,1.9166,30.0,1778.1,NORMAL,0,
4,2026-10-01T18:27:18Z,1.0033,0.2138,1.9332,30.0,1780.6,NORMAL,0,
5,2026-10-01T18:27:18Z,1.376,-0.001,1.987,58.0,3533.9,NORMAL,0,
6,2026-10-01T18:27:18Z,1.0857,0.2802,1.9268,60.0,3567.4,NORMAL,0,
1,2026-10-01T18:28:18Z,1.5354,0.234,2.0181,30.0,1772.2,NORMAL,0,
2,2026-10-01T18:28:18Z,1.6964,0.1702,1.9324,30.0,1794.4,NORMAL,0,
3,2026-10-01T18:28:18Z,1.6237,0.1691,1.941,30.0,1774.2,NORMAL,0,
4,2026-10-01T18:28:18Z,1.099,0.0155,1.9027,30.0,1776.3,NORMAL,0,
5,2026-10-01T18:28:18Z,1.4444,-0.3056,1.9434,60.0,3548.1,NORMAL,0,
6,2026-10-01T18:28:18Z,1.1038,-0.0956,1.9586,60.0,3558.1,NORMAL,0,
1,2026-10-01T18:29:18Z,1.5661,0.1018,1.8662,30.0,1775.8,NORMAL,0,
2,2026-10-01T18:29:18Z,1.7025,-0.2149,1.9515,30.0,1789.6,NORMAL,0,
3,2026-10-01T18:29:18Z,1.6379,0.3207,1.9604,30.0,1778.0,NORMAL,0,
4,2026-10-01T18:29:18Z,1.0358,-0.0295,1.9328,30.0,1775.3,NORMAL,0,
5,2026-10-01T18:29:18Z,1.4788,0.2807,1.9225,60.0,3542.1,NORMAL,0,
6,2026-10-01T18:29:18Z,1.0609,-0.3132,1.9938,60.0,3561.3,NORMAL,0,
1,2026-10-01T18:30:18Z,1.4707,-0.25,1.9816,30.0,1787.3,NORMAL,0,
2,2026-10-01T18:30:18Z,1.69,0.2229,1.9991,30.0,1776.1,NORMAL,0,
3,2026-10-01T18:30:18Z,1.5486,-0.2258,1.9796,30.0,1794.0,NORMAL,0,
4,2026-10-01T18:30:18Z,1.0432,0.2514,1.9546,30.0,1780.8,NORMAL,0,
5,2026-10-01T18:30:18Z,1.4262,-0.2966,1.8975,60.0,3555.8,NORMAL,0,
6,2026-10-01T18:30:18Z,1.0819,0.1811,1.9305,58.0,3525.3,NORMAL,0,
1,2026-10-01T18:31:18Z,1.5248,0.2406,1.9568,30.0,1791.9,NORMAL,0,
2,2026-10-01T18:31:18Z,1.7332,0.1137,1.9012,30.0,1782.5,NORMAL,0,
3,2026-10-01T18:31:18Z,1.6,-0.0762,1.9251,30.0,1783.9,NORMAL,0,
4,2026-10-01T18:31:18Z,1.0174,0.0508,1.9137,30.0,1783.0,NORMAL,0,
5,2026-10-01T18:31:18Z,1.394,0.1612,1.8596,60.0,3549.1,NORMAL,0,
6,2026-10-01T18:31:18Z,1.0507,0.0981,1.9982,60.0,3588.7,NORMAL,0,
1,2026-10-01T18:32:18Z,1.5897,-0.1493,1.8411,30.0,1777.0,NORMAL,0,
2,2026-10-01T18:32:18Z,1.7503,-0.2652,1.9167,30.0,1766.4,NORMAL,0,
3,2026-10-01T18:32:18Z,1.5931,0.2736,1.952,30.0,1786.5,NORMAL,0,
4,2026-10-01T18:32:18Z,1.0228,0.3055,1.8563,30.0,1781.9,NORMAL,0,
5,2026-10-01T18:32:18Z,1.4368,0.2774,1.9262,60.0,3585.5,NORMAL,0,
6,2026-10-01T18:32:18Z,1.0798,-0.0203,1.8757,60.0,3543.7,NORMAL,0,
1,2026-10-01T18:33:18Z,1.5439,-0.2228,1.8736,30.0,1780.1,NORMAL,0,
2,2026-10-01T18:33:18Z,1.7209,0.0499,1.9915,30.0,1774.6,NORMAL,0,
3,2026-10-01T18:33:18Z,1.6006,0.2929,1.904,30.0,1777.8,NORMAL,0,
4,2026-10-01T18:33:18Z,1.0,0.2959,1.9395,30.0,1780.2,NORMAL,0,
5,2026-10-01T18:33:18Z,1.4031,0.2131,1.9254,60.0,3565.7,NORMAL,0,
6,2026-10-01T18:33:18Z,1.0815,-0.0739,1.8895,60.0,3560.4,NORMAL,0,
1,2026-10-01T18:34:18Z,1.5343,0.3484,1.9757,30.0,1791.2,NORMAL,0,
2,2026-10-01T18:34:18Z,1.7136,0.1094,1.9664,30.0,1788.2,NORMAL,0,
3,2026-10-01T18:34:18Z,1.5602,-0.2189,1.8043,30.0,1771.2,NORMAL,0,
4,2026-10-01T18:34:18Z,0.9841,0.2975,1.9271,30.0,1775.6,NORMAL,0,
5,2026-10-01T18:34:18Z,1.4271,-0.1389,1.9566,60.0,3555.1,NORMAL,0,
6,2026-10-01T18:34:18Z,1.0802,-0.2708,1.9038,60.0,3545.1,NORMAL,0,
1,2026-10-01T18:35:18Z,1.5137,0.113,2.0036,30.0,1766.0,NORMAL,0,
2,2026-10-01T18:35:18Z,1.6931,0.1097,1.9378,30.0,1783.0,NORMAL,0,
3,2026-10-01T18:35:18Z,1.6135,0.1266,1.8899,30.0,1780.6,NORMAL,0,
4,2026-10-01T18:35:18Z,1.0274,0.1455,1.9269,30.0,1780.4,NORMAL,0,
5,2026-10-01T18:35:18Z,1.3903,0.3299,1.9456,60.0,3546.8,NORMAL,0,
6,2026-10-01T18:35:18Z,1.0939,0.1487,1.935,60.0,3540.5,NORMAL,0,
1,2026-10-01T18:36:18Z,1.5484,-0.0749,1.9134,30.0,1772.9,NORMAL,0,
2,2026-10-01T18:36:18Z,1.7165,0.0499,1.901,30.0,1767.4,NORMAL,0,
3,2026-10-01T18:36:18Z,1.6035,0.2769,1.9598,30.0,1772.5,NORMAL,0,
4,2026-10-01T18:36:18Z,1.0121,0.0617,1.928,30.0,1776.5,NORMAL,0,
5,2026-10-01T18:36:18Z,1.4245,0.3034,1.9174,60.0,3579.9,NORMAL,0,
6,2026-10-01T18:36:18Z,1.1401,0.1575,1.8397,60.0,3558.5,NORMAL,0,
1,2026-10-01T18:37:18Z,1.5526,0.3042,1.8948,30.0,1792.5,NORMAL,0,
2,2026-10-01T18:37:18Z,1.6864,-0.3352,1.92,30.0,1792.9,NORMAL,0,
3,2026-10-01T18:37:18Z,1.5063,-0.0814,1.9209,30.0,1783.2,NORMAL,0,
4,2026-10-01T18:37:18Z,1.0459,0.2197,1.9009,30.0,1766.9,NORMAL,0,
5,2026-10-01T18:37:18Z,1.3866,-0.2009,1.8867,60.0,3587.0,NORMAL,0,
6,2026-10-01T18:37:18Z,1.0906,0.0336,1.9449,60.0,3559.4,NORMAL,0,
1,2026-10-01T18:38:18Z,1.497,-0.2694,1.9349,30.0,1781.0,NORMAL,0,
2,2026-10-01T18:38:18Z,1.6893,-0.19,1.8617,30.0,1777.1,NORMAL,0,
3,2026-10-01T18:38:18Z,1.7183,0.2867,1.9367,30.0,1767.5,NORMAL,0,
4,2026-10-01T18:38:18Z,1.0444,-0.195,1.9669,30.0,1779.4,NORMAL,0,
5,2026-10-01T18:38:18Z,1.3682,-0.2072,1.9527,60.0,3573.4,NORMAL,0,
6,2026-10-01T18:38:18Z,1.0871,-0.0014,1.8561,60.0,3547.4,NORMAL,0,
1,2026-10-01T18:39:18Z,1.5715,0.0816,1.9471,30.0,1768.9,NORMAL,0,
2,2026-10-01T18:39:18Z,1.7308,0.1529,1.9034,30.0,1773.1,NORMAL,0,
3,2026-10-01T18:39:18Z,1.574,-0.3239,1.9541,30.0,1791.9,NORMAL,0,
4,2026-10-01T18:39:18Z,1.0037,0.1855,1.9028,30.0,1774.4,NORMAL,0,
5,2026-10-01T18:39:18Z,1.4393,-0.1973,1.9195,60.0,3560.7,NORMAL,0,
6,2026-10-01T18:39:18Z,1.0879,0.3577,1.9409,60.0,3560.3,NORMAL,0,
1,2026-10-01T18:40:18Z,2.7818,0.3094,2.3057,30.0,1779.3,NORMAL,1,DESALINHAMENTO
2,2026-10-01T18:40:18Z,1.7193,0.1765,1.9442,30.0,1771.4,NORMAL,0,
3,2026-10-01T18:40:18Z,1.5567,0.2861,1.9097,30.0,1776.1,NORMAL,0,
4,2026-10-01T18:40:18Z,1.036,0.3265,1.9163,30.0,1783.5,NORMAL,0,
5,2026-10-01T18:40:18Z,1.3676,-0.2483,1.8732,60.0,3556.6,NORMAL,0,
6,2026-10-01T18:40:18Z,1.0776,0.2907,1.981,60.0,3565.0,NORMAL,0,
1,2026-10-01T18:41:18Z,3.1457,-0.141,2.2897,30.0,1774.8,NORMAL,1,DESALINHAMENTO
2,2026-10-01T18:41:18Z,1.6751,-0.2406,1.9012,30.0,1779.5,NORMAL,0,
3,2026-10-01T18:41:18Z,1.6025,0.3259,1.9294,30.0,1787.6,NORMAL,0,
4,2026-10-01T18:41:18Z,1.0273,0.0048,1.9588,30.0,1782.2,NORMAL,0,
5,2026-10-01T18:41:18Z,1.4349,0.2501,1.9781,60.0,3561.3,NORMAL,0,
6,2026-10-01T18:41:18Z,1.099,-0.2991,1.9079,60.0,3588.0,NORMAL,0,
1,2026-10-01T18:42:18Z,3.4918,0.6523,2.2914,60.0,1786.1,NORMAL,1,DESALINHAMENTO
2,2026-10-01T18:42:18Z,1.703,0.1665,1.9277,30.0,1782.8,NORMAL,0,
3,2026-10-01T18:42:18Z,1.6142,-0.338,1.9327,30.0,1789.0,NORMAL,0,
4,2026-10-01T18:42:18Z,1.0219,-0.1989,1.9789,30.0,1779.3,NORMAL,0,
5,2026-10-01T18:42:18Z,1.3614,0.067,1.9848,60.0,3546.3,NORMAL,0,
6,2026-10-01T18:42:18Z,1.0853,0.291,1.9847,60.0,3542.5,NORMAL,0,
1,2026-10-01T18:43:18Z,3.6135,-0.5479,2.2341,60.0,1789.5,NORMAL,1,DESALINHAMENTO
2,2026-10-01T18:43:18Z,1.6767,0.2495,1.9585,30.0,1766.7,NORMAL,0,
3,2026-10-01T18:43:18Z,1.6607,0.2921,1.844,30.0,1768.5,NORMAL,0,
4,2026-10-01T18:43:18Z,1.0388,0.1792,1.955,30.0,1778.4,NORMAL,0,
5,2026-10-01T18:43:18Z,1.457,0.3778,1.9362,60.0,3550.5,NORMAL,0,
6,2026-10-01T18:43:18Z,1.0567,0.2719,1.9578,60.0,3574.4,NORMAL,0,
1,2026-10-01T18:44:18Z,3.8415,-0.5227,2.2554,60.0,1793.9,NORMAL,1,DESALINHAMENTO
2,2026-10-01T18:44:18Z,1.6539,-0.1845,1.9062,30.0,1773.3,NORMAL,0,
3,2026-10-01T18:44:18Z,1.5877,0.3363,1.9448,30.0,1776.7,NORMAL,0,
4,2026-10-01T18:44:18Z,0.9979,0.1067,1.9931,30.0,1782.0,NORMAL,0,
5,2026-10-01T18:44:18Z,1.4344,-0.3521,1.9029,60.0,3581.1,NORMAL,0,
6,2026-10-01T18:44:18Z,1.049,0.2746,1.9003,60.0,3555.5,NORMAL,0,
1,2026-10-01T18:45:18Z,3.9562,-0.4179,2.1958,60.0,1776.9,NORMAL,1,DESALINHAMENTO
2,2026-10-01T18:45:18Z,1.8026,0.0703,1.949,30.0,1786.1,NORMAL,0,
3,2026-10-01T18:45:18Z,1.559,-0.1347,1.9789,30.0,1779.3,NORMAL,0,
4,2026-10-01T18:45:18Z,0.9485,-0.0676,1.9454,30.0,1781.7,NORMAL,0,
5,2026-10-01T18:45:18Z,1.4668,0.1671,1.88,60.0,3564.4,NORMAL,0,
6,2026-10-01T18:45:18Z,1.0611,0.3325,1.9574,60.0,3549.4,NORMAL,0,
1,2026-10-01T18:46:18Z,4.2696,-0.4618,2.2036,60.0,1785.1,NORMAL,1,DESALINHAMENTO
2,2026-10-01T18:46:18Z,1.7092,0.2177,2.0155,30.0,1780.3,NORMAL,0,
3,2026-10-01T18:46:18Z,1.6423,0.1175,1.8856,30.0,1769.9,NORMAL,0,
4,2026-10-01T18:46:18Z,0.9998,0.2424,1.9219,30.0,1798.9,NORMAL,0,
5,2026-10-01T18:46:18Z,1.4084,0.0193,1.8528,60.0,3557.2,NORMAL,0,
6,2026-10-01T18:46:18Z,1.0675,0.2755,1.9679,60.0,3545.1,NORMAL,0,
1,2026-10-01T18:47:18Z,4.5896,0.4029,2.1672,60.0,1787.8,ATENCAO,1,DESALINHAMENTO
2,2026-10-01T18:47:18Z,1.7375,0.0053,1.9686,30.0,1777.7,NORMAL,0,
3,2026-10-01T18:47:18Z,1.6212,-0.2101,1.9752,30.0,1771.3,NORMAL,0,
4,2026-10-01T18:47:18Z,1.0732,0.1236,1.9694,30.0,1790.3,NORMAL,0,
5,2026-10-01T18:47:18Z,1.377,0.2965,1.9583,60.0,3545.7,NORMAL,0,
6,2026-10-01T18:47:18Z,1.0786,0.2907,1.936,60.0,3552.8,NORMAL,0,
1,2026-10-01T18:48:18Z,4.7219,0.5393,2.184,60.0,1790.4,ATENCAO,1,DESALINHAMENTO
2,2026-10-01T18:48:18Z,1.6808,-0.1931,1.8806,30.0,1783.1,NORMAL,0,
3,2026-10-01T18:48:18Z,1.6004,-0.0241,1.9156,30.0,1778.3,NORMAL,0,
4,2026-10-01T18:48:18Z,1.0077,-0.2347,1.9383,30.0,1771.2,NORMAL,0,
5,2026-10-01T18:48:18Z,1.3857,0.2788,1.9623,58.0,3539.5,NORMAL,0,
6,2026-10-01T18:48:18Z,1.0294,-0.2755,2.0196,60.0,3558.8,NORMAL,0,
1,2026-10-01T18:49:18Z,4.8598,0.1013,2.1955,58.0,1769.6,ATENCAO,1,DESALINHAMENTO
2,2026-10-01T18:49:18Z,1.6902,0.088,1.884,30.0,1776.8,NORMAL,0,
3,2026-10-01T18:49:18Z,1.5875,0.0348,1.9174,30.0,1767.3,NORMAL,0,
4,2026-10-01T18:49:18Z,1.0366,-0.1306,1.9516,30.0,1785.2,NORMAL,0,
5,2026-10-01T18:49:18Z,1.4587,0.268,1.852,60.0,3582.9,NORMAL,0,
6,2026-10-01T18:49:18Z,1.0416,0.1464,1.9449,60.0,3550.0,NORMAL,0,
1,2026-10-01T18:50:18Z,5.4835,-0.5127,2.1565,60.0,1784.6,ATENCAO,1,DESALINHAMENTO
2,2026-10-01T18:50:18Z,1.7616,-0.0353,1.88,30.0,1766.2,NORMAL,0,
3,2026-10-01T18:50:18Z,1.6005,0.0907,1.9441,30.0,1779.4,NORMAL,0,
4,2026-10-01T18:50:18Z,1.0208,0.2626,1.9552,30.0,1795.6,NORMAL,0,
5,2026-10-01T18:50:18Z,1.4047,0.0596,1.8971,60.0,3558.9,NORMAL,0,
6,2026-10-01T18:50:18Z,1.1048,-0.177,1.9721,60.0,3560.4,NORMAL,0,
1,2026-10-01T18:51:18Z,1.5574,-0.2078,1.9282,30.0,1780.7,NORMAL,0,
2,2026-10-01T18:51:18Z,1.7353,-0.3212,1.9587,30.0,1773.0,NORMAL,0,
3,2026-10-01T18:51:18Z,1.7043,-0.0959,1.9055,30.0,1767.9,NORMAL,0,
4,2026-10-01T18:51:18Z,1.0596,-0.1499,1.9168,30.0,1784.4,NORMAL,0,
5,2026-10-01T18:51:18Z,1.3501,0.2673,1.9566,60.0,3563.6,NORMAL,0,
6,2026-10-01T18:51:18Z,1.0726,0.2936,1.9489,60.0,3548.7,NORMAL,0,
1,2026-10-01T18:52:18Z,1.6165,0.3224,1.9601,30.0,1780.6,NORMAL,0,
2,2026-10-01T18:52:18Z,1.6851,-0.3115,1.9569,30.0,1779.6,NORMAL,0,
3,2026-10-01T18:52:18Z,1.5575,0.1068,1.9758,30.0,1773.3,NORMAL,0,
4,2026-10-01T18:52:18Z,1.0407,0.0549,1.9335,30.0,1786.8,NORMAL,0,
5,2026-10-01T18:52:18Z,1.3777,0.281,1.9286,58.0,3531.4,NORMAL,0,
6,2026-10-01T18:52:18Z,1.1253,0.1164,1.9728,60.0,3544.1,NORMAL,0,
1,2026-10-01T18:53:18Z,1.5767,0.2705,1.9145,30.0,1785.6,NORMAL,0,
2,2026-10-01T18:53:18Z,1.6769,0.0243,1.8626,30.0,1780.6,NORMAL,0,
3,2026-10-01T18:53:18Z,1.6341,0.1496,1.9192,30.0,1772.5,NORMAL,0,
4,2026-10-01T18:53:18Z,1.0025,0.2116,1.902,30.0,1787.9,NORMAL,0,
5,2026-10-01T18:53:18Z,1.3596,0.2713,1.9895,60.0,3574.3,NORMAL,0,
6,2026-10-01T18:53:18Z,1.0873,-0.0505,1.9009,60.0,3560.5,NORMAL,0,
1,2026-10-01T18:54:18Z,1.5984,0.2477,1.9168,30.0,1791.9,NORMAL,0,
2,2026-10-01T18:54:18Z,1.7359,-0.0942,1.9385,30.0,1783.3,NORMAL,0,
3,2026-10-01T18:54:18Z,1.6309,0.0362,1.8867,30.0,1777.4,NORMAL,0,
4,2026-10-01T18:54:18Z,1.0017,-0.3386,2.0441,30.0,1778.4,NORMAL,0,
5,2026-10-01T18:54:18Z,1.4284,-0.0716,1.864,60.0,3579.2,NORMAL,0,
6,2026-10-01T18:54:18Z,1.1122,0.1144,1.8624,60.0,3562.7,NORMAL,0,
1,2026-10-01T18:55:18Z,1.6602,0.2562,1.923,30.0,1778.4,NORMAL,0,
2,2026-10-01T18:55:18Z,1.6803,0.0978,1.896,30.0,1791.5,NORMAL,0,
3,2026-10-01T18:55:18Z,1.5885,0.1058,1.9085,30.0,1775.5,NORMAL,0,
4,2026-10-01T18:55:18Z,1.0091,-0.1588,1.9601,30.0,1769.5,NORMAL,0,
5,2026-10-01T18:55:18Z,1.4249,0.096,1.9561,60.0,3563.6,NORMAL,0,
6,2026-10-01T18:55:18Z,1.0545,0.2505,1.9195,60.0,3567.6,NORMAL,0,
1,2026-10-01T18:56:18Z,1.5541,0.0144,1.9736,30.0,1785.1,NORMAL,0,
2,2026-10-01T18:56:18Z,1.6715,0.1874,1.9226,30.0,1782.2,NORMAL,0,
3,2026-10-01T18:56:18Z,1.5029,0.2275,2.0022,30.0,1790.3,NORMAL,0,
4,2026-10-01T18:56:18Z,1.0027,-0.087,1.9736,30.0,1781.1,NORMAL,0,
5,2026-10-01T18:56:18Z,1.4128,-0.0564,1.9167,58.0,3524.2,NORMAL,0,
6,2026-10-01T18:56:18Z,1.0974,0.0364,1.9302,60.0,3550.0,NORMAL,0,
1,2026-10-01T18:57:18Z,1.6119,0.2561,1.9796,30.0,1777.0,NORMAL,0,
2,2026-10-01T18:57:18Z,1.6372,0.1366,1.8706,30.0,1765.2,NORMAL,0,
3,2026-10-01T18:57:18Z,1.5803,-0.0793,1.8705,30.0,1779.2,NORMAL,0,
4,2026-10-01T18:57:18Z,1.0322,0.2358,1.9054,30.0,1777.5,NORMAL,0,
5,2026-10-01T18:57:18Z,1.4502,-0.2536,1.8882,60.0,3552.2,NORMAL,0,
6,2026-10-01T18:57:18Z,1.0687,0.2034,1.9153,60.0,3586.9,NORMAL,0,
1,2026-10-01T18:58:18Z,1.4387,0.0718,1.9362,30.0,1775.6,NORMAL,0,
2,2026-10-01T18:58:18Z,1.7039,-0.2059,1.9554,30.0,1781.8,NORMAL,0,
3,2026-10-01T18:58:18Z,1.6639,-0.2029,1.9208,30.0,1776.6,NORMAL,0,
4,2026-10-01T18:58:18Z,1.0275,0.0057,1.9493,30.0,1787.1,NORMAL,0,
5,2026-10-01T18:58:18Z,1.3831,0.1274,1.9424,60.0,3546.0,NORMAL,0,
6,2026-10-01T18:58:18Z,1.0401,0.3104,2.0231,60.0,3555.2,NORMAL,0,
1,2026-10-01T18:59:18Z,1.6802,-0.0924,1.9135,30.0,1788.5,NORMAL,0,
2,2026-10-01T18:59:18Z,1.6865,0.2817,1.9282,30.0,1770.9,NORMAL,0,
3,2026-10-01T18:59:18Z,1.5445,-0.3248,1.9316,30.0,1782.3,NORMAL,0,
4,2026-10-01T18:59:18Z,1.0373,-0.1536,1.9089,30.0,1785.7,NORMAL,0,
5,2026-10-01T18:59:18Z,1.4168,0.3007,1.8954,60.0,3564.0,NORMAL,0,
6,2026-10-01T18:59:18Z,1.1279,0.1124,1.913,60.0,3563.6,NORMAL,0,
1,2026-10-01T19:00:18Z,1.5313,-0.2744,1.973,30.0,1773.2,NORMAL,0,
2,2026-10-01T19:00:18Z,1.7076,0.0824,1.8899,30.0,1785.5,NORMAL,0,
3,2026-10-01T19:00:18Z,1.6046,-0.0359,1.8969,30.0,1778.5,NORMAL,0,
4,2026-10-01T19:00:18Z,1.0746,0.2075,1.8944,30.0,1780.9,NORMAL,0,
5,2026-10-01T19:00:18Z,1.4132,0.2999,1.9574,60.0,3571.2,NORMAL,0,
6,2026-10-01T19:00:18Z,1.0941,0.2595,1.9111,58.0,3526.4,NORMAL,0,
1,2026-10-01T19:01:18Z,1.4736,0.0312,1.9647,30.0,1794.2,NORMAL,0,
2,2026-10-01T19:01:18Z,1.7253,0.0078,1.9085,30.0,1782.3,NORMAL,0,
3,2026-10-01T19:01:18Z,1.6173,0.3073,1.9559,30.0,1774.6,NORMAL,0,
4,2026-10-01T19:01:18Z,1.0547,-0.0866,1.853,30.0,1768.3,NORMAL,0,
5,2026-10-01T19:01:18Z,1.4361,0.2299,1.9167,60.0,3553.8,NORMAL,0,
6,2026-10-01T19:01:18Z,1.0656,0.2576,1.9745,60.0,3554.0,NORMAL,0,
1,2026-10-01T19:02:18Z,1.5859,0.352,1.912,30.0,1777.4,NORMAL,0,
2,2026-10-01T19:02:18Z,1.7558,0.0828,1.9309,30.0,1780.7,NORMAL,0,
3,2026-10-01T19:02:18Z,1.5209,0.1326,1.9971,30.0,1769.0,NORMAL,0,
4,2026-10-01T19:02:18Z,1.0039,0.0562,1.9259,30.0,1758.7,NORMAL,0,
5,2026-10-01T19:02:18Z,1.4577,-0.1657,1.8978,60.0,3549.7,NORMAL,0,
6,2026-10-01T19:02:18Z,1.0552,-0.1697,1.9986,60.0,3548.7,NORMAL,0,
1,2026-10-01T19:03:18Z,1.6009,0.3298,1.8807,30.0,1796.6,NORMAL,0,
2,2026-10-01T19:03:18Z,1.6474,0.0813,1.9018,30.0,1790.8,NORMAL,0,
3,2026-10-01T19:03:18Z,1.6175,0.3056,1.9249,30.0,1775.1,NORMAL,0,
4,2026-10-01T19:03:18Z,1.0497,0.1058,1.9218,30.0,1771.3,NORMAL,0,
5,2026-10-01T19:03:18Z,1.4481,0.301,1.8779,60.0,3583.8,NORMAL,0,
6,2026-10-01T19:03:18Z,1.0445,0.2916,2.0102,60.0,3570.8,NORMAL,0,
1,2026-10-01T19:04:18Z,1.5273,-0.1802,1.9305,30.0,1783.9,NORMAL,0,
2,2026-10-01T19:04:18Z,1.7616,-0.306,1.8758,30.0,1783.4,NORMAL,0,
3,2026-10-01T19:04:18Z,1.5828,0.1384,2.035,30.0,1773.5,NORMAL,0,
4,2026-10-01T19:04:18Z,1.0057,0.3024,1.9646,30.0,1780.8,NORMAL,0,
5,2026-10-01T19:04:18Z,1.4268,0.157,1.9056,58.0,3530.4,NORMAL,0,
6,2026-10-01T19:04:18Z,1.1628,-0.0391,1.955,60.0,3566.2,NORMAL,0,
1,2026-10-01T19:05:18Z,1.5653,-0.1057,2.0057,30.0,1786.9,NORMAL,0,
2,2026-10-01T19:05:18Z,1.714,-0.1335,1.967,30.0,1792.3,NORMAL,0,
3,2026-10-01T19:05:18Z,1.581,0.3071,1.9471,30.0,1778.7,NORMAL,0,
4,2026-10-01T19:05:18Z,1.0051,-0.2827,1.9272,30.0,1768.2,NORMAL,0,
5,2026-10-01T19:05:18Z,1.3162,0.2244,1.8922,60.0,3546.5,NORMAL,0,
6,2026-10-01T19:05:18Z,1.0534,0.2012,1.9531,60.0,3574.6,NORMAL,0,
1,2026-10-01T19:06:18Z,1.5303,-0.2812,1.9933,30.0,1786.9,NORMAL,0,
2,2026-10-01T19:06:18Z,1.733,0.1576,1.9177,30.0,1774.0,NORMAL,0,
3,2026-10-01T19:06:18Z,1.5931,0.3424,1.884,30.0,1783.2,NORMAL,0,
4,2026-10-01T19:06:18Z,1.2723,0.2997,3.4054,30.0,1779.4,NORMAL,1,FALHA_ROLAMENTO
5,2026-10-01T19:06:18Z,1.4309,0.1212,1.9209,60.0,3566.0,NORMAL,0,
6,2026-10-01T19:06:18Z,1.042,0.1499,2.002,60.0,3553.2,NORMAL,0,
1,2026-10-01T19:07:18Z,1.5837,0.1711,1.9555,30.0,1783.0,NORMAL,0,
2,2026-10-01T19:07:18Z,1.7142,-0.0844,2.0243,30.0,1783.1,NORMAL,0,
3,2026-10-01T19:07:18Z,1.6482,0.1764,1.9214,30.0,1774.6,NORMAL,0,
4,2026-10-01T19:07:18Z,1.3044,0.4249,3.7142,30.0,1782.2,NORMAL,1,FALHA_ROLAMENTO
5,2026-10-01T19:07:18Z,1.4774,-0.1649,1.889,60.0,3563.2,NORMAL,0,
6,2026-10-01T19:07:18Z,1.0956,0.3373,1.9329,60.0,3568.9,NORMAL,0,
1,2026-10-01T19:08:18Z,1.5516,0.2341,1.9318,30.0,1778.9,NORMAL,0,
2,2026-10-01T19:08:18Z,1.7262,0.2051,1.8973,30.0,1773.4,NORMAL,0,
3,2026-10-01T19:08:18Z,1.6042,0.0666,1.983,30.0,1785.8,NORMAL,0,
4,2026-10-01T19:08:18Z,1.3499,0.442,3.8136,30.0,1773.7,NORMAL,1,FALHA_ROLAMENTO
5,2026-10-01T19:08:18Z,1.4046,0.2064,1.9895,58.0,3527.3,NORMAL,0,
6,2026-10-01T19:08:18Z,1.1111,0.2919,1.8703,60.0,3557.9,NORMAL,0,
1,2026-10-01T19:09:18Z,1.5635,0.1031,1.9168,30.0,1782.0,NORMAL,0,
2,2026-10-01T19:09:18Z,1.6947,0.0309,1.9485,30.0,1767.9,NORMAL,0,
3,2026-10-01T19:09:18Z,1.5124,-0.2084,1.9794,30.0,1782.1,NORMAL,0,
4,2026-10-01T19:09:18Z,1.447,0.7076,4.358,30.0,1774.3,ATENCAO,1,FALHA_ROLAMENTO
5,2026-10-01T19:09:18Z,1.4702,0.3059,1.9159,60.0,3544.1,NORMAL,0,
6,2026-10-01T19:09:18Z,1.0483,-0.2433,1.9298,60.0,3551.2,NORMAL,0,
1,2026-10-01T19:10:18Z,1.592,0.2943,1.9183,30.0,1774.5,NORMAL,0,
2,2026-10-01T19:10:18Z,1.7021,-0.3047,1.9019,30.0,1784.1,NORMAL,0,
3,2026-10-01T19:10:18Z,1.6004,0.2465,1.9012,30.0,1784.5,NORMAL,0,
4,2026-10-01T19:10:18Z,1.4384,0.6462,4.823,30.0,1783.2,ATENCAO,1,FALHA_ROLAMENTO
5,2026-10-01T19:10:18Z,1.4568,0.2286,1.9287,60.0,3565.5,NORMAL,0,
6,2026-10-01T19:10:18Z,1.0979,0.3644,1.9458,60.0,3570.5,NORMAL,0,
1,2026-10-01T19:11:18Z,1.4517,0.2167,1.9406,30.0,1795.0,NORMAL,0,
2,2026-10-01T19:11:18Z,1.6331,0.1506,2.0169,30.0,1773.2,NORMAL,0,
3,2026-10-01T19:11:18Z,1.5883,0.2957,1.8736,30.0,1782.9,NORMAL,0,
4,2026-10-01T19:11:18Z,1.5259,0.8125,4.8156,30.0,1774.2,ATENCAO,1,FALHA_ROLAMENTO
5,2026-10-01T19:11:18Z,1.487,-0.219,1.9269,60.0,3565.3,NORMAL,0,
6,2026-10-01T19:11:18Z,1.0335,0.3178,1.9423,60.0,3547.5,NORMAL,0,
1,2026-10-01T19:12:18Z,1.5386,0.1702,1.9466,30.0,1784.1,NORMAL,0,
2,2026-10-01T19:12:18Z,1.6666,-0.0869,1.9038,30.0,1783.9,NORMAL,0,
3,2026-10-01T19:12:18Z,1.6398,0.0981,1.9353,30.0,1790.7,NORMAL,0,
4,2026-10-01T19:12:18Z,1.5911,0.9047,5.5891,30.0,1780.2,ATENCAO,1,FALHA_ROLAMENTO
5,2026-10-01T19:12:18Z,1.3549,-0.1731,1.9021,60.0,3559.7,NORMAL,0,
6,2026-10-01T19:12:18Z,1.1076,-0.2889,1.9505,60.0,3560.0,NORMAL,0,
1,2026-10-01T19:13:18Z,1.594,0.3215,1.9967,30.0,1778.5,NORMAL,0,
2,2026-10-01T19:13:18Z,1.705,0.1271,1.934,30.0,1771.1,NORMAL,0,
3,2026-10-01T19:13:18Z,1.5991,-0.0223,1.9507,30.0,1773.0,NORMAL,0,
4,2026-10-01T19:13:18Z,1.6989,0.7993,5.4816,30.0,1792.6,ATENCAO,1,FALHA_ROLAMENTO
5,2026-10-01T19:13:18Z,1.3727,-0.0108,1.8905,60.0,3545.7,NORMAL,0,
6,2026-10-01T19:13:18Z,1.0984,-0.243,1.8949,60.0,3558.7,NORMAL,0,
1,2026-10-01T19:14:18Z,1.6083,0.326,1.9371,30.0,1772.3,NORMAL,0,
2,2026-10-01T19:14:18Z,1.6895,-0.1178,1.889,30.0,1784.3,NORMAL,0,
3,2026-10-01T19:14:18Z,1.6082,0.3239,1.9473,30.0,1779.1,NORMAL,0,
4,2026-10-01T19:14:18Z,1.7185,0.848,5.9883,30.0,1767.8,ATENCAO,1,FALHA_ROLAMENTO
5,2026-10-01T19:14:18Z,1.3852,-0.2706,1.9578,60.0,3572.6,NORMAL,0,
6,2026-10-01T19:14:18Z,1.0514,0.1945,1.9485,60.0,3562.1,NORMAL,0,
1,2026-10-01T19:15:18Z,1.5367,-0.1339,2.0086,30.0,1786.3,NORMAL,0,
2,2026-10-01T19:15:18Z,1.6791,0.2297,2.0365,30.0,1786.1,NORMAL,0,
3,2026-10-01T19:15:18Z,1.5642,0.0076,1.9508,30.0,1778.0,NORMAL,0,
4,2026-10-01T19:15:18Z,1.7602,1.0715,6.4045,30.0,1778.1,ATENCAO,1,FALHA_ROLAMENTO
5,2026-10-01T19:15:18Z,1.4066,0.1426,1.8952,60.0,3563.3,NORMAL,0,
6,2026-10-01T19:15:18Z,1.0903,0.0918,1.9362,60.0,3560.7,NORMAL,0,
1,2026-10-01T19:16:18Z,1.5986,0.2595,1.9447,30.0,1797.0,NORMAL,0,
2,2026-10-01T19:16:18Z,1.7528,-0.179,1.9513,30.0,1791.4,NORMAL,0,
3,2026-10-01T19:16:18Z,1.5826,0.2178,1.9173,30.0,1782.3,NORMAL,0,
4,2026-10-01T19:16:18Z,1.8389,1.0389,6.5835,30.0,1775.7,ATENCAO,1,FALHA_ROLAMENTO
5,2026-10-01T19:16:18Z,1.3383,0.1182,2.0005,60.0,3547.3,NORMAL,0,
6,2026-10-01T19:16:18Z,1.1215,-0.2436,1.9043,60.0,3574.8,NORMAL,0,
1,2026-10-01T19:17:18Z,1.5182,-0.2825,1.9323,30.0,1786.4,NORMAL,0,
2,2026-10-01T19:17:18Z,1.7219,0.1029,1.8953,30.0,1778.8,NORMAL,0,
3,2026-10-01T19:17:18Z,1.6231,-0.1377,1.9402,30.0,1777.7,NORMAL,0,
4,2026-10-01T19:17:18Z,1.9605,1.0407,6.5664,30.0,1778.3,ATENCAO,1,FALHA_ROLAMENTO
5,2026-10-01T19:17:18Z,1.4139,0.1245,1.9454,58.0,3538.2,NORMAL,0,
6,2026-10-01T19:17:18Z,1.0989,-0.1903,1.9027,60.0,3554.9,NORMAL,0,
1,2026-10-01T19:18:18Z,1.5416,-0.0744,1.8854,30.0,1791.3,NORMAL,0,
2,2026-10-01T19:18:18Z,1.6995,0.1263,1.8568,30.0,1765.1,NORMAL,0,
3,2026-10-01T19:18:18Z,1.6539,0.0322,1.8556,30.0,1788.6,NORMAL,0,
4,2026-10-01T19:18:18Z,1.999,1.1536,6.8817,30.0,1786.6,ATENCAO,1,FALHA_ROLAMENTO
5,2026-10-01T19:18:18Z,1.4205,0.2339,1.8622,60.0,3543.9,NORMAL,0,
6,2026-10-01T19:18:18Z,1.1129,0.2175,1.8871,60.0,3555.5,NORMAL,0,
1,2026-10-01T19:19:18Z,1.6181,-0.1715,1.9248,30.0,1778.7,NORMAL,0,
2,2026-10-01T19:19:18Z,1.7288,-0.1291,1.9257,30.0,1786.2,NORMAL,0,
3,2026-10-01T19:19:18Z,1.5516,0.1995,1.9409,30.0,1777.8,NORMAL,0,
4,2026-10-01T19:19:18Z,2.0171,1.254,7.475,30.0,1781.6,ATENCAO,1,FALHA_ROLAMENTO
5,2026-10-01T19:19:18Z,1.4735,0.3241,1.9433,60.0,3556.0,NORMAL,0,
6,2026-10-01T19:19:18Z,1.0828,0.2555,1.902,60.0,3551.6,NORMAL,0,
1,2026-10-01T19:20:18Z,1.5397,-0.1082,1.9607,30.0,1785.1,NORMAL,0,
2,2026-10-01T19:20:18Z,1.6763,0.2523,1.9869,30.0,1791.1,NORMAL,0,
3,2026-10-01T19:20:18Z,1.6576,0.1841,1.9414,30.0,1790.7,NORMAL,0,
4,2026-10-01T19:20:18Z,1.0015,0.1727,1.9122,30.0,1777.5,NORMAL,0,
5,2026-10-01T19:20:18Z,1.4308,0.0855,1.8917,60.0,3569.5,NORMAL,0,
6,2026-10-01T19:20:18Z,1.0833,0.2767,1.9806,60.0,3550.1,NORMAL,0,
1,2026-10-01T19:21:18Z,1.5859,0.2597,1.9176,30.0,1782.4,NORMAL,0,
2,2026-10-01T19:21:18Z,1.5914,-0.0381,1.9043,30.0,1782.7,NORMAL,0,
3,2026-10-01T19:21:18Z,1.6293,-0.1392,1.8961,30.0,1774.5,NORMAL,0,
4,2026-10-01T19:21:18Z,1.0564,0.1574,1.9071,30.0,1781.4,NORMAL,0,
5,2026-10-01T19:21:18Z,1.4002,-0.3101,1.9315,60.0,3566.8,NORMAL,0,
6,2026-10-01T19:21:18Z,1.0996,0.1498,1.8818,60.0,3567.5,NORMAL,0,
1,2026-10-01T19:22:18Z,1.5939,-0.2947,1.8925,30.0,1780.6,NORMAL,0,
2,2026-10-01T19:22:18Z,1.7091,0.3046,1.9223,30.0,1776.6,NORMAL,0,
3,2026-10-01T19:22:18Z,1.5913,-0.2691,1.9173,30.0,1778.8,NORMAL,0,
4,2026-10-01T19:22:18Z,1.0454,0.2164,1.9106,30.0,1770.5,NORMAL,0,
5,2026-10-01T19:22:18Z,1.3911,-0.0584,1.9606,60.0,3556.5,NORMAL,0,
6,2026-10-01T19:22:18Z,1.1713,-0.1716,1.8646,60.0,3571.9,NORMAL,0,
1,2026-10-01T19:23:18Z,1.5252,0.0824,1.9382,30.0,1771.0,NORMAL,0,
2,2026-10-01T19:23:18Z,1.6271,0.0345,1.9407,30.0,1780.4,NORMAL,0,
3,2026-10-01T19:23:18Z,1.5964,0.0443,1.9192,30.0,1777.6,NORMAL,0,
4,2026-10-01T19:23:18Z,1.0155,0.274,1.9613,30.0,1770.9,NORMAL,0,
5,2026-10-01T19:23:18Z,1.4323,-0.3095,1.9202,60.0,3577.1,NORMAL,0,
6,2026-10-01T19:23:18Z,1.1192,-0.1251,1.9433,60.0,3558.2,NORMAL,0,
1,2026-10-01T19:24:18Z,1.551,0.1585,1.9378,30.0,1775.4,NORMAL,0,
2,2026-10-01T19:24:18Z,1.6625,0.108,1.9786,30.0,1788.4,NORMAL,0,
3,2026-10-01T19:24:18Z,1.5329,0.1135,1.9447,30.0,1780.7,NORMAL,0,
4,2026-10-01T19:24:18Z,1.0289,0.0447,1.9283,30.0,1784.5,NORMAL,0,
5,2026-10-01T19:24:18Z,1.4109,-0.1861,1.9223,60.0,3539.9,NORMAL,0,
6,2026-10-01T19:24:18Z,1.0745,-0.2672,1.9379,60.0,3543.2,NORMAL,0,
1,2026-10-01T19:25:18Z,1.5919,-0.2609,1.8609,30.0,1783.8,NORMAL,0,
2,2026-10-01T19:25:18Z,1.668,0.1848,1.9508,30.0,1789.3,NORMAL,0,
3,2026-10-01T19:25:18Z,1.561,-0.264,1.9785,30.0,1787.9,NORMAL,0,
4,2026-10-01T19:25:18Z,1.0116,-0.1655,1.9154,30.0,1778.5,NORMAL,0,
5,2026-10-01T19:25:18Z,1.4243,0.2669,1.953,60.0,3555.3,NORMAL,0,
6,2026-10-01T19:25:18Z,1.0616,-0.1032,1.9605,60.0,3559.0,NORMAL,0,
1,2026-10-01T19:26:18Z,1.5495,-0.1955,1.9926,30.0,1784.3,NORMAL,0,
2,2026-10-01T19:26:18Z,1.8051,0.3551,1.9034,30.0,1790.2,NORMAL,0,
3,2026-10-01T19:26:18Z,1.6068,-0.0143,1.9344,30.0,1775.6,NORMAL,0,
4,2026-10-01T19:26:18Z,1.0022,-0.3085,1.976,30.0,1779.8,NORMAL,0,
5,2026-10-01T19:26:18Z,1.3984,0.2211,1.9512,60.0,3562.4,NORMAL,0,
6,2026-10-01T19:26:18Z,1.0781,-0.1963,1.8707,60.0,3550.2,NORMAL,0,
1,2026-10-01T19:27:18Z,1.6252,-0.0298,1.9603,30.0,1772.8,NORMAL,0,
2,2026-10-01T19:27:18Z,1.7629,0.3305,1.9281,30.0,1776.5,NORMAL,0,
3,2026-10-01T19:27:18Z,1.5642,0.2589,1.9809,30.0,1777.0,NORMAL,0,
4,2026-10-01T19:27:18Z,0.9588,-0.1263,2.0495,30.0,1786.3,NORMAL,0,
5,2026-10-01T19:27:18Z,1.3437,-0.1118,1.9391,60.0,3545.1,NORMAL,0,
6,2026-10-01T19:27:18Z,1.1223,-0.1786,1.9419,60.0,3575.8,NORMAL,0,
1,2026-10-01T19:28:18Z,1.7259,-0.251,1.905,30.0,1790.0,NORMAL,0,
2,2026-10-01T19:28:18Z,1.677,-0.3443,1.9356,30.0,1777.1,NORMAL,0,
3,2026-10-01T19:28:18Z,1.5477,-0.1274,1.916,30.0,1765.1,NORMAL,0,
4,2026-10-01T19:28:18Z,1.0003,0.0675,1.9363,30.0,1768.6,NORMAL,0,
5,2026-10-01T19:28:18Z,1.3739,0.3232,1.93,60.0,3560.9,NORMAL,0,
6,2026-10-01T19:28:18Z,1.1432,0.1328,1.8873,60.0,3547.9,NORMAL,0,
1,2026-10-01T19:29:18Z,1.5451,-0.2822,2.0118,30.0,1775.9,NORMAL,0,
2,2026-10-01T19:29:18Z,1.7298,0.0265,1.8856,30.0,1788.7,NORMAL,0,
3,2026-10-01T19:29:18Z,1.6108,0.1259,1.897,30.0,1784.5,NORMAL,0,
4,2026-10-01T19:29:18Z,0.9464,-0.2241,1.9036,30.0,1778.4,NORMAL,0,
5,2026-10-01T19:29:18Z,1.4055,0.3183,1.9205,60.0,3548.0,NORMAL,0,
6,2026-10-01T19:29:18Z,1.0391,-0.0101,2.0469,60.0,3572.0,NORMAL,0,
1,2026-10-01T19:30:18Z,1.4961,0.1847,1.9528,30.0,1775.9,NORMAL,0,
2,2026-10-01T19:30:18Z,1.686,-0.2664,1.9057,30.0,1788.8,NORMAL,0,
3,2026-10-01T19:30:18Z,1.6021,0.2371,1.9122,30.0,1791.3,NORMAL,0,
4,2026-10-01T19:30:18Z,1.0357,-0.0993,1.8812,30.0,1771.0,NORMAL,0,
5,2026-10-01T19:30:18Z,1.3672,-0.225,1.9653,60.0,3566.8,NORMAL,0,
6,2026-10-01T19:30:18Z,1.1183,-0.3021,1.9474,60.0,3573.8,NORMAL,0,
1,2026-10-01T19:31:18Z,1.4792,-0.2635,1.8995,30.0,1781.2,NORMAL,0,
2,2026-10-01T19:31:18Z,1.7295,-0.1058,1.8911,30.0,1786.7,NORMAL,0,
3,2026-10-01T19:31:18Z,1.5359,0.2242,1.9367,30.0,1788.0,NORMAL,0,
4,2026-10-01T19:31:18Z,1.0287,-0.1245,1.9697,30.0,1779.1,NORMAL,0,
5,2026-10-01T19:31:18Z,1.4091,-0.2192,1.8557,60.0,3565.8,NORMAL,0,
6,2026-10-01T19:31:18Z,1.1159,0.0214,1.9022,60.0,3569.3,NORMAL,0,
1,2026-10-01T19:32:18Z,1.6277,0.2253,1.8992,30.0,1783.2,NORMAL,0,
2,2026-10-01T19:32:18Z,1.7159,0.162,1.9237,30.0,1782.4,NORMAL,0,
3,2026-10-01T19:32:18Z,1.6199,-0.2979,1.9019,30.0,1784.4,NORMAL,0,
4,2026-10-01T19:32:18Z,0.9977,-0.1721,1.9176,30.0,1778.1,NORMAL,0,
5,2026-10-01T19:32:18Z,1.3961,0.3297,1.9555,60.0,3551.4,NORMAL,0,
6,2026-10-01T19:32:18Z,1.1168,0.3177,1.9296,58.0,3524.4,NORMAL,0,
1,2026-10-01T19:33:18Z,1.5623,0.1945,1.9109,30.0,1782.9,NORMAL,0,
2,2026-10-01T19:33:18Z,1.779,-0.1631,1.9129,30.0,1771.3,NORMAL,0,
3,2026-10-01T19:33:18Z,1.621,0.0979,1.9807,30.0,1782.5,NORMAL,0,
4,2026-10-01T19:33:18Z,1.0336,0.268,1.9406,30.0,1775.2,NORMAL,0,
5,2026-10-01T19:33:18Z,1.4104,-0.2712,1.9645,60.0,3543.3,NORMAL,0,
6,2026-10-01T19:33:18Z,1.119,0.1051,1.9358,60.0,3564.0,NORMAL,0,
1,2026-10-01T19:34:18Z,1.5608,0.3453,1.917,30.0,1781.2,NORMAL,0,
2,2026-10-01T19:34:18Z,1.6995,-0.3387,1.9475,30.0,1774.8,NORMAL,0,
3,2026-10-01T19:34:18Z,1.5334,0.3047,1.9663,30.0,1789.0,NORMAL,0,
4,2026-10-01T19:34:18Z,1.0779,0.0309,1.9002,30.0,1782.2,NORMAL,0,
5,2026-10-01T19:34:18Z,1.3723,0.2297,1.9179,60.0,3575.6,NORMAL,0,
6,2026-10-01T19:34:18Z,1.0608,0.3179,1.9679,60.0,3572.8,NORMAL,0,
1,2026-10-01T19:35:18Z,1.5802,0.1114,1.9686,30.0,1763.3,NORMAL,0,
2,2026-10-01T19:35:18Z,1.7492,0.2338,1.9435,30.0,1788.4,NORMAL,0,
3,2026-10-01T19:35:18Z,1.7209,-0.1702,1.8942,30.0,1781.8,NORMAL,0,
4,2026-10-01T19:35:18Z,1.0404,0.3047,1.9856,30.0,1779.7,NORMAL,0,
5,2026-10-01T19:35:18Z,1.3963,-0.0644,1.927,60.0,3592.4,NORMAL,0,
6,2026-10-01T19:35:18Z,1.0963,0.3071,1.8835,60.0,3549.6,NORMAL,0,
1,2026-10-01T19:36:18Z,1.5754,0.3409,1.9682,30.0,1771.5,NORMAL,0,
2,2026-10-01T19:36:18Z,1.732,0.1212,1.9227,30.0,1770.9,NORMAL,0,
3,2026-10-01T19:36:18Z,1.591,0.103,1.9437,30.0,1791.3,NORMAL,0,
4,2026-10-01T19:36:18Z,1.0474,-0.3003,1.9228,30.0,1786.0,NORMAL,0,
5,2026-10-01T19:36:18Z,1.4101,-0.2517,1.8994,60.0,3557.6,NORMAL,0,
6,2026-10-01T19:36:18Z,1.0121,0.209,1.9803,60.0,3560.9,NORMAL,0,
1,2026-10-01T19:37:18Z,1.5805,0.0459,1.9217,30.0,1787.1,NORMAL,0,
2,2026-10-01T19:37:18Z,1.7294,-0.1897,1.8757,30.0,1777.8,NORMAL,0,
3,2026-10-01T19:37:18Z,1.6049,-0.1747,1.9474,30.0,1781.7,NORMAL,0,
4,2026-10-01T19:37:18Z,1.0528,-0.1096,1.8941,30.0,1788.5,NORMAL,0,
5,2026-10-01T19:37:18Z,1.4008,-0.2963,1.9408,60.0,3572.3,NORMAL,0,
6,2026-10-01T19:37:18Z,1.1624,0.0071,1.9067,60.0,3565.6,NORMAL,0,
1,2026-10-01T19:38:18Z,1.5968,0.3323,2.0069,30.0,1789.3,NORMAL,0,
2,2026-10-01T19:38:18Z,1.6719,0.0561,1.9336,30.0,1791.9,NORMAL,0,
3,2026-10-01T19:38:18Z,1.5896,0.3714,1.9256,30.0,1765.4,NORMAL,0,
4,2026-10-01T19:38:18Z,1.0316,-0.3262,1.9047,30.0,1789.9,NORMAL,0,
5,2026-10-01T19:38:18Z,1.3932,0.0738,1.9479,60.0,3544.0,NORMAL,0,
6,2026-10-01T19:38:18Z,1.0905,0.0128,1.9194,60.0,3556.7,NORMAL,0,
1,2026-10-01T19:39:18Z,1.5215,0.0991,1.8759,30.0,1784.5,NORMAL,0,
2,2026-10-01T19:39:18Z,1.7514,-0.1027,1.9305,30.0,1777.1,NORMAL,0,
3,2026-10-01T19:39:18Z,1.5946,-0.2806,1.9263,30.0,1787.9,NORMAL,0,
4,2026-10-01T19:39:18Z,1.0094,-0.0331,2.0072,30.0,1774.9,NORMAL,0,
5,2026-10-01T19:39:18Z,1.3874,0.1917,1.9358,58.0,3535.2,NORMAL,0,
6,2026-10-01T19:39:18Z,1.1033,0.2283,1.9308,60.0,3544.8,NORMAL,0,
1,2026-10-01T19:40:18Z,1.5752,0.2949,1.9483,30.0,1780.1,NORMAL,0,
2,2026-10-01T19:40:18Z,1.7263,-0.019,1.9369,30.0,1782.1,NORMAL,0,
3,2026-10-01T19:40:18Z,1.6247,0.243,1.9299,30.0,1791.2,NORMAL,0,
4,2026-10-01T19:40:18Z,1.0506,0.2968,1.8097,30.0,1785.3,NORMAL,0,
5,2026-10-01T19:40:18Z,1.4058,0.3231,1.973,60.0,3564.7,NORMAL,0,
6,2026-10-01T19:40:18Z,1.0709,0.3094,1.9184,60.0,3565.3,NORMAL,0,
1,2026-10-01T19:41:18Z,1.5641,-0.3232,1.9663,30.0,1772.8,NORMAL,0,
2,2026-10-01T19:41:18Z,1.7701,0.0528,1.9133,30.0,1771.9,NORMAL,0,
3,2026-10-01T19:41:18Z,1.5925,0.2283,1.9102,30.0,1789.1,NORMAL,0,
4,2026-10-01T19:41:18Z,1.0672,-0.1678,1.8657,30.0,1761.7,NORMAL,0,
5,2026-10-01T19:41:18Z,1.4474,0.1161,1.9728,60.0,3554.7,NORMAL,0,
6,2026-10-01T19:41:18Z,1.0751,0.3127,1.9509,60.0,3563.3,NORMAL,0,
1,2026-10-01T19:42:18Z,1.6404,-0.1151,1.8638,30.0,1778.2,NORMAL,0,
2,2026-10-01T19:42:18Z,1.6373,0.0798,2.0315,30.0,1786.5,NORMAL,0,
3,2026-10-01T19:42:18Z,1.5641,0.3494,1.9424,30.0,1783.2,NORMAL,0,
4,2026-10-01T19:42:18Z,1.0542,0.1763,1.9902,30.0,1775.2,NORMAL,0,
5,2026-10-01T19:42:18Z,1.375,-0.1655,1.9136,60.0,3579.9,NORMAL,0,
6,2026-10-01T19:42:18Z,1.0823,-0.2587,1.9823,60.0,3548.0,NORMAL,0,
1,2026-10-01T19:43:18Z,1.623,0.2508,1.8683,30.0,1770.8,NORMAL,0,
2,2026-10-01T19:43:18Z,1.6511,0.3158,1.965,30.0,1779.0,NORMAL,0,
3,2026-10-01T19:43:18Z,1.6504,-0.2591,1.9126,30.0,1775.9,NORMAL,0,
4,2026-10-01T19:43:18Z,1.0415,0.163,1.9111,30.0,1796.4,NORMAL,0,
5,2026-10-01T19:43:18Z,1.4255,0.2068,1.9312,60.0,3560.5,NORMAL,0,
6,2026-10-01T19:43:18Z,1.1071,0.2688,1.9032,60.0,3577.7,NORMAL,0,
1,2026-10-01T19:44:18Z,1.5498,0.2657,1.9346,30.0,1772.4,NORMAL,0,
2,2026-10-01T19:44:18Z,1.7201,0.3317,1.8894,30.0,1781.0,NORMAL,0,
3,2026-10-01T19:44:18Z,1.5844,-0.285,1.9081,30.0,1773.3,NORMAL,0,
4,2026-10-01T19:44:18Z,1.0211,0.2817,1.9052,30.0,1799.5,NORMAL,0,
5,2026-10-01T19:44:18Z,1.4362,0.311,1.9648,60.0,3556.3,NORMAL,0,
6,2026-10-01T19:44:18Z,1.0806,0.0243,1.9183,60.0,3545.0,NORMAL,0,
1,2026-10-01T19:45:18Z,1.5873,0.3019,1.8674,30.0,1775.5,NORMAL,0,
2,2026-10-01T19:45:18Z,1.7013,0.2873,1.8886,30.0,1778.4,NORMAL,0,
3,2026-10-01T19:45:18Z,1.5992,0.2129,1.9411,30.0,1804.3,NORMAL,0,
4,2026-10-01T19:45:18Z,1.039,-0.2178,1.9258,30.0,1783.7,NORMAL,0,
5,2026-10-01T19:45:18Z,1.3717,0.0861,1.8878,60.0,3550.2,NORMAL,0,
6,2026-10-01T19:45:18Z,1.1309,0.1996,1.9363,60.0,3562.0,NORMAL,0,
1,2026-10-01T19:46:18Z,1.5624,0.0783,1.987,30.0,1786.3,NORMAL,0,
2,2026-10-01T19:46:18Z,1.6866,-0.0176,1.9757,30.0,1762.5,NORMAL,0,
3,2026-10-01T19:46:18Z,1.6518,0.3637,1.9395,30.0,1770.5,NORMAL,0,
4,2026-10-01T19:46:18Z,1.0317,-0.3037,1.9442,30.0,1771.7,NORMAL,0,
5,2026-10-01T19:46:18Z,1.3414,-0.2442,1.9185,60.0,3564.4,NORMAL,0,
6,2026-10-01T19:46:18Z,1.111,0.3035,1.8653,60.0,3573.8,NORMAL,0,
1,2026-10-01T19:47:18Z,1.6261,-0.2551,1.9078,30.0,1778.0,NORMAL,0,
2,2026-10-01T19:47:18Z,1.6717,0.2402,1.8849,30.0,1788.1,NORMAL,0,
3,2026-10-01T19:47:18Z,1.6132,-0.2926,1.9001,30.0,1779.9,NORMAL,0,
4,2026-10-01T19:47:18Z,1.0345,0.2078,1.8672,30.0,1770.7,NORMAL,0,
5,2026-10-01T19:47:18Z,1.4104,-0.3152,1.9241,60.0,3566.4,NORMAL,0,
6,2026-10-01T19:47:18Z,1.0811,-0.0274,1.9942,60.0,3553.9,NORMAL,0,
1,2026-10-01T19:48:18Z,1.6363,-0.2819,1.8893,30.0,1763.6,NORMAL,0,
2,2026-10-01T19:48:18Z,1.7269,-0.2189,1.8983,30.0,1774.6,NORMAL,0,
3,2026-10-01T19:48:18Z,1.6026,0.3555,1.9605,30.0,1773.7,NORMAL,0,
4,2026-10-01T19:48:18Z,1.039,0.0256,1.9154,30.0,1773.4,NORMAL,0,
5,2026-10-01T19:48:18Z,1.35,-0.0406,1.942,60.0,3548.8,NORMAL,0,
6,2026-10-01T19:48:18Z,1.1184,0.0862,1.9188,60.0,3600.4,NORMAL,0,
1,2026-10-01T19:49:18Z,1.5282,0.1873,1.8954,30.0,1784.3,NORMAL,0,
2,2026-10-01T19:49:18Z,1.6605,-0.0105,1.9456,30.0,1759.6,NORMAL,0,
3,2026-10-01T19:49:18Z,1.671,0.3192,1.9238,30.0,1781.8,NORMAL,0,
4,2026-10-01T19:49:18Z,0.9776,-0.2863,1.9445,30.0,1781.8,NORMAL,0,
5,2026-10-01T19:49:18Z,1.4257,0.262,1.9159,60.0,3545.5,NORMAL,0,
6,2026-10-01T19:49:18Z,1.0805,-0.0673,1.9415,60.0,3552.9,NORMAL,0,
1,2026-10-01T19:50:18Z,1.5829,-0.3118,1.9168,30.0,1789.1,NORMAL,0,
2,2026-10-01T19:50:18Z,1.6025,0.2615,1.9947,30.0,1776.0,NORMAL,0,
3,2026-10-01T19:50:18Z,1.622,-0.0009,1.9017,30.0,1777.2,NORMAL,0,
4,2026-10-01T19:50:18Z,0.997,0.0439,1.9558,30.0,1774.9,NORMAL,0,
5,2026-10-01T19:50:18Z,1.3502,0.2581,1.9127,60.0,3543.2,NORMAL,0,
6,2026-10-01T19:50:18Z,1.095,-0.0275,1.9924,60.0,3570.8,NORMAL,0,
1,2026-10-01T19:51:18Z,1.5514,-0.2993,1.8827,30.0,1785.9,NORMAL,0,
2,2026-10-01T19:51:18Z,1.6984,0.2008,1.9233,30.0,1773.7,NORMAL,0,
3,2026-10-01T19:51:18Z,1.5957,0.1973,1.9496,30.0,1762.3,NORMAL,0,
4,2026-10-01T19:51:18Z,0.9972,0.076,1.9457,30.0,1782.6,NORMAL,0,
5,2026-10-01T19:51:18Z,1.366,0.1434,1.9287,60.0,3564.3,NORMAL,0,
6,2026-10-01T19:51:18Z,1.0704,0.1826,1.9807,58.0,3529.5,NORMAL,0,
1,2026-10-01T19:52:18Z,1.6073,0.0451,1.9233,30.0,1777.1,NORMAL,0,
2,2026-10-01T19:52:18Z,1.6854,0.0,1.9538,30.0,1785.4,NORMAL,0,
3,2026-10-01T19:52:18Z,1.4938,0.1231,1.9574,30.0,1778.8,NORMAL,0,
4,2026-10-01T19:52:18Z,1.0186,0.2264,1.9378,30.0,1768.9,NORMAL,0,
5,2026-10-01T19:52:18Z,1.3942,0.2278,1.9508,60.0,3562.0,NORMAL,0,
6,2026-10-01T19:52:18Z,1.0837,0.0323,1.9592,60.0,3592.8,NORMAL,0,
1,2026-10-01T19:53:18Z,1.5619,0.0688,1.9659,30.0,1768.0,NORMAL,0,
2,2026-10-01T19:53:18Z,1.6326,0.3034,1.9478,30.0,1785.3,NORMAL,0,
3,2026-10-01T19:53:18Z,1.6387,0.3136,1.9016,30.0,1782.9,NORMAL,0,
4,2026-10-01T19:53:18Z,1.014,0.344,1.9184,30.0,1775.8,NORMAL,0,
5,2026-10-01T19:53:18Z,1.4087,-0.2873,1.9636,60.0,3542.8,NORMAL,0,
6,2026-10-01T19:53:18Z,1.0419,0.1435,1.9117,60.0,3549.0,NORMAL,0,
1,2026-10-01T19:54:18Z,1.578,-0.0495,1.9098,30.0,1783.4,NORMAL,0,
2,2026-10-01T19:54:18Z,1.7126,0.0877,1.9993,30.0,1796.3,NORMAL,0,
3,2026-10-01T19:54:18Z,1.6019,0.1161,1.9571,30.0,1783.1,NORMAL,0,
4,2026-10-01T19:54:18Z,1.0207,0.0455,1.903,30.0,1776.1,NORMAL,0,
5,2026-10-01T19:54:18Z,1.3874,-0.2093,1.9769,60.0,3579.5,NORMAL,0,
6,2026-10-01T19:54:18Z,1.0761,0.0663,1.8608,60.0,3545.6,NORMAL,0,
1,2026-10-01T19:55:18Z,1.5302,0.1332,1.9931,30.0,1779.9,NORMAL,0,
2,2026-10-01T19:55:18Z,1.7518,0.3387,1.9821,30.0,1796.5,NORMAL,0,
3,2026-10-01T19:55:18Z,1.7079,-0.2899,1.925,30.0,1787.6,NORMAL,0,
4,2026-10-01T19:55:18Z,1.0359,0.2464,1.8811,30.0,1783.8,NORMAL,0,
5,2026-10-01T19:55:18Z,1.3459,0.2709,1.9591,60.0,3558.4,NORMAL,0,
6,2026-10-01T19:55:18Z,2.4785,0.033,1.5931,60.0,3568.3,NORMAL,1,DESBALANCEAMENTO
1,2026-10-01T19:56:18Z,1.5742,0.1498,1.9148,30.0,1787.1,NORMAL,0,
2,2026-10-01T19:56:18Z,1.7055,0.1836,1.8459,30.0,1783.5,NORMAL,0,
3,2026-10-01T19:56:18Z,1.6215,0.2589,1.9296,30.0,1771.5,NORMAL,0,
4,2026-10-01T19:56:18Z,0.9948,-0.0366,1.9209,30.0,1772.1,NORMAL,0,
5,2026-10-01T19:56:18Z,1.3872,0.1069,1.9468,60.0,3555.2,NORMAL,0,
6,2026-10-01T19:56:18Z,2.5772,0.1196,1.5773,60.0,3570.5,NORMAL,1,DESBALANCEAMENTO
1,2026-10-01T19:57:18Z,1.6376,0.2548,1.8413,30.0,1778.2,NORMAL,0,
2,2026-10-01T19:57:18Z,1.6465,0.3225,1.9874,30.0,1776.2,NORMAL,0,
3,2026-10-01T19:57:18Z,1.6243,0.027,1.9504,30.0,1769.5,NORMAL,0,
4,2026-10-01T19:57:18Z,1.0532,-0.3663,1.9957,30.0,1782.2,NORMAL,0,
5,2026-10-01T19:57:18Z,1.3445,-0.0546,1.9521,60.0,3544.0,NORMAL,0,
6,2026-10-01T19:57:18Z,2.7585,-0.0054,1.5766,60.0,3545.3,NORMAL,1,DESBALANCEAMENTO
1,2026-10-01T19:58:18Z,1.5537,0.3853,1.9421,30.0,1785.7,NORMAL,0,
2,2026-10-01T19:58:18Z,1.7164,0.3377,1.9548,30.0,1775.9,NORMAL,0,
3,2026-10-01T19:58:18Z,1.5676,0.2342,1.9538,30.0,1784.8,NORMAL,0,
4,2026-10-01T19:58:18Z,1.0684,0.3218,1.9527,30.0,1781.3,NORMAL,0,
5,2026-10-01T19:58:18Z,1.4363,-0.2846,1.9104,60.0,3563.0,NORMAL,0,
6,2026-10-01T19:58:18Z,3.3313,0.0839,1.5465,60.0,3544.6,NORMAL,1,DESBALANCEAMENTO
1,2026-10-01T19:59:18Z,1.6208,0.2846,1.9007,30.0,1775.5,NORMAL,0,
2,2026-10-01T19:59:18Z,1.6811,-0.2644,2.0168,30.0,1779.0,NORMAL,0,
3,2026-10-01T19:59:18Z,1.6275,0.2978,1.9379,30.0,1782.1,NORMAL,0,
4,2026-10-01T19:59:18Z,1.2542,6.1091,110.6777,30.0,1797.1,CRITICO,1,PICO_ISOLADO
5,2026-10-01T19:59:18Z,1.407,0.1098,1.9361,60.0,3538.5,NORMAL,0,
6,2026-10-01T19:59:18Z,3.4878,0.0408,1.543,60.0,3567.6,NORMAL,1,DESBALANCEAMENTO
1,2026-10-01T20:00:18Z,1.5876,0.2244,1.9843,30.0,1778.0,NORMAL,0,
2,2026-10-01T20:00:18Z,1.7212,0.3549,1.9543,30.0,1787.2,NORMAL,0,
3,2026-10-01T20:00:18Z,1.6836,0.2522,1.9048,30.0,1777.3,NORMAL,0,
4,2026-10-01T20:00:18Z,1.207,5.0801,86.4659,30.0,1786.4,CRITICO,1,PICO_ISOLADO
5,2026-10-01T20:00:18Z,1.3427,0.2282,1.973,58.0,3523.9,NORMAL,0,
6,2026-10-01T20:00:18Z,3.6574,0.0172,1.536,60.0,3565.8,NORMAL,1,DESBALANCEAMENTO
1,2026-10-01T20:01:18Z,1.5151,-0.0351,1.9814,30.0,1792.0,NORMAL,0,
2,2026-10-01T20:01:18Z,1.6724,0.2029,1.9744,30.0,1781.0,NORMAL,0,
3,2026-10-01T20:01:18Z,1.6423,-0.1187,1.934,30.0,1782.6,NORMAL,0,
4,2026-10-01T20:01:18Z,1.0051,0.277,1.9547,30.0,1775.2,NORMAL,0,
5,2026-10-01T20:01:18Z,1.3555,0.0725,1.9352,60.0,3558.9,NORMAL,0,
6,2026-10-01T20:01:18Z,3.8046,-0.0852,1.5264,60.0,3540.7,NORMAL,1,DESBALANCEAMENTO
1,2026-10-01T20:02:18Z,1.5809,-0.3142,1.8199,30.0,1782.9,NORMAL,0,
2,2026-10-01T20:02:18Z,1.6385,-0.3283,1.9513,30.0,1788.1,NORMAL,0,
3,2026-10-01T20:02:18Z,1.5707,-0.1298,1.9553,30.0,1768.2,NORMAL,0,
4,2026-10-01T20:02:18Z,1.0017,-0.2807,1.8824,30.0,1772.6,NORMAL,0,
5,2026-10-01T20:02:18Z,1.4065,-0.0992,1.9144,60.0,3575.6,NORMAL,0,
6,2026-10-01T20:02:18Z,3.9789,-0.0457,1.5277,60.0,3564.5,NORMAL,1,DESBALANCEAMENTO
1,2026-10-01T20:03:18Z,1.4883,0.0349,1.8937,30.0,1789.9,NORMAL,0,
2,2026-10-01T20:03:18Z,1.7725,0.2738,1.9216,30.0,1782.4,NORMAL,0,
3,2026-10-01T20:03:18Z,1.59,0.2077,1.8555,30.0,1775.2,NORMAL,0,
4,2026-10-01T20:03:18Z,1.0149,0.3068,1.88,30.0,1778.8,NORMAL,0,
5,2026-10-01T20:03:18Z,1.4398,-0.1238,1.8959,60.0,3543.5,NORMAL,0,
6,2026-10-01T20:03:18Z,4.3316,-0.0032,1.5317,60.0,3573.4,NORMAL,1,DESBALANCEAMENTO
1,2026-10-01T20:04:18Z,1.6831,0.0508,1.8647,30.0,1781.7,NORMAL,0,
2,2026-10-01T20:04:18Z,1.7458,-0.0247,1.9265,30.0,1787.6,NORMAL,0,
3,2026-10-01T20:04:18Z,1.6016,0.2383,1.9276,30.0,1767.6,NORMAL,0,
4,2026-10-01T20:04:18Z,1.0301,0.1331,1.9632,30.0,1765.8,NORMAL,0,
5,2026-10-01T20:04:18Z,1.4429,0.3219,1.9413,60.0,3553.8,NORMAL,0,
6,2026-10-01T20:04:18Z,4.5414,0.0134,1.532,60.0,3561.6,ATENCAO,1,DESBALANCEAMENTO
1,2026-10-01T20:05:18Z,1.5833,0.0465,2.0466,30.0,1768.5,NORMAL,0,
2,2026-10-01T20:05:18Z,1.7065,-0.2189,1.9356,30.0,1779.6,NORMAL,0,
3,2026-10-01T20:05:18Z,1.5655,0.3157,1.9911,30.0,1791.8,NORMAL,0,
4,2026-10-01T20:05:18Z,1.0633,-0.2308,1.9484,30.0,1777.7,NORMAL,0,
5,2026-10-01T20:05:18Z,1.394,-0.2931,1.9628,60.0,3551.3,NORMAL,0,
6,2026-10-01T20:05:18Z,1.0914,-0.2839,2.011,60.0,3542.7,NORMAL,0,
1,2026-10-01T20:06:18Z,1.5256,-0.2604,1.9525,30.0,1786.3,NORMAL,0,
2,2026-10-01T20:06:18Z,1.7917,0.2073,1.8684,30.0,1789.3,NORMAL,0,
3,2026-10-01T20:06:18Z,1.6506,0.0056,1.9257,30.0,1775.3,NORMAL,0,
4,2026-10-01T20:06:18Z,1.0293,0.2675,1.9146,30.0,1780.5,NORMAL,0,
5,2026-10-01T20:06:18Z,1.4908,0.2974,1.8904,60.0,3575.8,NORMAL,0,
6,2026-10-01T20:06:18Z,1.1537,0.2474,1.9301,60.0,3560.2,NORMAL,0,
1,2026-10-01T20:07:18Z,1.6158,0.2657,1.9044,30.0,1762.8,NORMAL,0,
2,2026-10-01T20:07:18Z,1.7262,0.1601,1.9276,30.0,1767.7,NORMAL,0,
3,2026-10-01T20:07:18Z,1.5508,-0.3036,1.9338,30.0,1780.8,NORMAL,0,
4,2026-10-01T20:07:18Z,1.0376,-0.1523,1.9124,30.0,1774.7,NORMAL,0,
5,2026-10-01T20:07:18Z,1.408,0.2767,1.9522,60.0,3554.1,NORMAL,0,
6,2026-10-01T20:07:18Z,1.0453,-0.3011,2.0099,60.0,3571.5,NORMAL,0,
1,2026-10-01T20:08:18Z,1.5686,-0.2931,1.8913,30.0,1770.7,NORMAL,0,
2,2026-10-01T20:08:18Z,1.6905,0.1017,1.9078,30.0,1776.5,NORMAL,0,
3,2026-10-01T20:08:18Z,1.5102,0.2876,1.973,30.0,1781.4,NORMAL,0,
4,2026-10-01T20:08:18Z,0.9831,0.1636,1.9836,30.0,1784.0,NORMAL,0,
5,2026-10-01T20:08:18Z,1.4703,-0.0037,1.9504,60.0,3553.4,NORMAL,0,
6,2026-10-01T20:08:18Z,1.0817,-0.1229,1.8732,58.0,3515.1,NORMAL,0,
1,2026-10-01T20:09:18Z,1.615,0.1083,1.9427,30.0,1793.4,NORMAL,0,
2,2026-10-01T20:09:18Z,1.737,-0.3341,1.9745,30.0,1797.0,NORMAL,0,
3,2026-10-01T20:09:18Z,1.6541,0.1038,1.8769,30.0,1782.2,NORMAL,0,
4,2026-10-01T20:09:18Z,1.065,-0.1837,1.9301,30.0,1794.3,NORMAL,0,
5,2026-10-01T20:09:18Z,1.3839,0.2716,1.9087,60.0,3570.5,NORMAL,0,
6,2026-10-01T20:09:18Z,1.1212,0.2567,1.9284,60.0,3559.2,NORMAL,0,
1,2026-10-01T20:10:18Z,1.5614,0.2632,1.9342,30.0,1793.8,NORMAL,0,
2,2026-10-01T20:10:18Z,1.7313,-0.2447,1.9241,30.0,1781.5,NORMAL,0,
3,2026-10-01T20:10:18Z,1.6632,0.0414,1.9052,30.0,1776.8,NORMAL,0,
4,2026-10-01T20:10:18Z,0.9896,0.2951,1.9642,30.0,1778.0,NORMAL,0,
5,2026-10-01T20:10:18Z,1.469,0.1474,1.9214,60.0,3596.1,NORMAL,0,
6,2026-10-01T20:10:18Z,1.1025,0.3006,1.9044,60.0,3541.9,NORMAL,0,
1,2026-10-01T20:11:18Z,1.5764,0.3043,1.986,30.0,1782.4,NORMAL,0,
2,2026-10-01T20:11:18Z,1.7397,0.1794,1.9045,30.0,1783.7,NORMAL,0,
3,2026-10-01T20:11:18Z,1.615,-0.2034,1.9457,30.0,1773.8,NORMAL,0,
4,2026-10-01T20:11:18Z,1.0645,0.0269,1.944,30.0,1779.7,NORMAL,0,
5,2026-10-01T20:11:18Z,1.3605,0.1613,1.8855,60.0,3563.6,NORMAL,0,
6,2026-10-01T20:11:18Z,1.0943,0.2309,1.9574,60.0,3568.0,NORMAL,0,
1,2026-10-01T20:12:18Z,1.5669,0.1435,1.8849,30.0,1785.2,NORMAL,0,
2,2026-10-01T20:12:18Z,1.6943,0.1355,1.8838,30.0,1772.8,NORMAL,0,
3,2026-10-01T20:12:18Z,1.6035,0.3626,1.9442,30.0,1784.0,NORMAL,0,
4,2026-10-01T20:12:18Z,1.0607,0.286,1.9147,30.0,1782.0,NORMAL,0,
5,2026-10-01T20:12:18Z,1.4832,-0.1185,1.8507,60.0,3562.9,NORMAL,0,
6,2026-10-01T20:12:18Z,1.0678,-0.2914,1.9915,60.0,3573.2,NORMAL,0,
1,2026-10-01T20:13:18Z,1.6185,-0.0843,1.9062,30.0,1771.3,NORMAL,0,
2,2026-10-01T20:13:18Z,1.6405,-0.3225,1.9549,30.0,1779.2,NORMAL,0,
3,2026-10-01T20:13:18Z,1.6158,-0.2991,1.9217,30.0,1775.0,NORMAL,0,
4,2026-10-01T20:13:18Z,1.0613,-0.2946,1.9015,30.0,1775.9,NORMAL,0,
5,2026-10-01T20:13:18Z,1.4969,0.1817,1.9187,60.0,3590.2,NORMAL,0,
6,2026-10-01T20:13:18Z,1.0812,-0.1475,1.9538,60.0,3552.8,NORMAL,0,
1,2026-10-01T20:14:18Z,1.5741,0.1083,1.9734,30.0,1776.4,NORMAL,0,
2,2026-10-01T20:14:18Z,1.7546,0.2843,1.8664,30.0,1787.6,NORMAL,0,
3,2026-10-01T20:14:18Z,1.525,0.1351,1.9533,30.0,1783.4,NORMAL,0,
4,2026-10-01T20:14:18Z,1.0187,0.2236,1.9147,30.0,1784.7,NORMAL,0,
5,2026-10-01T20:14:18Z,1.4108,-0.0397,1.9296,60.0,3557.5,NORMAL,0,
6,2026-10-01T20:14:18Z,1.1495,0.0754,1.8933,60.0,3545.4,NORMAL,0,
1,2026-10-01T20:15:18Z,1.5987,0.2989,1.8826,30.0,1781.2,NORMAL,0,
2,2026-10-01T20:15:18Z,1.725,0.282,1.9122,30.0,1771.5,NORMAL,0,
3,2026-10-01T20:15:18Z,1.9601,0.359,3.3112,30.0,1783.6,NORMAL,1,FALHA_ROLAMENTO
4,2026-10-01T20:15:18Z,1.0389,0.2524,1.9508,30.0,1771.0,NORMAL,0,
5,2026-10-01T20:15:18Z,1.4231,-0.0189,1.9405,60.0,3560.4,NORMAL,0,
6,2026-10-01T20:15:18Z,1.0697,-0.1093,1.912,58.0,3540.4,NORMAL,0,
1,2026-10-01T20:16:18Z,1.581,0.1758,1.9853,30.0,1779.2,NORMAL,0,
2,2026-10-01T20:16:18Z,1.6264,-0.3345,1.9299,30.0,1788.7,NORMAL,0,
3,2026-10-01T20:16:18Z,2.1162,0.6673,4.2279,30.0,1789.2,ATENCAO,1,FALHA_ROLAMENTO
4,2026-10-01T20:16:18Z,1.0418,-0.332,1.9702,30.0,1782.6,NORMAL,0,
5,2026-10-01T20:16:18Z,1.4065,0.3043,1.9509,60.0,3584.4,NORMAL,0,
6,2026-10-01T20:16:18Z,1.0755,-0.1605,1.9667,60.0,3560.9,NORMAL,0,
1,2026-10-01T20:17:18Z,1.6117,-0.3309,1.8921,30.0,1785.8,NORMAL,0,
2,2026-10-01T20:17:18Z,1.7622,-0.101,1.8438,30.0,1776.2,NORMAL,0,
3,2026-10-01T20:17:18Z,2.2808,0.8029,4.8642,30.0,1786.8,ATENCAO,1,FALHA_ROLAMENTO
4,2026-10-01T20:17:18Z,1.004,0.1579,1.9428,30.0,1769.5,NORMAL,0,
5,2026-10-01T20:17:18Z,1.3775,0.3159,1.9801,60.0,3595.3,NORMAL,0,
6,2026-10-01T20:17:18Z,1.0174,0.2267,1.9162,60.0,3562.3,NORMAL,0,
1,2026-10-01T20:18:18Z,1.6407,0.3169,1.897,30.0,1777.4,NORMAL,0,
2,2026-10-01T20:18:18Z,1.6931,-0.2672,1.881,30.0,1787.6,NORMAL,0,
3,2026-10-01T20:18:18Z,2.515,0.9492,5.5543,30.0,1776.3,ATENCAO,1,FALHA_ROLAMENTO
4,2026-10-01T20:18:18Z,1.0389,0.0953,1.9059,30.0,1772.2,NORMAL,0,
5,2026-10-01T20:18:18Z,1.43,-0.0082,1.9913,58.0,3526.2,NORMAL,0,
6,2026-10-01T20:18:18Z,1.1807,0.2216,1.94,60.0,3561.8,NORMAL,0,
1,2026-10-01T20:19:18Z,1.5581,0.2651,1.8539,30.0,1781.4,NORMAL,0,
2,2026-10-01T20:19:18Z,1.7548,0.2584,1.949,30.0,1768.0,NORMAL,0,
3,2026-10-01T20:19:18Z,2.7272,0.9905,6.2045,30.0,1787.4,ATENCAO,1,FALHA_ROLAMENTO
4,2026-10-01T20:19:18Z,1.039,0.1327,1.9525,30.0,1783.5,NORMAL,0,
5,2026-10-01T20:19:18Z,1.4762,-0.3164,1.9327,60.0,3558.7,NORMAL,0,
6,2026-10-01T20:19:18Z,1.1005,0.165,1.9307,60.0,3571.6,NORMAL,0,
1,2026-10-01T20:20:18Z,1.5474,0.2388,1.8945,30.0,1777.0,NORMAL,0,
2,2026-10-01T20:20:18Z,1.7316,0.2725,1.94,30.0,1775.5,NORMAL,0,
3,2026-10-01T20:20:18Z,2.9717,1.0541,6.5256,30.0,1787.1,ATENCAO,1,FALHA_ROLAMENTO
4,2026-10-01T20:20:18Z,1.0282,0.311,1.875,30.0,1773.7,NORMAL,0,
5,2026-10-01T20:20:18Z,1.4129,0.2396,1.8894,60.0,3565.4,NORMAL,0,
6,2026-10-01T20:20:18Z,1.1059,0.1614,1.8509,60.0,3545.2,NORMAL,0,
1,2026-10-01T20:21:18Z,3.3701,0.1385,1.5942,30.0,1768.6,NORMAL,1,DESBALANCEAMENTO
2,2026-10-01T20:21:18Z,1.7475,0.3607,1.8616,30.0,1774.0,NORMAL,0,
3,2026-10-01T20:21:18Z,3.2094,1.2322,7.1729,30.0,1778.6,ATENCAO,1,FALHA_ROLAMENTO
4,2026-10-01T20:21:18Z,0.9929,-0.2047,1.9046,30.0,1763.1,NORMAL,0,
5,2026-10-01T20:21:18Z,1.437,-0.032,1.9497,60.0,3558.8,NORMAL,0,
6,2026-10-01T20:21:18Z,1.0885,0.1617,1.8974,60.0,3557.6,NORMAL,0,
1,2026-10-01T20:22:18Z,3.8183,0.0891,1.5969,30.0,1777.2,NORMAL,1,DESBALANCEAMENTO
2,2026-10-01T20:22:18Z,1.6842,-0.1124,1.8838,30.0,1784.0,NORMAL,0,
3,2026-10-01T20:22:18Z,1.5783,0.2687,1.9154,30.0,1791.3,NORMAL,0,
4,2026-10-01T20:22:18Z,0.9994,0.0318,1.99,30.0,1775.9,NORMAL,0,
5,2026-10-01T20:22:18Z,1.4054,0.1659,1.9685,60.0,3557.0,NORMAL,0,
6,2026-10-01T20:22:18Z,1.1023,0.2404,1.9454,60.0,3553.5,NORMAL,0,
1,2026-10-01T20:23:18Z,4.3284,0.0839,1.5772,30.0,1777.7,NORMAL,1,DESBALANCEAMENTO
2,2026-10-01T20:23:18Z,1.7015,0.3254,1.9239,30.0,1790.7,NORMAL,0,
3,2026-10-01T20:23:18Z,1.5315,0.0704,1.9405,30.0,1784.8,NORMAL,0,
4,2026-10-01T20:23:18Z,1.0955,-0.0042,1.9112,30.0,1777.1,NORMAL,0,
5,2026-10-01T20:23:18Z,1.4252,0.1851,1.8977,60.0,3548.0,NORMAL,0,
6,2026-10-01T20:23:18Z,1.095,0.3181,1.9861,60.0,3567.3,NORMAL,0,
1,2026-10-01T20:24:18Z,4.8484,-0.0766,1.5437,30.0,1778.6,ATENCAO,1,DESBALANCEAMENTO
2,2026-10-01T20:24:18Z,1.6123,0.2885,2.0291,30.0,1780.9,NORMAL,0,
3,2026-10-01T20:24:18Z,1.543,0.2038,1.9833,30.0,1764.0,NORMAL,0,
4,2026-10-01T20:24:18Z,1.0265,0.1567,1.8505,30.0,1770.4,NORMAL,0,
5,2026-10-01T20:24:18Z,1.4069,0.2988,1.9633,58.0,3537.8,NORMAL,0,
6,2026-10-01T20:24:18Z,1.1119,0.2368,1.9491,60.0,3551.8,NORMAL,0,
1,2026-10-01T20:25:18Z,5.166,-0.0532,1.532,30.0,1781.9,ATENCAO,1,DESBALANCEAMENTO
2,2026-10-01T20:25:18Z,1.7217,0.3321,1.9167,30.0,1778.4,NORMAL,0,
3,2026-10-01T20:25:18Z,1.5953,-0.2555,1.885,30.0,1777.8,NORMAL,0,
4,2026-10-01T20:25:18Z,1.0107,-0.2433,1.8618,30.0,1776.0,NORMAL,0,
5,2026-10-01T20:25:18Z,1.4323,0.2413,1.9092,60.0,3574.7,NORMAL,0,
6,2026-10-01T20:25:18Z,1.0589,0.303,1.9303,60.0,3556.5,NORMAL,0,
1,2026-10-01T20:26:18Z,5.1596,-0.1131,1.5468,30.0,1791.1,ATENCAO,1,DESBALANCEAMENTO
2,2026-10-01T20:26:18Z,1.7179,0.1246,1.9443,30.0,1792.6,NORMAL,0,
3,2026-10-01T20:26:18Z,1.6408,-0.2963,1.8915,30.0,1777.1,NORMAL,0,
4,2026-10-01T20:26:18Z,1.0089,0.2829,1.9228,30.0,1779.1,NORMAL,0,
5,2026-10-01T20:26:18Z,1.4369,-0.1955,1.8927,58.0,3538.5,NORMAL,0,
6,2026-10-01T20:26:18Z,1.1054,0.2126,1.9338,60.0,3573.3,NORMAL,0,
1,2026-10-01T20:27:18Z,5.9208,-0.0745,1.5256,30.0,1768.5,ATENCAO,1,DESBALANCEAMENTO
2,2026-10-01T20:27:18Z,1.6365,0.1922,1.9563,30.0,1779.1,NORMAL,0,
3,2026-10-01T20:27:18Z,1.643,-0.0385,1.9739,30.0,1782.2,NORMAL,0,
4,2026-10-01T20:27:18Z,1.0307,0.0385,1.8715,30.0,1792.7,NORMAL,0,
5,2026-10-01T20:27:18Z,1.4465,-0.2213,1.8579,60.0,3557.6,NORMAL,0,
6,2026-10-01T20:27:18Z,1.0821,0.1793,1.9265,60.0,3553.5,NORMAL,0,
1,2026-10-01T20:28:18Z,6.2648,-0.0745,1.5337,30.0,1793.6,ATENCAO,1,DESBALANCEAMENTO
2,2026-10-01T20:28:18Z,1.7272,0.3213,1.9024,30.0,1771.1,NORMAL,0,
3,2026-10-01T20:28:18Z,1.5718,0.0065,1.9816,30.0,1774.0,NORMAL,0,
4,2026-10-01T20:28:18Z,1.0669,0.1746,1.9276,30.0,1788.0,NORMAL,0,
5,2026-10-01T20:28:18Z,1.4386,0.3183,1.9177,60.0,3552.9,NORMAL,0,
6,2026-10-01T20:28:18Z,1.0882,0.3294,1.9272,58.0,3530.6,NORMAL,0,
1,2026-10-01T20:29:18Z,6.7964,0.0669,1.5336,30.0,1789.3,ATENCAO,1,DESBALANCEAMENTO
2,2026-10-01T20:29:18Z,1.674,0.1204,1.9691,30.0,1780.0,NORMAL,0,
3,2026-10-01T20:29:18Z,1.6071,0.3104,1.9126,30.0,1772.1,NORMAL,0,
4,2026-10-01T20:29:18Z,1.0506,0.1003,1.9183,30.0,1777.1,NORMAL,0,
5,2026-10-01T20:29:18Z,1.3713,0.3157,1.9626,60.0,3567.7,NORMAL,0,
6,2026-10-01T20:29:18Z,1.0881,0.335,1.9649,60.0,3556.3,NORMAL,0,
1,2026-10-01T20:30:18Z,1.5858,0.316,1.9635,30.0,1772.2,NORMAL,0,
2,2026-10-01T20:30:18Z,1.6728,0.2164,1.9109,30.0,1769.0,NORMAL,0,
3,2026-10-01T20:30:18Z,1.5359,0.3894,1.9915,30.0,1785.7,NORMAL,0,
4,2026-10-01T20:30:18Z,1.0109,0.3242,1.9928,30.0,1779.9,NORMAL,0,
5,2026-10-01T20:30:18Z,1.3829,0.2832,1.949,60.0,3566.5,NORMAL,0,
6,2026-10-01T20:30:18Z,1.0605,0.2078,1.946,60.0,3590.2,NORMAL,0,
1,2026-10-01T20:31:18Z,1.5555,0.302,1.9613,30.0,1779.2,NORMAL,0,
2,2026-10-01T20:31:18Z,1.6918,0.1532,1.9821,30.0,1780.5,NORMAL,0,
3,2026-10-01T20:31:18Z,1.6145,-0.0645,1.9591,30.0,1792.7,NORMAL,0,
4,2026-10-01T20:31:18Z,1.0189,0.289,1.9172,30.0,1780.6,NORMAL,0,
5,2026-10-01T20:31:18Z,1.442,0.3083,1.8885,60.0,3567.3,NORMAL,0,
6,2026-10-01T20:31:18Z,1.0812,0.154,1.8988,58.0,3536.4,NORMAL,0,
1,2026-10-01T20:32:18Z,1.4929,0.1062,1.9919,30.0,1773.5,NORMAL,0,
2,2026-10-01T20:32:18Z,1.6563,0.0171,1.9678,30.0,1774.8,NORMAL,0,
3,2026-10-01T20:32:18Z,1.6272,0.3407,1.9362,30.0,1780.6,NORMAL,0,
4,2026-10-01T20:32:18Z,1.0155,0.3589,1.945,30.0,1765.2,NORMAL,0,
5,2026-10-01T20:32:18Z,1.4236,0.3111,1.9467,60.0,3550.4,NORMAL,0,
6,2026-10-01T20:32:18Z,1.0926,-0.2723,1.9699,60.0,3565.8,NORMAL,0,
1,2026-10-01T20:33:18Z,1.613,0.2684,1.9522,30.0,1779.4,NORMAL,0,
2,2026-10-01T20:33:18Z,1.6778,0.1777,1.9799,30.0,1784.2,NORMAL,0,
3,2026-10-01T20:33:18Z,1.5546,0.1899,1.9848,30.0,1781.5,NORMAL,0,
4,2026-10-01T20:33:18Z,1.0233,0.3472,2.0133,30.0,1768.4,NORMAL,0,
5,2026-10-01T20:33:18Z,1.3838,0.0731,1.9841,60.0,3560.2,NORMAL,0,
6,2026-10-01T20:33:18Z,1.1072,0.3372,1.9261,60.0,3559.1,NORMAL,0,
1,2026-10-01T20:34:18Z,1.4637,0.3184,1.9626,30.0,1783.2,NORMAL,0,
2,2026-10-01T20:34:18Z,1.77,-0.2468,1.8484,30.0,1782.4,NORMAL,0,
3,2026-10-01T20:34:18Z,1.5886,0.0815,2.0063,30.0,1780.1,NORMAL,0,
4,2026-10-01T20:34:18Z,1.0752,0.2883,1.9032,30.0,1768.9,NORMAL,0,
5,2026-10-01T20:34:18Z,1.4084,-0.227,1.9248,60.0,3580.9,NORMAL,0,
6,2026-10-01T20:34:18Z,1.1078,-0.1335,2.007,60.0,3589.4,NORMAL,0,
1,2026-10-01T20:35:18Z,1.6106,0.113,1.9314,30.0,1782.4,NORMAL,0,
2,2026-10-01T20:35:18Z,1.6618,-0.189,1.9295,30.0,1775.6,NORMAL,0,
3,2026-10-01T20:35:18Z,1.5661,0.2651,1.9382,30.0,1790.6,NORMAL,0,
4,2026-10-01T20:35:18Z,0.9561,-0.313,1.9658,30.0,1778.3,NORMAL,0,
5,2026-10-01T20:35:18Z,1.4013,0.1355,1.8978,60.0,3570.8,NORMAL,0,
6,2026-10-01T20:35:18Z,1.0987,-0.1741,1.9294,58.0,3529.9,NORMAL,0,
1,2026-10-01T20:36:18Z,1.5057,0.1133,1.9201,30.0,1777.7,NORMAL,0,
2,2026-10-01T20:36:18Z,1.7391,0.2876,1.9012,30.0,1778.1,NORMAL,0,
3,2026-10-01T20:36:18Z,1.5559,0.1944,1.9605,30.0,1772.4,NORMAL,0,
4,2026-10-01T20:36:18Z,1.0288,0.0888,1.9039,30.0,1791.5,NORMAL,0,
5,2026-10-01T20:36:18Z,1.3448,0.208,1.9022,60.0,3577.3,NORMAL,0,
6,2026-10-01T20:36:18Z,1.1025,-0.0396,1.9559,60.0,3553.3,NORMAL,0,
1,2026-10-01T20:37:18Z,1.6022,0.2913,1.9366,30.0,1783.2,NORMAL,0,
2,2026-10-01T20:37:18Z,1.7255,-0.2114,1.873,30.0,1784.4,NORMAL,0,
3,2026-10-01T20:37:18Z,1.604,-0.282,1.8865,30.0,1792.9,NORMAL,0,
4,2026-10-01T20:37:18Z,1.0353,0.2357,1.8537,30.0,1778.5,NORMAL,0,
5,2026-10-01T20:37:18Z,1.4004,0.3172,1.9281,60.0,3570.5,NORMAL,0,
6,2026-10-01T20:37:18Z,1.0943,-0.2631,1.9735,60.0,3550.5,NORMAL,0,
1,2026-10-01T20:38:18Z,1.4985,0.3396,2.014,30.0,1772.9,NORMAL,0,
2,2026-10-01T20:38:18Z,1.6528,0.2877,1.9501,30.0,1775.2,NORMAL,0,
3,2026-10-01T20:38:18Z,1.6106,-0.1979,1.8789,30.0,1762.4,NORMAL,0,
4,2026-10-01T20:38:18Z,1.0365,0.0076,1.8961,30.0,1772.3,NORMAL,0,
5,2026-10-01T20:38:18Z,1.4016,0.2317,1.9627,60.0,3581.1,NORMAL,0,
6,2026-10-01T20:38:18Z,1.1022,0.031,2.0073,60.0,3542.1,NORMAL,0,
1,2026-10-01T20:39:18Z,1.6198,0.178,1.9499,30.0,1787.0,NORMAL,0,
2,2026-10-01T20:39:18Z,1.7095,-0.1273,1.8941,30.0,1782.2,NORMAL,0,
3,2026-10-01T20:39:18Z,1.5575,0.2945,1.8917,30.0,1783.2,NORMAL,0,
4,2026-10-01T20:39:18Z,1.0544,0.2296,1.9082,30.0,1772.1,NORMAL,0,
5,2026-10-01T20:39:18Z,1.3442,0.2677,1.9681,60.0,3553.6,NORMAL,0,
6,2026-10-01T20:39:18Z,1.0574,-0.0265,1.9547,60.0,3548.3,NORMAL,0,
1,2026-10-01T20:40:18Z,1.5015,0.0905,1.9191,30.0,1772.3,NORMAL,0,
2,2026-10-01T20:40:18Z,1.7635,0.159,1.868,30.0,1782.0,NORMAL,0,
3,2026-10-01T20:40:18Z,1.6295,0.2996,1.9466,30.0,1784.1,NORMAL,0,
4,2026-10-01T20:40:18Z,1.0001,0.0806,1.8948,30.0,1770.0,NORMAL,0,
5,2026-10-01T20:40:18Z,1.4152,0.1711,1.9593,60.0,3566.5,NORMAL,0,
6,2026-10-01T20:40:18Z,1.083,0.1737,1.9153,60.0,3550.1,NORMAL,0,
1,2026-10-01T20:41:18Z,1.7259,0.1759,1.8738,30.0,1784.2,NORMAL,0,
2,2026-10-01T20:41:18Z,1.6892,-0.2673,1.976,30.0,1788.5,NORMAL,0,
3,2026-10-01T20:41:18Z,1.6677,0.2263,1.8886,30.0,1776.4,NORMAL,0,
4,2026-10-01T20:41:18Z,1.0338,-0.302,1.9148,30.0,1773.1,NORMAL,0,
5,2026-10-01T20:41:18Z,1.3695,0.2236,1.9065,60.0,3555.9,NORMAL,0,
6,2026-10-01T20:41:18Z,1.1128,0.2618,1.9195,60.0,3566.4,NORMAL,0,
1,2026-10-01T20:42:18Z,1.5472,-0.0527,1.9206,30.0,1768.8,NORMAL,0,
2,2026-10-01T20:42:18Z,1.6613,0.2423,1.9016,30.0,1791.0,NORMAL,0,
3,2026-10-01T20:42:18Z,1.5675,0.0601,1.8721,30.0,1771.6,NORMAL,0,
4,2026-10-01T20:42:18Z,1.0361,-0.2402,1.8837,30.0,1776.1,NORMAL,0,
5,2026-10-01T20:42:18Z,1.3417,0.2702,1.8838,60.0,3569.2,NORMAL,0,
6,2026-10-01T20:42:18Z,1.0704,0.3164,1.9677,60.0,3547.9,NORMAL,0,
1,2026-10-01T20:43:18Z,1.5164,0.2292,1.944,30.0,1777.3,NORMAL,0,
2,2026-10-01T20:43:18Z,1.6446,-0.1961,1.9311,30.0,1772.6,NORMAL,0,
3,2026-10-01T20:43:18Z,1.6471,-0.2375,1.8568,30.0,1773.5,NORMAL,0,
4,2026-10-01T20:43:18Z,1.0403,0.0627,1.9029,30.0,1766.2,NORMAL,0,
5,2026-10-01T20:43:18Z,1.3987,0.0853,1.9322,60.0,3560.1,NORMAL,0,
6,2026-10-01T20:43:18Z,1.1149,0.3199,1.9259,60.0,3546.8,NORMAL,0,
1,2026-10-01T20:44:18Z,1.5738,0.1456,1.9434,30.0,1780.5,NORMAL,0,
2,2026-10-01T20:44:18Z,1.6963,0.2049,1.8887,30.0,1792.5,NORMAL,0,
3,2026-10-01T20:44:18Z,1.5567,0.1001,1.9882,30.0,1784.1,NORMAL,0,
4,2026-10-01T20:44:18Z,1.0029,-0.0068,1.9629,30.0,1769.7,NORMAL,0,
5,2026-10-01T20:44:18Z,1.3965,-0.0372,1.9668,60.0,3545.9,NORMAL,0,
6,2026-10-01T20:44:18Z,1.0525,-0.3277,1.9226,60.0,3570.7,NORMAL,0,
1,2026-10-01T20:45:18Z,1.5673,0.3202,1.9641,30.0,1773.5,NORMAL,0,
2,2026-10-01T20:45:18Z,1.6737,-0.31,1.9606,30.0,1781.5,NORMAL,0,
3,2026-10-01T20:45:18Z,1.5669,0.0743,1.9296,30.0,1778.6,NORMAL,0,
4,2026-10-01T20:45:18Z,1.0296,0.3218,1.9209,30.0,1767.8,NORMAL,0,
5,2026-10-01T20:45:18Z,1.3909,-0.2271,1.9121,60.0,3561.5,NORMAL,0,
6,2026-10-01T20:45:18Z,1.0486,0.1012,1.9672,60.0,3576.9,NORMAL,0,
1,2026-10-01T20:46:18Z,1.5963,0.0691,1.9453,30.0,1774.2,NORMAL,0,
2,2026-10-01T20:46:18Z,1.7524,0.2693,1.864,30.0,1770.4,NORMAL,0,
3,2026-10-01T20:46:18Z,1.5756,-0.2926,2.0069,30.0,1778.9,NORMAL,0,
4,2026-10-01T20:46:18Z,1.0512,0.2493,1.9091,30.0,1770.7,NORMAL,0,
5,2026-10-01T20:46:18Z,1.3898,-0.2684,1.9426,60.0,3547.9,NORMAL,0,
6,2026-10-01T20:46:18Z,1.0957,0.3549,1.9588,60.0,3562.1,NORMAL,0,
1,2026-10-01T20:47:18Z,1.5647,-0.2119,1.9431,30.0,1776.3,NORMAL,0,
2,2026-10-01T20:47:18Z,1.5903,-0.2566,1.9906,30.0,1777.1,NORMAL,0,
3,2026-10-01T20:47:18Z,1.675,0.0049,1.9756,30.0,1778.7,NORMAL,0,
4,2026-10-01T20:47:18Z,1.0252,-0.3124,1.9354,30.0,1778.0,NORMAL,0,
5,2026-10-01T20:47:18Z,1.3832,0.0382,1.9603,60.0,3564.5,NORMAL,0,
6,2026-10-01T20:47:18Z,1.0485,-0.3036,1.9462,58.0,3536.8,NORMAL,0,
1,2026-10-01T20:48:18Z,1.586,0.2134,1.9206,30.0,1780.8,NORMAL,0,
2,2026-10-01T20:48:18Z,1.6821,-0.1684,1.9414,30.0,1769.3,NORMAL,0,
3,2026-10-01T20:48:18Z,1.6221,-0.1397,1.9884,30.0,1788.0,NORMAL,0,
4,2026-10-01T20:48:18Z,1.0325,0.1544,1.9189,30.0,1787.6,NORMAL,0,
5,2026-10-01T20:48:18Z,1.4135,0.1712,1.9204,58.0,3532.1,NORMAL,0,
6,2026-10-01T20:48:18Z,1.0985,0.213,1.9247,60.0,3566.6,NORMAL,0,
1,2026-10-01T20:49:18Z,1.5384,0.1553,1.9941,30.0,1788.5,NORMAL,0,
2,2026-10-01T20:49:18Z,1.7126,-0.209,1.9772,30.0,1772.8,NORMAL,0,
3,2026-10-01T20:49:18Z,1.7013,-0.1614,1.9289,30.0,1793.3,NORMAL,0,
4,2026-10-01T20:49:18Z,0.9799,0.2443,1.9941,30.0,1775.2,NORMAL,0,
5,2026-10-01T20:49:18Z,1.398,0.3013,1.895,60.0,3557.2,NORMAL,0,
6,2026-10-01T20:49:18Z,1.1423,-0.1187,1.8932,60.0,3548.5,NORMAL,0,
1,2026-10-01T20:50:18Z,1.5642,0.2568,1.9451,30.0,1781.8,NORMAL,0,
2,2026-10-01T20:50:18Z,1.7075,0.2252,1.9247,30.0,1793.9,NORMAL,0,
3,2026-10-01T20:50:18Z,1.53,0.2512,2.0245,30.0,1778.6,NORMAL,0,
4,2026-10-01T20:50:18Z,1.0578,0.2943,1.889,30.0,1778.8,NORMAL,0,
5,2026-10-01T20:50:18Z,1.3774,0.1804,2.0695,58.0,3531.9,NORMAL,0,
6,2026-10-01T20:50:18Z,1.0529,0.2479,1.9456,60.0,3544.7,NORMAL,0,
1,2026-10-01T20:51:18Z,1.8303,0.284,3.3647,30.0,1772.2,NORMAL,1,FALHA_ROLAMENTO
2,2026-10-01T20:51:18Z,1.7793,0.1729,1.9284,30.0,1773.8,NORMAL,0,
3,2026-10-01T20:51:18Z,1.608,-0.0413,1.9667,30.0,1777.7,NORMAL,0,
4,2026-10-01T20:51:18Z,1.0194,-0.145,1.9195,30.0,1783.1,NORMAL,0,
5,2026-10-01T20:51:18Z,1.3596,-0.0527,1.9184,58.0,3521.4,NORMAL,0,
6,2026-10-01T20:51:18Z,1.1393,-0.3261,1.9078,60.0,3592.6,NORMAL,0,
1,2026-10-01T20:52:18Z,1.9968,0.5627,3.6632,30.0,1775.2,NORMAL,1,FALHA_ROLAMENTO
2,2026-10-01T20:52:18Z,1.7403,0.0644,1.9123,30.0,1789.6,NORMAL,0,
3,2026-10-01T20:52:18Z,1.6525,0.2909,1.8999,30.0,1769.6,NORMAL,0,
4,2026-10-01T20:52:18Z,1.0227,0.2158,1.949,30.0,1793.5,NORMAL,0,
5,2026-10-01T20:52:18Z,1.4313,0.3265,1.9127,60.0,3552.6,NORMAL,0,
6,2026-10-01T20:52:18Z,1.0866,-0.3093,1.9395,60.0,3570.8,NORMAL,0,
1,2026-10-01T20:53:18Z,2.0799,0.609,3.8998,30.0,1776.0,NORMAL,1,FALHA_ROLAMENTO
2,2026-10-01T20:53:18Z,1.6868,0.225,1.9096,30.0,1788.7,NORMAL,0,
3,2026-10-01T20:53:18Z,1.5977,-0.0234,1.9938,30.0,1771.3,NORMAL,0,
4,2026-10-01T20:53:18Z,1.0439,0.4005,2.0304,30.0,1772.4,NORMAL,0,
5,2026-10-01T20:53:18Z,1.4148,0.263,1.8463,58.0,3536.6,NORMAL,0,
6,2026-10-01T20:53:18Z,1.1197,-0.0843,1.8568,60.0,3540.6,NORMAL,0,
1,2026-10-01T20:54:18Z,2.2161,0.6497,4.216,30.0,1788.5,ATENCAO,1,FALHA_ROLAMENTO
2,2026-10-01T20:54:18Z,1.6961,-0.2819,1.9322,30.0,1786.3,NORMAL,0,
3,2026-10-01T20:54:18Z,1.6018,0.2244,1.8596,30.0,1775.0,NORMAL,0,
4,2026-10-01T20:54:18Z,1.0144,0.1838,1.9014,30.0,1778.6,NORMAL,0,
5,2026-10-01T20:54:18Z,1.3884,-0.2974,1.9077,60.0,3540.8,NORMAL,0,
6,2026-10-01T20:54:18Z,1.1209,0.0804,1.9411,60.0,3578.4,NORMAL,0,
1,2026-10-01T20:55:18Z,2.3253,0.5649,4.5328,30.0,1777.8,ATENCAO,1,FALHA_ROLAMENTO
2,2026-10-01T20:55:18Z,1.7839,0.1434,1.904,30.0,1773.9,NORMAL,0,
3,2026-10-01T20:55:18Z,1.5779,-0.2276,1.8807,30.0,1787.4,NORMAL,0,
4,2026-10-01T20:55:18Z,1.0835,0.3642,1.897,30.0,1780.0,NORMAL,0,
5,2026-10-01T20:55:18Z,1.4364,-0.0471,1.9338,60.0,3554.2,NORMAL,0,
6,2026-10-01T20:55:18Z,1.0813,-0.1171,1.9235,60.0,3552.1,NORMAL,0,
1,2026-10-01T20:56:18Z,2.398,0.6296,4.8511,30.0,1782.7,ATENCAO,1,FALHA_ROLAMENTO
2,2026-10-01T20:56:18Z,1.6844,-0.1893,1.9301,30.0,1784.7,NORMAL,0,
3,2026-10-01T20:56:18Z,1.5858,0.244,1.9021,30.0,1774.4,NORMAL,0,
4,2026-10-01T20:56:18Z,1.0312,0.2811,1.9222,30.0,1778.4,NORMAL,0,
5,2026-10-01T20:56:18Z,1.4028,-0.0283,1.9383,60.0,3553.6,NORMAL,0,
6,2026-10-01T20:56:18Z,1.1377,0.3409,1.8896,60.0,3566.1,NORMAL,0,
1,2026-10-01T20:57:18Z,2.4445,0.8356,5.3661,30.0,1780.0,ATENCAO,1,FALHA_ROLAMENTO
2,2026-10-01T20:57:18Z,1.5703,0.3138,1.9965,30.0,1784.3,NORMAL,0,
3,2026-10-01T20:57:18Z,1.5722,-0.208,1.9171,30.0,1788.1,NORMAL,0,
4,2026-10-01T20:57:18Z,1.0285,0.2435,1.9213,30.0,1778.8,NORMAL,0,
5,2026-10-01T20:57:18Z,1.452,-0.2221,1.9004,60.0,3545.6,NORMAL,0,
6,2026-10-01T20:57:18Z,1.0898,0.1402,1.9287,60.0,3553.5,NORMAL,0,
1,2026-10-01T20:58:18Z,2.5982,0.9032,5.6491,30.0,1776.9,ATENCAO,1,FALHA_ROLAMENTO
2,2026-10-01T20:58:18Z,1.7386,0.2816,1.961,30.0,1769.4,NORMAL,0,
3,2026-10-01T20:58:18Z,1.563,-0.2807,1.9742,30.0,1780.4,NORMAL,0,
4,2026-10-01T20:58:18Z,0.9902,-0.2903,1.9609,30.0,1799.9,NORMAL,0,
5,2026-10-01T20:58:18Z,1.357,-0.2822,1.9254,60.0,3557.7,NORMAL,0,
6,2026-10-01T20:58:18Z,1.5061,7.5346,117.4167,60.0,3564.1,CRITICO,1,PICO_ISOLADO
1,2026-10-01T20:59:18Z,2.6529,0.9891,6.2388,30.0,1779.5,ATENCAO,1,FALHA_ROLAMENTO
2,2026-10-01T20:59:18Z,1.7059,0.2684,1.8738,30.0,1779.8,NORMAL,0,
3,2026-10-01T20:59:18Z,1.6383,0.212,1.9037,30.0,1777.6,NORMAL,0,
4,2026-10-01T20:59:18Z,1.0626,0.1912,1.9507,30.0,1790.0,NORMAL,0,
5,2026-10-01T20:59:18Z,1.3605,-0.294,1.9583,60.0,3565.7,NORMAL,0,
6,2026-10-01T20:59:18Z,1.3312,6.4647,119.1407,60.0,3566.2,CRITICO,1,PICO_ISOLADO
1,2026-10-01T21:00:18Z,2.7882,1.0987,6.4538,30.0,1769.8,ATENCAO,1,FALHA_ROLAMENTO
2,2026-10-01T21:00:18Z,1.6971,0.2931,1.95,30.0,1782.7,NORMAL,0,
3,2026-10-01T21:00:18Z,1.5762,-0.315,1.8845,30.0,1782.8,NORMAL,0,
4,2026-10-01T21:00:18Z,1.0771,0.1459,1.9234,30.0,1781.9,NORMAL,0,
5,2026-10-01T21:00:18Z,1.3652,0.2044,1.8985,60.0,3563.6,NORMAL,0,
6,2026-10-01T21:00:18Z,1.1413,-0.2927,1.8762,58.0,3530.2,NORMAL,0,
1,2026-10-01T21:01:18Z,2.8918,1.1575,6.6327,30.0,1779.7,ATENCAO,1,FALHA_ROLAMENTO
2,2026-10-01T21:01:18Z,1.6481,0.2788,1.9635,30.0,1788.9,NORMAL,0,
3,2026-10-01T21:01:18Z,1.6088,-0.2011,1.9618,30.0,1778.3,NORMAL,0,
4,2026-10-01T21:01:18Z,1.0581,0.0945,1.9348,30.0,1778.7,NORMAL,0,
5,2026-10-01T21:01:18Z,1.3821,0.0266,1.9527,60.0,3584.5,NORMAL,0,
6,2026-10-01T21:01:18Z,1.0449,0.2678,1.9692,60.0,3551.1,NORMAL,0,
1,2026-10-01T21:02:18Z,3.0446,1.1551,6.8302,30.0,1772.7,ATENCAO,1,FALHA_ROLAMENTO
2,2026-10-01T21:02:18Z,1.6553,0.3292,1.9627,30.0,1768.4,NORMAL,0,
3,2026-10-01T21:02:18Z,1.5397,0.1711,1.9376,30.0,1787.3,NORMAL,0,
4,2026-10-01T21:02:18Z,1.0968,0.3562,1.907,30.0,1779.0,NORMAL,0,
5,2026-10-01T21:02:18Z,1.3313,0.2664,1.95,60.0,3544.6,NORMAL,0,
6,2026-10-01T21:02:18Z,1.0669,0.1987,1.9122,60.0,3544.2,NORMAL,0,
1,2026-10-01T21:03:18Z,3.1279,1.1775,7.1739,30.0,1784.7,ATENCAO,1,FALHA_ROLAMENTO
2,2026-10-01T21:03:18Z,1.69,0.2695,1.9527,30.0,1793.5,NORMAL,0,
3,2026-10-01T21:03:18Z,1.6401,0.3187,1.9284,30.0,1772.3,NORMAL,0,
4,2026-10-01T21:03:18Z,1.0211,0.3204,1.8965,30.0,1769.5,NORMAL,0,
5,2026-10-01T21:03:18Z,1.3783,-0.0017,2.0058,60.0,3589.0,NORMAL,0,
6,2026-10-01T21:03:18Z,1.1012,0.3123,1.979,60.0,3576.4,NORMAL,0,
1,2026-10-01T21:04:18Z,1.6373,0.3586,1.9185,30.0,1775.9,NORMAL,0,
2,2026-10-01T21:04:18Z,1.7043,-0.1374,1.9766,30.0,1776.5,NORMAL,0,
3,2026-10-01T21:04:18Z,1.667,-0.0237,1.8988,30.0,1788.6,NORMAL,0,
4,2026-10-01T21:04:18Z,0.9611,-0.0166,1.9296,30.0,1780.8,NORMAL,0,
5,2026-10-01T21:04:18Z,1.3745,0.23,1.8889,60.0,3571.3,NORMAL,0,
6,2026-10-01T21:04:18Z,1.0209,0.3178,1.9945,60.0,3588.5,NORMAL,0,
1,2026-10-01T21:05:18Z,1.5524,-0.3143,1.9102,30.0,1784.5,NORMAL,0,
2,2026-10-01T21:05:18Z,1.7135,-0.0879,1.9178,30.0,1781.7,NORMAL,0,
3,2026-10-01T21:05:18Z,1.6056,0.108,1.9664,30.0,1791.7,NORMAL,0,
4,2026-10-01T21:05:18Z,1.0334,0.0648,1.9273,30.0,1777.9,NORMAL,0,
5,2026-10-01T21:05:18Z,1.3925,0.3165,1.9363,60.0,3557.2,NORMAL,0,
6,2026-10-01T21:05:18Z,1.1117,-0.3137,1.9401,60.0,3563.0,NORMAL,0,
1,2026-10-01T21:06:18Z,1.5541,0.0947,1.8927,30.0,1790.6,NORMAL,0,
2,2026-10-01T21:06:18Z,1.6911,0.1341,1.9217,30.0,1778.6,NORMAL,0,
3,2026-10-01T21:06:18Z,1.5822,0.2896,1.9167,30.0,1778.6,NORMAL,0,
4,2026-10-01T21:06:18Z,0.9813,0.241,2.0299,30.0,1788.6,NORMAL,0,
5,2026-10-01T21:06:18Z,1.3971,-0.0033,2.0007,60.0,3572.3,NORMAL,0,
6,2026-10-01T21:06:18Z,1.0646,0.0818,1.9017,60.0,3572.0,NORMAL,0,
1,2026-10-01T21:07:18Z,1.5396,-0.0125,1.9132,30.0,1777.3,NORMAL,0,
2,2026-10-01T21:07:18Z,1.6894,0.3066,1.9232,30.0,1779.3,NORMAL,0,
3,2026-10-01T21:07:18Z,1.641,-0.3099,1.8819,30.0,1767.3,NORMAL,0,
4,2026-10-01T21:07:18Z,1.0699,-0.1881,1.9371,30.0,1786.1,NORMAL,0,
5,2026-10-01T21:07:18Z,1.4539,-0.0921,1.8587,60.0,3546.4,NORMAL,0,
6,2026-10-01T21:07:18Z,1.1828,0.2994,1.8613,60.0,3576.3,NORMAL,0,
1,2026-10-01T21:08:18Z,1.5084,0.1723,1.9201,30.0,1777.7,NORMAL,0,
2,2026-10-01T21:08:18Z,1.6473,-0.0189,1.9178,30.0,1787.8,NORMAL,0,
3,2026-10-01T21:08:18Z,1.5904,-0.2978,1.9434,30.0,1800.6,NORMAL,0,
4,2026-10-01T21:08:18Z,1.0641,-0.2512,1.8643,30.0,1781.5,NORMAL,0,
5,2026-10-01T21:08:18Z,1.3972,0.1409,1.9586,60.0,3579.2,NORMAL,0,
6,2026-10-01T21:08:18Z,1.5961,0.3339,3.1197,60.0,3561.9,NORMAL,1,FALHA_ROLAMENTO
1,2026-10-01T21:09:18Z,1.6612,-0.126,1.9034,30.0,1773.0,NORMAL,0,
2,2026-10-01T21:09:18Z,1.6208,0.1156,1.9771,30.0,1778.7,NORMAL,0,
3,2026-10-01T21:09:18Z,1.5268,0.0864,1.9807,30.0,1779.8,NORMAL,0,
4,2026-10-01T21:09:18Z,1.0391,0.3357,1.934,30.0,1782.0,NORMAL,0,
5,2026-10-01T21:09:18Z,1.4146,0.2421,1.915,60.0,3561.1,NORMAL,0,
6,2026-10-01T21:09:18Z,1.7405,0.5991,3.572,910.0,3535.1,NORMAL,1,FALHA_ROLAMENTO
1,2026-10-01T21:10:18Z,1.5277,0.3323,1.9767,30.0,1772.7,NORMAL,0,
2,2026-10-01T21:10:18Z,1.6069,-0.1957,1.9618,30.0,1780.3,NORMAL,0,
3,2026-10-01T21:10:18Z,1.5846,-0.2537,1.8871,30.0,1788.9,NORMAL,0,
4,2026-10-01T21:10:18Z,1.0054,0.0118,1.938,30.0,1775.5,NORMAL,0,
5,2026-10-01T21:10:18Z,1.3953,0.3224,1.9621,60.0,3555.9,NORMAL,0,
6,2026-10-01T21:10:18Z,2.0073,0.5026,3.5966,60.0,3598.2,NORMAL,1,FALHA_ROLAMENTO
1,2026-10-01T21:11:18Z,1.5799,0.07,1.9406,30.0,1774.5,NORMAL,0,
2,2026-10-01T21:11:18Z,1.7346,-0.015,1.8807,30.0,1776.2,NORMAL,0,
3,2026-10-01T21:11:18Z,1.6045,-0.2675,1.9852,30.0,1782.2,NORMAL,0,
4,2026-10-01T21:11:18Z,1.0184,-0.2057,1.7935,30.0,1778.5,NORMAL,0,
5,2026-10-01T21:11:18Z,1.5035,0.3397,1.9075,58.0,3537.0,NORMAL,0,
6,2026-10-01T21:11:18Z,2.2002,0.6376,3.9043,910.0,3543.6,NORMAL,1,FALHA_ROLAMENTO
1,2026-10-01T21:12:18Z,1.6224,0.259,1.958,30.0,1777.9,NORMAL,0,
2,2026-10-01T21:12:18Z,1.6963,0.0795,1.9206,30.0,1781.4,NORMAL,0,
3,2026-10-01T21:12:18Z,1.646,0.0352,1.895,30.0,1771.2,NORMAL,0,
4,2026-10-01T21:12:18Z,1.0277,-0.2363,1.8771,30.0,1783.1,NORMAL,0,
5,2026-10-01T21:12:18Z,1.4343,-0.058,1.9232,58.0,3530.3,NORMAL,0,
6,2026-10-01T21:12:18Z,2.4557,0.7556,4.0622,910.0,3584.9,ATENCAO,1,FALHA_ROLAMENTO
1,2026-10-01T21:13:18Z,1.5619,-0.2895,1.9548,30.0,1780.5,NORMAL,0,
2,2026-10-01T21:13:18Z,1.6667,-0.2101,1.8703,30.0,1784.0,NORMAL,0,
3,2026-10-01T21:13:18Z,1.5886,-0.0991,1.8969,30.0,1775.2,NORMAL,0,
4,2026-10-01T21:13:18Z,1.0309,0.0825,1.9353,30.0,1780.3,NORMAL,0,
5,2026-10-01T21:13:18Z,1.4624,-0.3045,1.91,60.0,3560.8,NORMAL,0,
6,2026-10-01T21:13:18Z,2.717,0.7709,4.1808,910.0,3560.7,ATENCAO,1,FALHA_ROLAMENTO
1,2026-10-01T21:14:18Z,1.5755,0.0777,1.9451,30.0,1773.9,NORMAL,0,
2,2026-10-01T21:14:18Z,1.6761,0.3383,1.9105,30.0,1780.0,NORMAL,0,
3,2026-10-01T21:14:18Z,1.6795,0.2818,1.9192,30.0,1782.7,NORMAL,0,
4,2026-10-01T21:14:18Z,1.0188,0.2509,1.9552,30.0,1781.4,NORMAL,0,
5,2026-10-01T21:14:18Z,1.4239,-0.0211,1.9402,60.0,3540.4,NORMAL,0,
6,2026-10-01T21:14:18Z,2.9803,0.8777,4.3093,910.0,3568.8,ATENCAO,1,FALHA_ROLAMENTO
1,2026-10-01T21:15:18Z,1.6375,0.1139,1.8606,30.0,1782.7,NORMAL,0,
2,2026-10-01T21:15:18Z,1.6634,0.1642,1.9095,30.0,1773.5,NORMAL,0,
3,2026-10-01T21:15:18Z,1.5481,0.1396,1.9651,30.0,1779.9,NORMAL,0,
4,2026-10-01T21:15:18Z,0.9989,0.2971,1.9774,30.0,1795.8,NORMAL,0,
5,2026-10-01T21:15:18Z,1.4142,0.2816,1.8925,60.0,3557.9,NORMAL,0,
6,2026-10-01T21:15:18Z,1.0835,0.2616,1.8669,60.0,3560.4,NORMAL,0,
1,2026-10-01T21:16:18Z,1.6004,0.3192,1.9386,30.0,1777.9,NORMAL,0,
2,2026-10-01T21:16:18Z,1.6551,0.2963,1.9301,30.0,1784.3,NORMAL,0,
3,2026-10-01T21:16:18Z,1.6194,-0.3154,1.915,30.0,1764.7,NORMAL,0,
4,2026-10-01T21:16:18Z,1.0353,-0.189,1.881,30.0,1779.7,NORMAL,0,
5,2026-10-01T21:16:18Z,1.385,-0.2995,1.9523,60.0,3547.4,NORMAL,0,
6,2026-10-01T21:16:18Z,1.1005,0.1448,1.9304,60.0,3547.0,NORMAL,0,
1,2026-10-01T21:17:18Z,1.5821,0.0694,1.9503,30.0,1783.0,NORMAL,0,
2,2026-10-01T21:17:18Z,1.6327,-0.2704,1.9381,30.0,1787.8,NORMAL,0,
3,2026-10-01T21:17:18Z,1.6275,0.282,1.9187,30.0,1795.3,NORMAL,0,
4,2026-10-01T21:17:18Z,1.0123,-0.2464,1.9237,30.0,1770.9,NORMAL,0,
5,2026-10-01T21:17:18Z,1.3731,-0.2775,1.9115,60.0,3576.1,NORMAL,0,
6,2026-10-01T21:17:18Z,1.0792,0.2623,1.9622,60.0,3544.2,NORMAL,0,
1,2026-10-01T21:18:18Z,1.5641,0.254,1.9172,30.0,1767.8,NORMAL,0,
2,2026-10-01T21:18:18Z,1.7307,0.299,1.9162,30.0,1790.0,NORMAL,0,
3,2026-10-01T21:18:18Z,1.5552,0.3122,2.0553,30.0,1779.0,NORMAL,0,
4,2026-10-01T21:18:18Z,2.2249,0.0345,1.6024,30.0,1776.9,NORMAL,1,DESBALANCEAMENTO
5,2026-10-01T21:18:18Z,1.3598,0.283,1.9632,60.0,3575.7,NORMAL,0,
6,2026-10-01T21:18:18Z,1.0987,0.0194,1.9606,58.0,3538.7,NORMAL,0,
1,2026-10-01T21:19:18Z,1.6182,0.3427,1.9387,30.0,1797.0,NORMAL,0,
2,2026-10-01T21:19:18Z,2.0776,0.4232,3.2987,30.0,1778.5,NORMAL,1,FALHA_ROLAMENTO
3,2026-10-01T21:19:18Z,1.6569,-0.3396,1.9368,30.0,1788.6,NORMAL,0,
4,2026-10-01T21:19:18Z,2.6176,-0.0446,1.5505,30.0,1776.4,NORMAL,1,DESBALANCEAMENTO
5,2026-10-01T21:19:18Z,1.3924,0.0119,1.9672,60.0,3566.7,NORMAL,0,
6,2026-10-01T21:19:18Z,1.0315,0.3042,1.9046,60.0,3568.3,NORMAL,0,
1,2026-10-01T21:20:18Z,1.5612,0.2534,1.9717,30.0,1787.8,NORMAL,0,
2,2026-10-01T21:20:18Z,2.1238,0.5316,3.8532,30.0,1781.3,NORMAL,1,FALHA_ROLAMENTO
3,2026-10-01T21:20:18Z,1.6775,0.2108,1.8778,30.0,1781.5,NORMAL,0,
4,2026-10-01T21:20:18Z,3.0027,-0.0032,1.5663,30.0,1781.1,NORMAL,1,DESBALANCEAMENTO
5,2026-10-01T21:20:18Z,1.3464,0.3299,1.9924,60.0,3576.1,NORMAL,0,
6,2026-10-01T21:20:18Z,1.1097,0.0916,2.0158,60.0,3553.6,NORMAL,0,
1,2026-10-01T21:21:18Z,1.5172,0.2701,1.9062,30.0,1769.2,NORMAL,0,
2,2026-10-01T21:21:18Z,2.3283,0.5159,4.0621,30.0,1782.5,ATENCAO,1,FALHA_ROLAMENTO
3,2026-10-01T21:21:18Z,1.6164,0.4036,2.0586,30.0,1779.8,NORMAL,0,
4,2026-10-01T21:21:18Z,3.0778,0.1518,1.5573,30.0,1786.5,NORMAL,1,DESBALANCEAMENTO
5,2026-10-01T21:21:18Z,1.3507,-0.2919,1.8924,60.0,3574.3,NORMAL,0,
6,2026-10-01T21:21:18Z,1.1153,-0.0256,1.9463,60.0,3572.0,NORMAL,0,
1,2026-10-01T21:22:18Z,1.5621,0.3296,1.9077,30.0,1786.8,NORMAL,0,
2,2026-10-01T21:22:18Z,2.394,0.7773,4.642,30.0,1775.9,ATENCAO,1,FALHA_ROLAMENTO
3,2026-10-01T21:22:18Z,1.5714,0.0619,1.9109,30.0,1793.1,NORMAL,0,
4,2026-10-01T21:22:18Z,3.184,0.0868,1.5388,30.0,1768.9,NORMAL,1,DESBALANCEAMENTO
5,2026-10-01T21:22:18Z,1.3556,0.1276,1.9526,60.0,3596.3,NORMAL,0,
6,2026-10-01T21:22:18Z,1.083,0.3395,1.8464,60.0,3553.0,NORMAL,0,
1,2026-10-01T21:23:18Z,1.5771,0.1501,1.9429,30.0,1782.7,NORMAL,0,
2,2026-10-01T21:23:18Z,2.552,0.7661,5.1213,30.0,1780.2,ATENCAO,1,FALHA_ROLAMENTO
3,2026-10-01T21:23:18Z,1.5647,0.0674,1.9528,30.0,1766.0,NORMAL,0,
4,2026-10-01T21:23:18Z,3.296,0.0465,1.522,30.0,1777.9,NORMAL,1,DESBALANCEAMENTO
5,2026-10-01T21:23:18Z,1.307,-0.2082,1.9618,60.0,3569.8,NORMAL,0,
6,2026-10-01T21:23:18Z,1.1038,0.3153,1.9256,60.0,3575.7,NORMAL,0,
1,2026-10-01T21:24:18Z,1.5672,0.1231,1.9073,30.0,1781.1,NORMAL,0,
2,2026-10-01T21:24:18Z,2.6043,0.9557,5.4698,30.0,1775.2,ATENCAO,1,FALHA_ROLAMENTO
3,2026-10-01T21:24:18Z,1.65,-0.3052,1.9589,30.0,1781.5,NORMAL,0,
4,2026-10-01T21:24:18Z,3.7338,0.0794,1.5237,30.0,1779.8,NORMAL,1,DESBALANCEAMENTO
5,2026-10-01T21:24:18Z,1.4027,0.3494,1.9309,60.0,3571.3,NORMAL,0,
6,2026-10-01T21:24:18Z,1.0653,0.2123,1.9334,60.0,3565.6,NORMAL,0,
1,2026-10-01T21:25:18Z,1.617,0.3436,1.968,30.0,1779.3,NORMAL,0,
2,2026-10-01T21:25:18Z,2.8125,0.9417,5.6651,30.0,1777.3,ATENCAO,1,FALHA_ROLAMENTO
3,2026-10-01T21:25:18Z,1.6983,0.1755,1.8863,30.0,1770.0,NORMAL,0,
4,2026-10-01T21:25:18Z,3.9203,-0.0665,1.5293,30.0,1770.1,NORMAL,1,DESBALANCEAMENTO
5,2026-10-01T21:25:18Z,1.4807,-0.2254,1.8854,60.0,3546.5,NORMAL,0,
6,2026-10-01T21:25:18Z,1.1405,0.3682,1.9215,60.0,3561.1,NORMAL,0,
1,2026-10-01T21:26:18Z,1.6252,-0.258,1.8857,30.0,1773.9,NORMAL,0,
2,2026-10-01T21:26:18Z,2.9167,1.1102,6.656,30.0,1783.8,ATENCAO,1,FALHA_ROLAMENTO
3,2026-10-01T21:26:18Z,1.5626,0.0328,1.9072,30.0,1779.0,NORMAL,0,
4,2026-10-01T21:26:18Z,4.3298,0.0265,1.5325,30.0,1785.0,NORMAL,1,DESBALANCEAMENTO
5,2026-10-01T21:26:18Z,1.4348,0.2223,1.9379,58.0,3516.5,NORMAL,0,
6,2026-10-01T21:26:18Z,1.101,-0.1446,1.9117,60.0,3561.1,NORMAL,0,
1,2026-10-01T21:27:18Z,1.5424,-0.2891,1.8473,30.0,1766.6,NORMAL,0,
2,2026-10-01T21:27:18Z,3.1266,1.1211,6.5247,30.0,1782.8,ATENCAO,1,FALHA_ROLAMENTO
3,2026-10-01T21:27:18Z,1.5755,0.2969,1.9279,30.0,1780.6,NORMAL,0,
4,2026-10-01T21:27:18Z,1.0083,0.1346,1.8838,30.0,1778.8,NORMAL,0,
5,2026-10-01T21:27:18Z,1.4321,0.0645,1.9573,60.0,3568.2,NORMAL,0,
6,2026-10-01T21:27:18Z,1.0442,0.2871,1.9921,60.0,3552.0,NORMAL,0,
1,2026-10-01T21:28:18Z,1.592,0.3162,1.9759,30.0,1776.7,NORMAL,0,
2,2026-10-01T21:28:18Z,3.2694,1.101,6.8613,30.0,1786.7,ATENCAO,1,FALHA_ROLAMENTO
3,2026-10-01T21:28:18Z,1.6162,0.3359,1.9213,30.0,1775.8,NORMAL,0,
4,2026-10-01T21:28:18Z,0.9824,0.0336,2.0217,30.0,1783.1,NORMAL,0,
5,2026-10-01T21:28:18Z,1.4701,0.2924,1.8324,60.0,3541.3,NORMAL,0,
6,2026-10-01T21:28:18Z,1.0563,-0.2592,1.9699,60.0,3567.5,NORMAL,0,
1,2026-10-01T21:29:18Z,1.5491,0.2993,1.8862,30.0,1775.8,NORMAL,0,
2,2026-10-01T21:29:18Z,3.393,1.2426,7.2084,30.0,1795.4,ATENCAO,1,FALHA_ROLAMENTO
3,2026-10-01T21:29:18Z,1.5522,0.0861,1.9438,30.0,1767.2,NORMAL,0,
4,2026-10-01T21:29:18Z,1.08,0.1843,1.9296,30.0,1783.3,NORMAL,0,
5,2026-10-01T21:29:18Z,1.4179,-0.3111,1.9124,58.0,3538.7,NORMAL,0,
6,2026-10-01T21:29:18Z,1.079,0.2923,1.9152,60.0,3577.0,NORMAL,0,
1,2026-10-01T21:30:18Z,1.568,0.2515,1.8721,30.0,1763.6,NORMAL,0,
2,2026-10-01T21:30:18Z,1.7054,-0.3322,1.9439,30.0,1773.1,NORMAL,0,
3,2026-10-01T21:30:18Z,1.6216,0.1647,1.874,30.0,1790.3,NORMAL,0,
4,2026-10-01T21:30:18Z,1.0265,-0.3051,1.8978,30.0,1776.3,NORMAL,0,
5,2026-10-01T21:30:18Z,1.3749,0.001,1.8954,60.0,3593.7,NORMAL,0,
6,2026-10-01T21:30:18Z,1.104,0.2246,1.8874,58.0,3526.2,NORMAL,0,
1,2026-10-01T21:31:18Z,1.6337,0.0764,1.8364,30.0,1789.3,NORMAL,0,
2,2026-10-01T21:31:18Z,1.6651,-0.2426,1.934,30.0,1783.2,NORMAL,0,
3,2026-10-01T21:31:18Z,1.6222,-0.163,1.9496,30.0,1796.6,NORMAL,0,
4,2026-10-01T21:31:18Z,1.0078,-0.3337,2.0394,30.0,1780.7,NORMAL,0,
5,2026-10-01T21:31:18Z,1.5066,-0.2976,1.872,60.0,3565.6,NORMAL,0,
6,2026-10-01T21:31:18Z,1.1206,0.0481,1.9158,60.0,3564.6,NORMAL,0,
1,2026-10-01T21:32:18Z,1.517,-0.3142,1.9625,30.0,1776.8,NORMAL,0,
2,2026-10-01T21:32:18Z,1.6393,0.3283,1.9651,30.0,1782.0,NORMAL,0,
3,2026-10-01T21:32:18Z,2.1462,7.2754,114.1022,30.0,1787.8,CRITICO,1,PICO_ISOLADO
4,2026-10-01T21:32:18Z,1.0166,-0.2497,1.9223,30.0,1786.1,NORMAL,0,
5,2026-10-01T21:32:18Z,1.3893,-0.2848,1.9425,60.0,3582.2,NORMAL,0,
6,2026-10-01T21:32:18Z,1.0818,0.2655,1.92,60.0,3552.7,NORMAL,0,
1,2026-10-01T21:33:18Z,1.593,0.2061,1.9217,30.0,1781.3,NORMAL,0,
2,2026-10-01T21:33:18Z,1.7804,0.0981,1.921,30.0,1773.0,NORMAL,0,
3,2026-10-01T21:33:18Z,2.117,6.7678,103.1425,30.0,1779.5,CRITICO,1,PICO_ISOLADO
4,2026-10-01T21:33:18Z,1.0144,-0.2926,1.9738,30.0,1785.9,NORMAL,0,
5,2026-10-01T21:33:18Z,1.3945,0.0475,1.9176,60.0,3574.8,NORMAL,0,
6,2026-10-01T21:33:18Z,1.1154,0.147,1.8987,60.0,3554.8,NORMAL,0,
1,2026-10-01T21:34:18Z,1.5097,-0.1012,1.9834,30.0,1764.7,NORMAL,0,
2,2026-10-01T21:34:18Z,1.7674,-0.236,1.944,30.0,1776.7,NORMAL,0,
3,2026-10-01T21:34:18Z,1.6618,-0.1156,1.8403,30.0,1781.4,NORMAL,0,
4,2026-10-01T21:34:18Z,1.0373,-0.0228,1.9057,30.0,1772.8,NORMAL,0,
5,2026-10-01T21:34:18Z,1.4656,-0.0161,1.9213,60.0,3563.8,NORMAL,0,
6,2026-10-01T21:34:18Z,1.0329,-0.2998,1.9583,60.0,3570.0,NORMAL,0,
1,2026-10-01T21:35:18Z,1.6012,-0.3116,1.8588,30.0,1783.3,NORMAL,0,
2,2026-10-01T21:35:18Z,1.6983,-0.1957,1.8938,30.0,1774.1,NORMAL,0,
3,2026-10-01T21:35:18Z,1.6618,-0.3355,1.9242,30.0,1781.5,NORMAL,0,
4,2026-10-01T21:35:18Z,1.0138,-0.2636,2.014,30.0,1769.2,NORMAL,0,
5,2026-10-01T21:35:18Z,1.4657,-0.314,1.9047,60.0,3557.8,NORMAL,0,
6,2026-10-01T21:35:18Z,1.0834,-0.2923,1.8628,60.0,3545.3,NORMAL,0,
1,2026-10-01T21:36:18Z,1.6157,0.3481,1.9545,30.0,1783.7,NORMAL,0,
2,2026-10-01T21:36:18Z,1.6748,-0.2522,1.901,30.0,1776.0,NORMAL,0,
3,2026-10-01T21:36:18Z,1.597,0.2217,1.8972,30.0,1768.3,NORMAL,0,
4,2026-10-01T21:36:18Z,1.0455,0.1988,1.8547,30.0,1772.0,NORMAL,0,
5,2026-10-01T21:36:18Z,1.422,0.2929,1.9356,60.0,3562.2,NORMAL,0,
6,2026-10-01T21:36:18Z,1.1251,0.1649,1.8728,60.0,3571.6,NORMAL,0,
1,2026-10-01T21:37:18Z,1.6026,-0.0005,1.9213,30.0,1777.5,NORMAL,0,
2,2026-10-01T21:37:18Z,1.7197,0.0823,1.8765,30.0,1775.1,NORMAL,0,
3,2026-10-01T21:37:18Z,1.5621,0.1296,1.9393,30.0,1780.3,NORMAL,0,
4,2026-10-01T21:37:18Z,0.9582,-0.1798,1.9368,30.0,1776.6,NORMAL,0,
5,2026-10-01T21:37:18Z,1.3042,0.2354,1.9304,60.0,3574.5,NORMAL,0,
6,2026-10-01T21:37:18Z,1.0917,-0.3251,1.8786,60.0,3562.3,NORMAL,0,
1,2026-10-01T21:38:18Z,1.5069,0.3099,1.9574,30.0,1789.1,NORMAL,0,
2,2026-10-01T21:38:18Z,1.7211,0.2079,1.9001,30.0,1776.2,NORMAL,0,
3,2026-10-01T21:38:18Z,1.5793,0.1288,1.91,30.0,1784.7,NORMAL,0,
4,2026-10-01T21:38:18Z,1.031,-0.175,1.9668,30.0,1777.0,NORMAL,0,
5,2026-10-01T21:38:18Z,1.3831,0.2626,1.9759,60.0,3569.4,NORMAL,0,
6,2026-10-01T21:38:18Z,1.0777,0.1532,1.969,60.0,3558.9,NORMAL,0,
1,2026-10-01T21:39:18Z,1.6415,0.3499,1.9046,30.0,1774.6,NORMAL,0,
2,2026-10-01T21:39:18Z,1.7608,-0.2955,1.9533,30.0,1780.2,NORMAL,0,
3,2026-10-01T21:39:18Z,1.5642,0.274,1.8829,30.0,1775.8,NORMAL,0,
4,2026-10-01T21:39:18Z,1.0004,0.2699,2.0429,30.0,1776.7,NORMAL,0,
5,2026-10-01T21:39:18Z,1.3847,0.0503,1.9719,60.0,3563.2,NORMAL,0,
6,2026-10-01T21:39:18Z,1.1141,0.0987,1.9106,60.0,3565.2,NORMAL,0,
1,2026-10-01T21:40:18Z,1.5661,-0.1029,1.8851,30.0,1779.1,NORMAL,0,
2,2026-10-01T21:40:18Z,1.6725,-0.33,2.006,30.0,1775.1,NORMAL,0,
3,2026-10-01T21:40:18Z,1.5525,-0.1592,1.9911,30.0,1776.2,NORMAL,0,
4,2026-10-01T21:40:18Z,0.9581,-0.3208,2.0667,30.0,1781.7,NORMAL,0,
5,2026-10-01T21:40:18Z,1.4082,0.3524,1.9655,60.0,3554.5,NORMAL,0,
6,2026-10-01T21:40:18Z,1.0804,0.3161,1.9402,60.0,3563.1,NORMAL,0,
1,2026-10-01T21:41:18Z,1.5607,0.2804,1.8929,30.0,1784.3,NORMAL,0,
2,2026-10-01T21:41:18Z,1.7206,0.2299,1.9294,30.0,1778.8,NORMAL,0,
3,2026-10-01T21:41:18Z,1.5897,-0.2791,1.8876,30.0,1778.3,NORMAL,0,
4,2026-10-01T21:41:18Z,0.9369,0.2561,2.021,30.0,1777.6,NORMAL,0,
5,2026-10-01T21:41:18Z,1.4256,-0.3146,1.9635,60.0,3564.9,NORMAL,0,
6,2026-10-01T21:41:18Z,1.115,-0.2583,1.8557,60.0,3570.9,NORMAL,0,
1,2026-10-01T21:42:18Z,1.5571,0.2867,1.9025,30.0,1774.9,NORMAL,0,
2,2026-10-01T21:42:18Z,1.7619,0.302,1.9375,30.0,1771.1,NORMAL,0,
3,2026-10-01T21:42:18Z,1.5825,0.2131,1.9121,30.0,1774.3,NORMAL,0,
4,2026-10-01T21:42:18Z,1.0325,0.2409,1.9453,30.0,1769.5,NORMAL,0,
5,2026-10-01T21:42:18Z,1.3752,0.1774,1.8704,60.0,3559.9,NORMAL,0,
6,2026-10-01T21:42:18Z,1.1258,0.306,1.9557,60.0,3558.6,NORMAL,0,
1,2026-10-01T21:43:18Z,1.5849,0.3111,1.9634,30.0,1773.6,NORMAL,0,
2,2026-10-01T21:43:18Z,1.7058,0.1907,1.9418,30.0,1783.6,NORMAL,0,
3,2026-10-01T21:43:18Z,1.6566,0.0196,1.9584,30.0,1775.2,NORMAL,0,
4,2026-10-01T21:43:18Z,1.0227,-0.3202,1.9037,30.0,1777.8,NORMAL,0,
5,2026-10-01T21:43:18Z,1.416,-0.1574,1.9636,58.0,3536.3,NORMAL,0,
6,2026-10-01T21:43:18Z,1.103,0.1089,1.9199,60.0,3545.3,NORMAL,0,
1,2026-10-01T21:44:18Z,1.4936,-0.2543,1.955,30.0,1769.3,NORMAL,0,
2,2026-10-01T21:44:18Z,1.5892,0.2656,1.954,30.0,1772.1,NORMAL,0,
3,2026-10-01T21:44:18Z,1.5932,0.1781,1.9557,30.0,1781.0,NORMAL,0,
4,2026-10-01T21:44:18Z,1.0268,-0.2491,1.9704,30.0,1785.4,NORMAL,0,
5,2026-10-01T21:44:18Z,1.426,0.191,1.9286,60.0,3575.8,NORMAL,0,
6,2026-10-01T21:44:18Z,1.0612,-0.2857,1.9704,60.0,3554.9,NORMAL,0,
1,2026-10-01T21:45:18Z,1.5303,-0.3138,1.9949,30.0,1774.2,NORMAL,0,
2,2026-10-01T21:45:18Z,1.6597,-0.2346,1.9232,30.0,1791.4,NORMAL,0,
3,2026-10-01T21:45:18Z,1.6209,0.2644,1.9384,30.0,1786.5,NORMAL,0,
4,2026-10-01T21:45:18Z,1.0861,-0.3223,1.8598,30.0,1787.0,NORMAL,0,
5,2026-10-01T21:45:18Z,1.35,-0.2422,1.8467,60.0,3553.5,NORMAL,0,
6,2026-10-01T21:45:18Z,1.1361,0.3076,1.8513,60.0,3564.6,NORMAL,0,
1,2026-10-01T21:46:18Z,1.5337,-0.1446,1.9468,30.0,1786.7,NORMAL,0,
2,2026-10-01T21:46:18Z,1.7163,-0.2196,1.9,30.0,1771.3,NORMAL,0,
3,2026-10-01T21:46:18Z,1.6107,0.1474,1.9672,30.0,1769.5,NORMAL,0,
4,2026-10-01T21:46:18Z,1.0189,-0.2757,1.9618,30.0,1777.7,NORMAL,0,
5,2026-10-01T21:46:18Z,1.3453,0.2967,1.9305,60.0,3562.2,NORMAL,0,
6,2026-10-01T21:46:18Z,1.0906,0.0683,1.947,60.0,3585.4,NORMAL,0,
1,2026-10-01T21:47:18Z,1.5156,0.0822,1.9395,30.0,1784.7,NORMAL,0,
2,2026-10-01T21:47:18Z,1.6753,0.3286,1.9381,30.0,1779.0,NORMAL,0,
3,2026-10-01T21:47:18Z,1.5597,-0.2088,1.9416,30.0,1767.6,NORMAL,0,
4,2026-10-01T21:47:18Z,1.0567,0.3214,1.9259,30.0,1779.6,NORMAL,0,
5,2026-10-01T21:47:18Z,1.4982,-0.1288,1.8696,58.0,3524.0,NORMAL,0,
6,2026-10-01T21:47:18Z,1.1033,0.2764,1.9052,58.0,3538.3,NORMAL,0,
1,2026-10-01T21:48:18Z,1.6149,0.339,1.938,30.0,1770.4,NORMAL,0,
2,2026-10-01T21:48:18Z,1.7257,-0.3314,1.9228,30.0,1780.8,NORMAL,0,
3,2026-10-01T21:48:18Z,1.6105,0.3339,1.8867,30.0,1772.4,NORMAL,0,
4,2026-10-01T21:48:18Z,1.0662,0.2338,1.9306,30.0,1773.6,NORMAL,0,
5,2026-10-01T21:48:18Z,1.3671,0.1413,1.9328,60.0,3554.0,NORMAL,0,
6,2026-10-01T21:48:18Z,1.1447,-0.0551,1.8894,60.0,3557.3,NORMAL,0,
1,2026-10-01T21:49:18Z,1.4836,0.2231,1.9732,30.0,1779.0,NORMAL,0,
2,2026-10-01T21:49:18Z,1.7119,0.3031,1.9056,30.0,1783.0,NORMAL,0,
3,2026-10-01T21:49:18Z,1.5097,0.0985,2.0315,30.0,1792.6,NORMAL,0,
4,2026-10-01T21:49:18Z,1.0707,0.2678,1.9038,30.0,1781.8,NORMAL,0,
5,2026-10-01T21:49:18Z,1.2834,0.1597,1.9384,60.0,3540.9,NORMAL,0,
6,2026-10-01T21:49:18Z,1.1232,0.2042,1.884,60.0,3559.3,NORMAL,0,
1,2026-10-01T21:50:18Z,1.5778,-0.3173,1.9595,30.0,1776.7,NORMAL,0,
2,2026-10-01T21:50:18Z,1.7822,-0.0111,1.8568,30.0,1776.6,NORMAL,0,
3,2026-10-01T21:50:18Z,1.5749,-0.2993,1.9435,30.0,1777.9,NORMAL,0,
4,2026-10-01T21:50:18Z,1.0358,0.2628,1.8718,30.0,1793.1,NORMAL,0,
5,2026-10-01T21:50:18Z,1.3863,-0.0986,1.9676,60.0,3551.2,NORMAL,0,
6,2026-10-01T21:50:18Z,1.0912,-0.3208,1.8949,60.0,3570.4,NORMAL,0,
1,2026-10-01T21:51:18Z,1.5827,-0.272,1.9181,30.0,1776.5,NORMAL,0,
2,2026-10-01T21:51:18Z,1.7107,-0.2189,1.9129,30.0,1782.0,NORMAL,0,
3,2026-10-01T21:51:18Z,1.5858,-0.2361,1.9721,30.0,1770.2,NORMAL,0,
4,2026-10-01T21:51:18Z,1.0606,-0.0718,1.9667,30.0,1775.3,NORMAL,0,
5,2026-10-01T21:51:18Z,1.4004,0.3247,1.9048,60.0,3561.4,NORMAL,0,
6,2026-10-01T21:51:18Z,1.1127,-0.0494,1.9154,60.0,3564.4,NORMAL,0,
1,2026-10-01T21:52:18Z,1.6317,0.185,1.8906,30.0,1774.3,NORMAL,0,
2,2026-10-01T21:52:18Z,1.734,0.2289,1.9462,30.0,1766.7,NORMAL,0,
3,2026-10-01T21:52:18Z,1.6431,0.0304,1.9313,30.0,1784.0,NORMAL,0,
4,2026-10-01T21:52:18Z,1.0622,0.1853,1.9404,30.0,1775.7,NORMAL,0,
5,2026-10-01T21:52:18Z,1.4123,0.2667,1.9231,60.0,3568.1,NORMAL,0,
6,2026-10-01T21:52:18Z,1.1037,-0.3252,1.959,60.0,3570.5,NORMAL,0,
1,2026-10-01T21:53:18Z,1.6105,-0.1646,1.8902,30.0,1768.7,NORMAL,0,
2,2026-10-01T21:53:18Z,1.6668,0.3184,1.9098,30.0,1772.6,NORMAL,0,
3,2026-10-01T21:53:18Z,1.6024,0.1443,1.9807,30.0,1778.3,NORMAL,0,
4,2026-10-01T21:53:18Z,1.0332,0.1438,1.887,30.0,1778.6,NORMAL,0,
5,2026-10-01T21:53:18Z,1.3257,-0.1632,2.0222,60.0,3566.4,NORMAL,0,
6,2026-10-01T21:53:18Z,1.0831,-0.0349,1.9292,60.0,3577.2,NORMAL,0,
1,2026-10-01T21:54:18Z,1.5313,0.2641,1.9218,30.0,1772.5,NORMAL,0,
2,2026-10-01T21:54:18Z,1.7241,0.3568,1.9657,30.0,1779.6,NORMAL,0,
3,2026-10-01T21:54:18Z,1.6595,0.1318,1.9114,30.0,1790.0,NORMAL,0,
4,2026-10-01T21:54:18Z,1.0628,0.2626,1.903,30.0,1778.8,NORMAL,0,
5,2026-10-01T21:54:18Z,1.3319,0.2678,1.9932,60.0,3561.4,NORMAL,0,
6,2026-10-01T21:54:18Z,1.0783,0.0563,1.9609,60.0,3569.6,NORMAL,0,
1,2026-10-01T21:55:18Z,1.5442,-0.2848,1.9734,30.0,1785.5,NORMAL,0,
2,2026-10-01T21:55:18Z,1.6591,0.2679,1.8987,30.0,1791.8,NORMAL,0,
3,2026-10-01T21:55:18Z,1.5719,0.2336,1.9338,30.0,1776.4,NORMAL,0,
4,2026-10-01T21:55:18Z,1.0733,0.0725,1.8667,30.0,1782.2,NORMAL,0,
5,2026-10-01T21:55:18Z,1.4064,0.3022,1.9346,60.0,3564.5,NORMAL,0,
6,2026-10-01T21:55:18Z,1.0642,0.3073,1.936,60.0,3603.3,NORMAL,0,
1,2026-10-01T21:56:18Z,1.536,-0.227,1.9356,30.0,1779.4,NORMAL,0,
2,2026-10-01T21:56:18Z,1.6979,0.2839,1.9487,30.0,1795.9,NORMAL,0,
3,2026-10-01T21:56:18Z,1.596,0.0203,1.9177,30.0,1773.9,NORMAL,0,
4,2026-10-01T21:56:18Z,0.9742,0.3373,1.9978,30.0,1788.8,NORMAL,0,
5,2026-10-01T21:56:18Z,1.3807,-0.2483,1.9168,60.0,3553.1,NORMAL,0,
6,2026-10-01T21:56:18Z,1.1061,-0.2836,1.8875,60.0,3558.4,NORMAL,0,
1,2026-10-01T21:57:18Z,1.5417,0.1817,1.9591,30.0,1770.9,NORMAL,0,
2,2026-10-01T21:57:18Z,1.6562,0.3172,1.9578,30.0,1786.7,NORMAL,0,
3,2026-10-01T21:57:18Z,1.5757,0.2399,1.9452,30.0,1792.8,NORMAL,0,
4,2026-10-01T21:57:18Z,1.0624,0.2015,1.9219,30.0,1786.3,NORMAL,0,
5,2026-10-01T21:57:18Z,1.3963,0.1258,1.8551,60.0,3564.9,NORMAL,0,
6,2026-10-01T21:57:18Z,1.0944,-0.0739,1.8502,60.0,3575.7,NORMAL,0,
1,2026-10-01T21:58:18Z,1.5919,-0.1854,1.9129,30.0,1780.1,NORMAL,0,
2,2026-10-01T21:58:18Z,1.7074,-0.13,1.9904,30.0,1782.6,NORMAL,0,
3,2026-10-01T21:58:18Z,1.6203,-0.0094,1.9089,30.0,1767.3,NORMAL,0,
4,2026-10-01T21:58:18Z,1.0655,-0.1155,1.8492,30.0,1778.7,NORMAL,0,
5,2026-10-01T21:58:18Z,1.4274,-0.1041,1.9776,60.0,3567.7,NORMAL,0,
6,2026-10-01T21:58:18Z,1.1343,0.3011,1.8894,60.0,3555.4,NORMAL,0,
1,2026-10-01T21:59:18Z,1.6097,0.222,1.8815,30.0,1776.2,NORMAL,0,
2,2026-10-01T21:59:18Z,1.7354,0.2201,1.8687,30.0,1803.9,NORMAL,0,
3,2026-10-01T21:59:18Z,1.5095,-0.0599,1.9974,30.0,1776.2,NORMAL,0,
4,2026-10-01T21:59:18Z,1.0703,-0.0761,1.8839,30.0,1771.6,NORMAL,0,
5,2026-10-01T21:59:18Z,1.3583,0.1606,1.9762,60.0,3544.7,NORMAL,0,
6,2026-10-01T21:59:18Z,1.0508,0.2577,1.9852,60.0,3565.8,NORMAL,0,
1,2026-10-01T22:00:18Z,1.564,0.32,1.8862,30.0,1785.0,NORMAL,0,
2,2026-10-01T22:00:18Z,1.6926,0.1657,1.932,30.0,1789.5,NORMAL,0,
3,2026-10-01T22:00:18Z,1.7253,-0.0318,1.9442,30.0,1785.2,NORMAL,0,
4,2026-10-01T22:00:18Z,1.0569,-0.308,1.8781,30.0,1794.6,NORMAL,0,
5,2026-10-01T22:00:18Z,1.405,-0.0864,1.8984,60.0,3548.4,NORMAL,0,
6,2026-10-01T22:00:18Z,1.059,-0.2678,1.9931,60.0,3546.3,NORMAL,0,
1,2026-10-01T22:01:18Z,1.6481,0.0863,1.9263,30.0,1775.4,NORMAL,0,
2,2026-10-01T22:01:18Z,1.689,-0.2224,1.9823,30.0,1780.9,NORMAL,0,
3,2026-10-01T22:01:18Z,1.6228,0.2559,1.9401,30.0,1771.8,NORMAL,0,
4,2026-10-01T22:01:18Z,1.0014,0.3041,1.9747,30.0,1782.6,NORMAL,0,
5,2026-10-01T22:01:18Z,1.3932,-0.27,1.8891,60.0,3561.4,NORMAL,0,
6,2026-10-01T22:01:18Z,1.0712,0.0689,1.9626,60.0,3558.6,NORMAL,0,
1,2026-10-01T22:02:18Z,1.6088,-0.0554,1.9879,30.0,1798.8,NORMAL,0,
2,2026-10-01T22:02:18Z,1.6723,0.1138,1.9387,30.0,1785.5,NORMAL,0,
3,2026-10-01T22:02:18Z,1.5834,-0.0687,1.931,30.0,1779.4,NORMAL,0,
4,2026-10-01T22:02:18Z,1.0336,0.118,1.9372,30.0,1779.2,NORMAL,0,
5,2026-10-01T22:02:18Z,1.4231,0.3383,1.9297,60.0,3560.2,NORMAL,0,
6,2026-10-01T22:02:18Z,1.0718,-0.0259,1.9701,60.0,3554.0,NORMAL,0,
1,2026-10-01T22:03:18Z,1.6182,-0.3326,1.8743,30.0,1785.5,NORMAL,0,
2,2026-10-01T22:03:18Z,1.6651,0.0951,1.9043,30.0,1781.1,NORMAL,0,
3,2026-10-01T22:03:18Z,1.6117,0.3032,1.9021,30.0,1779.3,NORMAL,0,
4,2026-10-01T22:03:18Z,1.0571,0.305,1.8976,30.0,1776.1,NORMAL,0,
5,2026-10-01T22:03:18Z,1.388,0.3028,1.9697,60.0,3543.2,NORMAL,0,
6,2026-10-01T22:03:18Z,1.0692,0.3021,1.9328,60.0,3564.3,NORMAL,0,
1,2026-10-01T22:04:18Z,1.5309,0.1496,1.9626,30.0,1775.4,NORMAL,0,
2,2026-10-01T22:04:18Z,1.6869,-0.2675,1.8837,30.0,1774.8,NORMAL,0,
3,2026-10-01T22:04:18Z,1.6893,0.3485,1.8786,30.0,1782.9,NORMAL,0,
4,2026-10-01T22:04:18Z,1.041,-0.2884,1.9215,30.0,1778.4,NORMAL,0,
5,2026-10-01T22:04:18Z,1.4329,0.3318,1.9393,60.0,3551.9,NORMAL,0,
6,2026-10-01T22:04:18Z,1.0773,0.357,1.9803,60.0,3577.3,NORMAL,0,
1,2026-10-01T22:05:18Z,1.5908,-0.2654,1.8649,30.0,1785.5,NORMAL,0,
2,2026-10-01T22:05:18Z,1.6306,-0.2837,2.0068,30.0,1792.9,NORMAL,0,
3,2026-10-01T22:05:18Z,1.5343,0.1468,1.9308,30.0,1788.5,NORMAL,0,
4,2026-10-01T22:05:18Z,1.0435,0.1466,1.8639,30.0,1782.2,NORMAL,0,
5,2026-10-01T22:05:18Z,1.5123,0.0586,1.9442,60.0,3585.4,NORMAL,0,
6,2026-10-01T22:05:18Z,1.1321,0.3436,1.9111,60.0,3583.2,NORMAL,0,
1,2026-10-01T22:06:18Z,1.4874,0.1262,1.971,30.0,1781.0,NORMAL,0,
2,2026-10-01T22:06:18Z,1.7353,-0.0381,2.0157,30.0,1781.6,NORMAL,0,
3,2026-10-01T22:06:18Z,1.6206,0.0169,1.8826,30.0,1774.0,NORMAL,0,
4,2026-10-01T22:06:18Z,1.0783,0.1739,1.8772,30.0,1778.7,NORMAL,0,
5,2026-10-01T22:06:18Z,1.4495,-0.225,1.8943,60.0,3561.4,NORMAL,0,
6,2026-10-01T22:06:18Z,1.1194,-0.2631,1.9464,60.0,3581.5,NORMAL,0,
1,2026-10-01T22:07:18Z,1.5419,0.1575,1.9159,30.0,1781.4,NORMAL,0,
2,2026-10-01T22:07:18Z,1.686,0.1289,1.8773,30.0,1782.4,NORMAL,0,
3,2026-10-01T22:07:18Z,1.5733,0.2761,1.9012,30.0,1788.0,NORMAL,0,
4,2026-10-01T22:07:18Z,1.0503,-0.0498,1.9728,30.0,1778.7,NORMAL,0,
5,2026-10-01T22:07:18Z,1.3794,-0.1682,1.9403,60.0,3560.6,NORMAL,0,
6,2026-10-01T22:07:18Z,1.0633,0.0965,1.9818,60.0,3548.9,NORMAL,0,
1,2026-10-01T22:08:18Z,1.593,-0.0605,1.942,30.0,1780.0,NORMAL,0,
2,2026-10-01T22:08:18Z,1.7274,0.223,1.8933,30.0,1778.1,NORMAL,0,
3,2026-10-01T22:08:18Z,1.5792,0.1329,1.9543,30.0,1781.1,NORMAL,0,
4,2026-10-01T22:08:18Z,1.0212,-0.2155,1.9197,30.0,1776.8,NORMAL,0,
5,2026-10-01T22:08:18Z,1.4158,0.2706,1.9983,60.0,3551.6,NORMAL,0,
6,2026-10-01T22:08:18Z,1.0494,-0.032,1.9192,60.0,3566.1,NORMAL,0,
1,2026-10-01T22:09:18Z,1.4402,0.2781,1.879,30.0,1781.7,NORMAL,0,
2,2026-10-01T22:09:18Z,1.6509,0.1582,1.939,30.0,1786.5,NORMAL,0,
3,2026-10-01T22:09:18Z,1.597,0.2557,1.8699,30.0,1774.8,NORMAL,0,
4,2026-10-01T22:09:18Z,1.0482,0.0212,1.9264,30.0,1786.3,NORMAL,0,
5,2026-10-01T22:09:18Z,1.331,0.1969,2.0441,60.0,3549.7,NORMAL,0,
6,2026-10-01T22:09:18Z,1.1253,-0.2916,1.9317,58.0,3534.7,NORMAL,0,
1,2026-10-01T22:10:18Z,1.606,-0.2507,1.8998,30.0,1770.4,NORMAL,0,
2,2026-10-01T22:10:18Z,1.6553,0.3024,1.9003,30.0,1771.2,NORMAL,0,
3,2026-10-01T22:10:18Z,1.6257,-0.0597,1.9149,30.0,1780.6,NORMAL,0,
4,2026-10-01T22:10:18Z,0.9926,0.1133,1.9131,30.0,1794.9,NORMAL,0,
5,2026-10-01T22:10:18Z,1.4304,0.2007,1.9114,58.0,3528.0,NORMAL,0,
6,2026-10-01T22:10:18Z,1.0125,0.1431,1.9732,58.0,3537.8,NORMAL,0,
1,2026-10-01T22:11:18Z,1.5945,-0.2186,1.9306,30.0,1781.3,NORMAL,0,
2,2026-10-01T22:11:18Z,1.7232,0.3031,2.009,30.0,1770.0,NORMAL,0,
3,2026-10-01T22:11:18Z,3.2182,-0.1604,1.6003,30.0,1781.2,NORMAL,1,DESBALANCEAMENTO
4,2026-10-01T22:11:18Z,0.9931,0.2608,2.0066,30.0,1790.2,NORMAL,0,
5,2026-10-01T22:11:18Z,1.43,0.2613,1.9018,60.0,3542.9,NORMAL,0,
6,2026-10-01T22:11:18Z,1.1122,-0.3732,1.9654,60.0,3558.6,NORMAL,0,
1,2026-10-01T22:12:18Z,1.6373,0.2392,1.9049,30.0,1774.9,NORMAL,0,
2,2026-10-01T22:12:18Z,1.7015,0.305,1.9244,30.0,1777.2,NORMAL,0,
3,2026-10-01T22:12:18Z,4.0355,-0.023,1.5775,30.0,1769.6,NORMAL,1,DESBALANCEAMENTO
4,2026-10-01T22:12:18Z,0.9288,0.2585,1.9726,30.0,1773.0,NORMAL,0,
5,2026-10-01T22:12:18Z,1.433,0.2157,1.9316,60.0,3551.1,NORMAL,0,
6,2026-10-01T22:12:18Z,1.0765,0.2843,1.9237,60.0,3556.0,NORMAL,0,
1,2026-10-01T22:13:18Z,1.6095,0.1258,1.9268,30.0,1789.8,NORMAL,0,
2,2026-10-01T22:13:18Z,1.6312,0.3196,1.9288,30.0,1772.2,NORMAL,0,
3,2026-10-01T22:13:18Z,4.6218,0.0557,1.5568,30.0,1774.7,ATENCAO,1,DESBALANCEAMENTO
4,2026-10-01T22:13:18Z,1.0312,0.1735,1.9202,30.0,1776.5,NORMAL,0,
5,2026-10-01T22:13:18Z,1.3762,0.3424,1.9326,60.0,3582.5,NORMAL,0,
6,2026-10-01T22:13:18Z,1.1039,-0.158,1.9822,60.0,3566.0,NORMAL,0,
1,2026-10-01T22:14:18Z,1.5533,0.3928,2.0276,30.0,1783.2,NORMAL,0,
2,2026-10-01T22:14:18Z,1.6752,0.2997,1.9171,30.0,1792.3,NORMAL,0,
3,2026-10-01T22:14:18Z,4.6446,0.1103,1.5571,30.0,1777.9,ATENCAO,1,DESBALANCEAMENTO
4,2026-10-01T22:14:18Z,1.0152,0.1538,1.9537,30.0,1790.9,NORMAL,0,
5,2026-10-01T22:14:18Z,1.3688,-0.2728,1.9889,60.0,3546.6,NORMAL,0,
6,2026-10-01T22:14:18Z,1.0549,-0.0222,1.949,60.0,3551.2,NORMAL,0,
1,2026-10-01T22:15:18Z,1.5998,0.2092,1.9467,30.0,1773.6,NORMAL,0,
2,2026-10-01T22:15:18Z,1.7556,0.1207,1.9582,30.0,1779.5,NORMAL,0,
3,2026-10-01T22:15:18Z,5.2559,0.0456,1.5262,30.0,1783.1,ATENCAO,1,DESBALANCEAMENTO
4,2026-10-01T22:15:18Z,1.0207,0.3316,1.9077,30.0,1776.9,NORMAL,0,
5,2026-10-01T22:15:18Z,1.3756,-0.0068,1.9511,60.0,3567.2,NORMAL,0,
6,2026-10-01T22:15:18Z,1.099,0.1208,1.9645,60.0,3556.7,NORMAL,0,
1,2026-10-01T22:16:18Z,1.5171,-0.0909,1.9263,30.0,1780.6,NORMAL,0,
2,2026-10-01T22:16:18Z,1.647,-0.3343,1.9863,30.0,1774.4,NORMAL,0,
3,2026-10-01T22:16:18Z,5.4498,0.1101,1.539,30.0,1795.2,ATENCAO,1,DESBALANCEAMENTO
4,2026-10-01T22:16:18Z,1.0077,0.0526,1.8778,30.0,1775.7,NORMAL,0,
5,2026-10-01T22:16:18Z,1.3563,-0.2991,1.9477,58.0,3533.5,NORMAL,0,
6,2026-10-01T22:16:18Z,1.0823,-0.252,1.9221,60.0,3544.2,NORMAL,0,
1,2026-10-01T22:17:18Z,1.5905,-0.2484,2.0136,30.0,1784.7,NORMAL,0,
2,2026-10-01T22:17:18Z,1.732,0.2933,1.9129,30.0,1786.6,NORMAL,0,
3,2026-10-01T22:17:18Z,5.8525,0.0862,1.5304,30.0,1790.1,ATENCAO,1,DESBALANCEAMENTO
4,2026-10-01T22:17:18Z,1.0382,0.1847,1.9003,30.0,1773.1,NORMAL,0,
5,2026-10-01T22:17:18Z,1.4178,0.317,1.9385,60.0,3541.5,NORMAL,0,
6,2026-10-01T22:17:18Z,1.1042,0.1847,1.921,60.0,3571.9,NORMAL,0,
1,2026-10-01T22:18:18Z,1.5907,-0.3013,1.9312,30.0,1776.4,NORMAL,0,
2,2026-10-01T22:18:18Z,1.7071,0.3548,1.9944,30.0,1788.3,NORMAL,0,
3,2026-10-01T22:18:18Z,6.4571,0.0982,1.5259,30.0,1774.1,ATENCAO,1,DESBALANCEAMENTO
4,2026-10-01T22:18:18Z,1.0375,0.2832,1.9078,30.0,1769.2,NORMAL,0,
5,2026-10-01T22:18:18Z,1.3588,0.2667,1.9325,58.0,3530.6,NORMAL,0,
6,2026-10-01T22:18:18Z,1.0547,0.2923,2.0044,60.0,3569.3,NORMAL,0,
1,2026-10-01T22:19:18Z,1.5821,-0.3099,1.9299,30.0,1782.2,NORMAL,0,
2,2026-10-01T22:19:18Z,1.7557,-0.1703,1.8893,30.0,1789.3,NORMAL,0,
3,2026-10-01T22:19:18Z,1.6175,0.3425,1.9738,30.0,1774.7,NORMAL,0,
4,2026-10-01T22:19:18Z,1.0375,0.2587,1.9101,30.0,1784.9,NORMAL,0,
5,2026-10-01T22:19:18Z,1.436,-0.3332,1.9206,60.0,3557.7,NORMAL,0,
6,2026-10-01T22:19:18Z,1.1334,-0.1903,1.981,60.0,3552.4,NORMAL,0,
1,2026-10-01T22:20:18Z,1.5706,0.2976,1.9077,30.0,1774.9,NORMAL,0,
2,2026-10-01T22:20:18Z,1.7105,0.3182,1.9268,30.0,1766.2,NORMAL,0,
3,2026-10-01T22:20:18Z,1.624,-0.192,1.9198,30.0,1775.3,NORMAL,0,
4,2026-10-01T22:20:18Z,1.0529,0.2624,1.9181,30.0,1779.1,NORMAL,0,
5,2026-10-01T22:20:18Z,1.4031,0.2608,1.9752,60.0,3565.9,NORMAL,0,
6,2026-10-01T22:20:18Z,1.0598,0.162,1.9842,60.0,3563.9,NORMAL,0,
1,2026-10-01T22:21:18Z,1.5928,0.299,1.9173,30.0,1783.2,NORMAL,0,
2,2026-10-01T22:21:18Z,1.6086,-0.1819,1.9331,30.0,1784.2,NORMAL,0,
3,2026-10-01T22:21:18Z,1.6533,0.3724,1.9928,30.0,1776.5,NORMAL,0,
4,2026-10-01T22:21:18Z,1.023,0.3243,1.9617,30.0,1785.0,NORMAL,0,
5,2026-10-01T22:21:18Z,1.4618,0.3512,1.9291,60.0,3549.6,NORMAL,0,
6,2026-10-01T22:21:18Z,1.0981,0.0339,1.9731,60.0,3550.4,NORMAL,0,
1,2026-10-01T22:22:18Z,1.5612,-0.2853,1.8784,30.0,1777.5,NORMAL,0,
2,2026-10-01T22:22:18Z,1.7086,0.2651,1.9439,30.0,1772.5,NORMAL,0,
3,2026-10-01T22:22:18Z,1.6284,0.296,1.9114,30.0,1780.4,NORMAL,0,
4,2026-10-01T22:22:18Z,1.0467,0.3252,1.9762,30.0,1781.0,NORMAL,0,
5,2026-10-01T22:22:18Z,1.3942,0.2984,1.9812,60.0,3572.9,NORMAL,0,
6,2026-10-01T22:22:18Z,1.0497,0.2341,2.0181,60.0,3567.7,NORMAL,0,
1,2026-10-01T22:23:18Z,1.5369,0.0366,1.9763,30.0,1772.8,NORMAL,0,
2,2026-10-01T22:23:18Z,1.6851,-0.2985,2.0072,30.0,1769.4,NORMAL,0,
3,2026-10-01T22:23:18Z,1.5724,-0.0376,1.9764,30.0,1766.6,NORMAL,0,
4,2026-10-01T22:23:18Z,1.0692,0.2909,1.8628,30.0,1776.3,NORMAL,0,
5,2026-10-01T22:23:18Z,1.3152,0.1971,2.0097,60.0,3575.5,NORMAL,0,
6,2026-10-01T22:23:18Z,1.161,0.2984,1.953,60.0,3579.3,NORMAL,0,
1,2026-10-01T22:24:18Z,1.5164,0.3137,1.9288,30.0,1779.4,NORMAL,0,
2,2026-10-01T22:24:18Z,1.721,-0.1727,1.8785,30.0,1778.0,NORMAL,0,
3,2026-10-01T22:24:18Z,1.6171,0.2341,1.8399,30.0,1771.9,NORMAL,0,
4,2026-10-01T22:24:18Z,2.0096,-0.1269,2.2678,30.0,1773.5,NORMAL,1,DESALINHAMENTO
5,2026-10-01T22:24:18Z,1.3877,0.3,1.9487,60.0,3558.5,NORMAL,0,
6,2026-10-01T22:24:18Z,1.0781,0.0044,1.9536,60.0,3551.8,NORMAL,0,
1,2026-10-01T22:25:18Z,1.5792,-0.1645,1.9384,30.0,1789.4,NORMAL,0,
2,2026-10-01T22:25:18Z,1.8106,0.1135,1.8809,30.0,1776.7,NORMAL,0,
3,2026-10-01T22:25:18Z,1.6059,-0.2851,1.8932,30.0,1770.5,NORMAL,0,
4,2026-10-01T22:25:18Z,2.0979,0.6835,2.2802,30.0,1772.0,NORMAL,1,DESALINHAMENTO
5,2026-10-01T22:25:18Z,1.4712,0.0979,1.9001,60.0,3551.4,NORMAL,0,
6,2026-10-01T22:25:18Z,1.0533,0.2906,1.8981,60.0,3560.9,NORMAL,0,
1,2026-10-01T22:26:18Z,1.4994,0.229,1.9585,30.0,1776.8,NORMAL,0,
2,2026-10-01T22:26:18Z,1.8005,-0.0147,1.9078,30.0,1773.1,NORMAL,0,
3,2026-10-01T22:26:18Z,1.6034,-0.0393,1.9465,30.0,1785.9,NORMAL,0,
4,2026-10-01T22:26:18Z,2.4089,-0.571,2.2274,60.0,1780.6,NORMAL,1,DESALINHAMENTO
5,2026-10-01T22:26:18Z,1.4033,0.1525,1.9247,60.0,3571.5,NORMAL,0,
6,2026-10-01T22:26:18Z,1.0757,0.1674,1.9038,60.0,3556.9,NORMAL,0,
1,2026-10-01T22:27:18Z,1.5907,0.0762,1.9479,30.0,1777.2,NORMAL,0,
2,2026-10-01T22:27:18Z,1.6928,0.343,1.9273,30.0,1787.3,NORMAL,0,
3,2026-10-01T22:27:18Z,1.6093,0.0085,1.924,30.0,1776.8,NORMAL,0,
4,2026-10-01T22:27:18Z,2.684,0.5539,2.2543,60.0,1797.8,NORMAL,1,DESALINHAMENTO
5,2026-10-01T22:27:18Z,1.3833,-0.1665,1.9265,60.0,3569.8,NORMAL,0,
6,2026-10-01T22:27:18Z,1.1365,0.3021,1.8724,60.0,3556.9,NORMAL,0,
1,2026-10-01T22:28:18Z,1.6061,-0.28,1.9127,30.0,1784.1,NORMAL,0,
2,2026-10-01T22:28:18Z,1.6968,0.1322,1.9418,30.0,1772.9,NORMAL,0,
3,2026-10-01T22:28:18Z,1.5941,-0.1619,1.9684,30.0,1786.0,NORMAL,0,
4,2026-10-01T22:28:18Z,2.6211,0.5246,2.1901,58.0,1763.9,NORMAL,1,DESALINHAMENTO
5,2026-10-01T22:28:18Z,1.3555,-0.2753,1.9895,60.0,3575.5,NORMAL,0,
6,2026-10-01T22:28:18Z,1.097,0.235,1.9549,60.0,3547.6,NORMAL,0,
1,2026-10-01T22:29:18Z,1.5674,0.2135,1.9031,30.0,1778.6,NORMAL,0,
2,2026-10-01T22:29:18Z,1.717,0.3477,1.9351,30.0,1792.5,NORMAL,0,
3,2026-10-01T22:29:18Z,1.6365,0.0334,1.9212,30.0,1782.7,NORMAL,0,
4,2026-10-01T22:29:18Z,3.3881,-0.2272,2.1616,60.0,1788.3,NORMAL,1,DESALINHAMENTO
5,2026-10-01T22:29:18Z,1.4187,0.12,1.9396,60.0,3580.0,NORMAL,0,
6,2026-10-01T22:29:18Z,1.1159,-0.343,1.97,60.0,3546.9,NORMAL,0,
1,2026-10-01T22:30:18Z,1.5955,0.3012,1.878,30.0,1780.5,NORMAL,0,
2,2026-10-01T22:30:18Z,1.6867,0.3385,1.9524,30.0,1787.3,NORMAL,0,
3,2026-10-01T22:30:18Z,1.5786,0.12,1.9684,30.0,1781.4,NORMAL,0,
4,2026-10-01T22:30:18Z,3.4752,0.2434,2.1507,60.0,1771.4,NORMAL,1,DESALINHAMENTO
5,2026-10-01T22:30:18Z,1.4209,0.0329,1.9358,60.0,3552.5,NORMAL,0,
6,2026-10-01T22:30:18Z,1.0694,0.0177,1.9396,60.0,3542.6,NORMAL,0,
1,2026-10-01T22:31:18Z,1.5758,0.2216,1.9379,30.0,1780.4,NORMAL,0,
2,2026-10-01T22:31:18Z,1.7306,0.1578,1.9021,30.0,1773.1,NORMAL,0,
3,2026-10-01T22:31:18Z,1.5844,-0.108,1.9776,30.0,1780.9,NORMAL,0,
4,2026-10-01T22:31:18Z,1.0169,0.2728,1.9125,30.0,1787.1,NORMAL,0,
5,2026-10-01T22:31:18Z,1.343,0.0968,1.9079,60.0,3577.0,NORMAL,0,
6,2026-10-01T22:31:18Z,1.1328,0.1001,1.9259,60.0,3543.5,NORMAL,0,
1,2026-10-01T22:32:18Z,1.5387,0.0421,1.9308,30.0,1783.2,NORMAL,0,
2,2026-10-01T22:32:18Z,1.6573,0.0734,1.9326,30.0,1782.7,NORMAL,0,
3,2026-10-01T22:32:18Z,1.5275,0.2239,1.9449,30.0,1775.5,NORMAL,0,
4,2026-10-01T22:32:18Z,1.0638,0.2236,1.9198,30.0,1789.0,NORMAL,0,
5,2026-10-01T22:32:18Z,1.3994,0.3344,1.9422,60.0,3564.0,NORMAL,0,
6,2026-10-01T22:32:18Z,1.0909,0.2109,1.925,60.0,3567.8,NORMAL,0,
1,2026-10-01T22:33:18Z,1.6333,0.0163,1.9255,30.0,1779.0,NORMAL,0,
2,2026-10-01T22:33:18Z,1.7183,0.2634,1.9637,30.0,1790.7,NORMAL,0,
3,2026-10-01T22:33:18Z,1.6123,0.0933,1.9184,30.0,1781.3,NORMAL,0,
4,2026-10-01T22:33:18Z,0.9577,-0.1739,2.0473,30.0,1767.3,NORMAL,0,
5,2026-10-01T22:33:18Z,1.4242,0.2912,1.9584,60.0,3557.7,NORMAL,0,
6,2026-10-01T22:33:18Z,1.0386,0.2101,1.8711,60.0,3568.9,NORMAL,0,
1,2026-10-01T22:34:18Z,1.5619,0.2294,1.9539,30.0,1781.2,NORMAL,0,
2,2026-10-01T22:34:18Z,1.7049,0.239,1.9735,30.0,1779.3,NORMAL,0,
3,2026-10-01T22:34:18Z,1.63,-0.1939,1.9093,30.0,1773.5,NORMAL,0,
4,2026-10-01T22:34:18Z,1.0019,0.2191,1.9171,30.0,1772.0,NORMAL,0,
5,2026-10-01T22:34:18Z,1.4057,0.2716,1.9259,60.0,3561.8,NORMAL,0,
6,2026-10-01T22:34:18Z,1.0778,0.0385,1.9149,60.0,3555.8,NORMAL,0,
1,2026-10-01T22:35:18Z,1.5392,0.1516,1.9711,30.0,1782.7,NORMAL,0,
2,2026-10-01T22:35:18Z,1.694,0.3157,1.8746,30.0,1776.5,NORMAL,0,
3,2026-10-01T22:35:18Z,1.5955,0.0601,1.946,30.0,1763.5,NORMAL,0,
4,2026-10-01T22:35:18Z,1.0389,0.1364,1.9359,30.0,1770.9,NORMAL,0,
5,2026-10-01T22:35:18Z,1.4437,0.3029,1.8544,58.0,3532.6,NORMAL,0,
6,2026-10-01T22:35:18Z,1.0881,0.266,2.0092,60.0,3576.3,NORMAL,0,
1,2026-10-01T22:36:18Z,1.6279,0.1662,1.9211,30.0,1777.0,NORMAL,0,
2,2026-10-01T22:36:18Z,1.7169,-0.2849,1.9275,30.0,1762.4,NORMAL,0,
3,2026-10-01T22:36:18Z,1.6422,0.3028,1.9115,30.0,1779.8,NORMAL,0,
4,2026-10-01T22:36:18Z,1.0311,0.0638,1.8845,30.0,1775.0,NORMAL,0,
5,2026-10-01T22:36:18Z,1.4435,0.2764,1.8993,58.0,3537.3,NORMAL,0,
6,2026-10-01T22:36:18Z,1.0851,-0.1632,1.9226,60.0,3560.9,NORMAL,0,
1,2026-10-01T22:37:18Z,1.6507,0.2577,1.9608,30.0,1782.4,NORMAL,0,
2,2026-10-01T22:37:18Z,1.7585,0.3148,1.9431,30.0,1777.7,NORMAL,0,
3,2026-10-01T22:37:18Z,1.5497,-0.1478,1.9787,30.0,1770.2,NORMAL,0,
4,2026-10-01T22:37:18Z,0.9924,0.083,1.9411,30.0,1775.8,NORMAL,0,
5,2026-10-01T22:37:18Z,1.3734,-0.0936,1.9523,60.0,3574.4,NORMAL,0,
6,2026-10-01T22:37:18Z,1.1401,0.2876,1.9035,60.0,3559.8,NORMAL,0,
1,2026-10-01T22:38:18Z,1.5846,0.3442,1.9687,30.0,1781.4,NORMAL,0,
2,2026-10-01T22:38:18Z,1.7044,-0.2985,1.9501,30.0,1791.0,NORMAL,0,
3,2026-10-01T22:38:18Z,1.6271,0.3567,1.9165,30.0,1771.5,NORMAL,0,
4,2026-10-01T22:38:18Z,0.9795,0.0456,1.9472,30.0,1781.2,NORMAL,0,
5,2026-10-01T22:38:18Z,1.3971,0.1903,1.9818,60.0,3586.1,NORMAL,0,
6,2026-10-01T22:38:18Z,1.0995,0.1438,1.9248,60.0,3557.9,NORMAL,0,
1,2026-10-01T22:39:18Z,1.5326,0.2006,1.9309,30.0,1791.5,NORMAL,0,
2,2026-10-01T22:39:18Z,1.7512,0.0495,1.9246,30.0,1784.6,NORMAL,0,
3,2026-10-01T22:39:18Z,1.6629,0.3195,1.9161,30.0,1782.8,NORMAL,0,
4,2026-10-01T22:39:18Z,1.0509,-0.3709,1.9105,30.0,1790.8,NORMAL,0,
5,2026-10-01T22:39:18Z,1.4029,-0.2082,1.9319,60.0,3545.7,NORMAL,0,
6,2026-10-01T22:39:18Z,1.1407,-0.1063,1.9024,60.0,3554.8,NORMAL,0,
1,2026-10-01T22:40:18Z,1.5617,0.2521,1.9452,30.0,1786.1,NORMAL,0,
2,2026-10-01T22:40:18Z,1.6835,-0.0912,1.9424,30.0,1771.7,NORMAL,0,
3,2026-10-01T22:40:18Z,1.6491,0.2971,1.8592,30.0,1776.8,NORMAL,0,
4,2026-10-01T22:40:18Z,0.9658,-0.3257,1.9626,30.0,1775.5,NORMAL,0,
5,2026-10-01T22:40:18Z,1.3812,0.0549,1.9491,60.0,3562.8,NORMAL,0,
6,2026-10-01T22:40:18Z,1.0705,0.253,2.0151,60.0,3588.6,NORMAL,0,
1,2026-10-01T22:41:18Z,1.634,-0.318,1.8614,30.0,1779.4,NORMAL,0,
2,2026-10-01T22:41:18Z,1.7247,0.1652,1.9191,30.0,1771.2,NORMAL,0,
3,2026-10-01T22:41:18Z,1.7451,0.3491,1.8902,30.0,1778.3,NORMAL,0,
4,2026-10-01T22:41:18Z,0.9989,-0.1825,1.9012,30.0,1781.7,NORMAL,0,
5,2026-10-01T22:41:18Z,1.427,0.3399,1.9656,58.0,3539.7,NORMAL,0,
6,2026-10-01T22:41:18Z,1.0728,0.285,1.9476,60.0,3562.2,NORMAL,0,
1,2026-10-01T22:42:18Z,1.6796,-0.1141,1.9258,30.0,1786.1,NORMAL,0,
2,2026-10-01T22:42:18Z,1.5878,0.2044,1.9574,30.0,1775.8,NORMAL,0,
3,2026-10-01T22:42:18Z,1.6005,0.2875,1.9455,30.0,1774.3,NORMAL,0,
4,2026-10-01T22:42:18Z,0.9577,-0.0332,2.0052,30.0,1778.7,NORMAL,0,
5,2026-10-01T22:42:18Z,1.2845,0.1764,1.9655,60.0,3564.3,NORMAL,0,
6,2026-10-01T22:42:18Z,1.0867,0.3022,1.9374,60.0,3585.1,NORMAL,0,
1,2026-10-01T22:43:18Z,1.5411,0.0507,1.8507,30.0,1781.8,NORMAL,0,
2,2026-10-01T22:43:18Z,1.7227,0.3618,1.9593,30.0,1768.1,NORMAL,0,
3,2026-10-01T22:43:18Z,1.5625,0.3696,2.0055,30.0,1784.2,NORMAL,0,
4,2026-10-01T22:43:18Z,1.0154,-0.2881,1.8924,30.0,1788.5,NORMAL,0,
5,2026-10-01T22:43:18Z,1.4014,-0.028,1.9377,60.0,3574.7,NORMAL,0,
6,2026-10-01T22:43:18Z,1.1107,0.2566,1.9442,60.0,3551.5,NORMAL,0,
1,2026-10-01T22:44:18Z,1.5515,-0.1797,2.014,30.0,1780.1,NORMAL,0,
2,2026-10-01T22:44:18Z,1.6693,0.2621,1.955,30.0,1787.8,NORMAL,0,
3,2026-10-01T22:44:18Z,1.6488,0.0251,1.9493,30.0,1784.2,NORMAL,0,
4,2026-10-01T22:44:18Z,1.0155,0.3071,1.92,30.0,1772.9,NORMAL,0,
5,2026-10-01T22:44:18Z,1.3892,0.3057,1.9451,60.0,3573.8,NORMAL,0,
6,2026-10-01T22:44:18Z,1.0609,0.0235,1.9433,60.0,3567.5,NORMAL,0,
1,2026-10-01T22:45:18Z,1.5451,0.0819,1.9239,30.0,1777.6,NORMAL,0,
2,2026-10-01T22:45:18Z,1.6912,0.0503,1.9509,30.0,1780.3,NORMAL,0,
3,2026-10-01T22:45:18Z,1.6503,0.3224,1.9034,30.0,1788.6,NORMAL,0,
4,2026-10-01T22:45:18Z,0.9675,0.236,2.0101,30.0,1785.8,NORMAL,0,
5,2026-10-01T22:45:18Z,1.3334,0.2776,2.0447,60.0,3557.4,NORMAL,0,
6,2026-10-01T22:45:18Z,1.1197,0.3614,1.9288,60.0,3560.1,NORMAL,0,
1,2026-10-01T22:46:18Z,1.47,0.2345,1.9736,30.0,1788.9,NORMAL,0,
2,2026-10-01T22:46:18Z,1.8013,0.0724,1.847,30.0,1770.5,NORMAL,0,
3,2026-10-01T22:46:18Z,1.5329,-0.2617,1.8484,30.0,1785.4,NORMAL,0,
4,2026-10-01T22:46:18Z,1.0564,-0.2315,1.9116,30.0,1772.2,NORMAL,0,
5,2026-10-01T22:46:18Z,1.3888,-0.2023,1.8806,58.0,3536.7,NORMAL,0,
6,2026-10-01T22:46:18Z,1.1095,-0.2713,1.8938,60.0,3577.6,NORMAL,0,
1,2026-10-01T22:47:18Z,1.6847,0.3399,1.9192,30.0,1786.3,NORMAL,0,
2,2026-10-01T22:47:18Z,1.6711,0.3224,1.9152,30.0,1771.3,NORMAL,0,
3,2026-10-01T22:47:18Z,1.6082,-0.0802,1.932,30.0,1786.3,NORMAL,0,
4,2026-10-01T22:47:18Z,1.0288,0.2221,1.9935,30.0,1764.0,NORMAL,0,
5,2026-10-01T22:47:18Z,1.3921,-0.2349,1.8868,58.0,3535.0,NORMAL,0,
6,2026-10-01T22:47:18Z,1.0959,0.157,1.9012,58.0,3522.6,NORMAL,0,
1,2026-10-01T22:48:18Z,1.5484,0.2804,1.9479,30.0,1789.6,NORMAL,0,
2,2026-10-01T22:48:18Z,1.6723,-0.0113,1.9141,30.0,1773.2,NORMAL,0,
3,2026-10-01T22:48:18Z,1.5902,-0.0149,1.993,30.0,1775.2,NORMAL,0,
4,2026-10-01T22:48:18Z,1.0162,0.2725,1.9068,30.0,1779.8,NORMAL,0,
5,2026-10-01T22:48:18Z,1.4287,-0.2692,1.8772,60.0,3558.6,NORMAL,0,
6,2026-10-01T22:48:18Z,1.1127,0.3428,1.9286,60.0,3543.6,NORMAL,0,
1,2026-10-01T22:49:18Z,1.6115,-0.2504,1.9046,30.0,1783.9,NORMAL,0,
2,2026-10-01T22:49:18Z,1.7042,0.1735,1.9017,30.0,1786.9,NORMAL,0,
3,2026-10-01T22:49:18Z,1.5612,0.1814,1.9827,30.0,1775.2,NORMAL,0,
4,2026-10-01T22:49:18Z,1.0356,0.288,1.9211,30.0,1783.0,NORMAL,0,
5,2026-10-01T22:49:18Z,1.3913,0.2704,1.9231,60.0,3571.9,NORMAL,0,
6,2026-10-01T22:49:18Z,1.0461,0.0754,1.9686,60.0,3551.6,NORMAL,0,
1,2026-10-01T22:50:18Z,1.4744,0.2242,2.0087,30.0,1773.2,NORMAL,0,
2,2026-10-01T22:50:18Z,1.7121,0.2675,1.9614,30.0,1782.6,NORMAL,0,
3,2026-10-01T22:50:18Z,1.5745,0.3085,1.9394,30.0,1775.3,NORMAL,0,
4,2026-10-01T22:50:18Z,0.9729,0.3761,2.0026,30.0,1775.8,NORMAL,0,
5,2026-10-01T22:50:18Z,1.3387,0.0427,1.9775,60.0,3573.7,NORMAL,0,
6,2026-10-01T22:50:18Z,1.1365,0.3217,1.8876,58.0,3537.9,NORMAL,0,
1,2026-10-01T22:51:18Z,1.5613,-0.1537,1.9079,30.0,1780.5,NORMAL,0,
2,2026-10-01T22:51:18Z,1.7554,0.0852,1.8969,30.0,1778.6,NORMAL,0,
3,2026-10-01T22:51:18Z,1.7233,0.1868,1.8946,30.0,1777.6,NORMAL,0,
4,2026-10-01T22:51:18Z,0.9902,0.0247,1.9375,30.0,1775.5,NORMAL,0,
5,2026-10-01T22:51:18Z,1.3513,0.3012,2.0212,60.0,3591.9,NORMAL,0,
6,2026-10-01T22:51:18Z,1.1011,0.2566,1.9323,60.0,3562.7,NORMAL,0,
1,2026-10-01T22:52:18Z,1.5875,0.2946,1.9134,30.0,1776.1,NORMAL,0,
2,2026-10-01T22:52:18Z,1.6072,0.21,2.0138,30.0,1774.9,NORMAL,0,
3,2026-10-01T22:52:18Z,1.5906,0.2252,1.9898,30.0,1789.5,NORMAL,0,
4,2026-10-01T22:52:18Z,0.9742,-0.2695,1.9405,30.0,1785.1,NORMAL,0,
5,2026-10-01T22:52:18Z,1.392,0.1138,1.9107,60.0,3552.4,NORMAL,0,
6,2026-10-01T22:52:18Z,1.1082,0.2987,1.9351,60.0,3554.7,NORMAL,0,
1,2026-10-01T22:53:18Z,1.6584,0.2906,1.8492,30.0,1785.3,NORMAL,0,
2,2026-10-01T22:53:18Z,1.6577,-0.107,1.8709,30.0,1786.7,NORMAL,0,
3,2026-10-01T22:53:18Z,1.5452,0.3517,1.9574,30.0,1782.1,NORMAL,0,
4,2026-10-01T22:53:18Z,1.0273,0.3149,1.9591,30.0,1775.1,NORMAL,0,
5,2026-10-01T22:53:18Z,1.3367,0.0436,1.9066,60.0,3586.5,NORMAL,0,
6,2026-10-01T22:53:18Z,1.0992,0.11,1.9243,60.0,3571.7,NORMAL,0,
1,2026-10-01T22:54:18Z,1.5716,-0.193,1.9447,30.0,1778.6,NORMAL,0,
2,2026-10-01T22:54:18Z,1.6724,-0.247,1.9655,30.0,1781.0,NORMAL,0,
3,2026-10-01T22:54:18Z,1.6155,0.0902,1.9528,30.0,1791.0,NORMAL,0,
4,2026-10-01T22:54:18Z,1.0793,0.0525,1.8731,30.0,1794.9,NORMAL,0,
5,2026-10-01T22:54:18Z,1.4459,0.2517,1.8919,60.0,3548.4,NORMAL,0,
6,2026-10-01T22:54:18Z,1.078,0.1035,1.9163,60.0,3560.2,NORMAL,0,
1,2026-10-01T22:55:18Z,1.6037,0.2921,1.9677,30.0,1781.9,NORMAL,0,
2,2026-10-01T22:55:18Z,1.7002,0.2682,1.9253,30.0,1776.9,NORMAL,0,
3,2026-10-01T22:55:18Z,1.6253,-0.3357,1.9114,30.0,1781.4,NORMAL,0,
4,2026-10-01T22:55:18Z,1.071,0.047,1.8959,30.0,1789.1,NORMAL,0,
5,2026-10-01T22:55:18Z,1.3844,0.2844,1.8595,60.0,3550.3,NORMAL,0,
6,2026-10-01T22:55:18Z,1.0879,-0.1269,1.8742,60.0,3566.8,NORMAL,0,
1,2026-10-01T22:56:18Z,1.5124,0.0509,1.9699,30.0,1781.8,NORMAL,0,
2,2026-10-01T22:56:18Z,1.6715,0.0262,1.9209,30.0,1782.5,NORMAL,0,
3,2026-10-01T22:56:18Z,1.5075,0.0726,1.9402,30.0,1778.0,NORMAL,0,
4,2026-10-01T22:56:18Z,1.0234,0.0785,1.9128,30.0,1781.8,NORMAL,0,
5,2026-10-01T22:56:18Z,1.3843,0.2748,1.9612,60.0,3567.8,NORMAL,0,
6,2026-10-01T22:56:18Z,1.0648,0.2903,2.026,60.0,3573.9,NORMAL,0,
1,2026-10-01T22:57:18Z,1.5071,0.2818,1.9863,30.0,1790.7,NORMAL,0,
2,2026-10-01T22:57:18Z,1.6709,-0.2463,1.899,30.0,1789.9,NORMAL,0,
3,2026-10-01T22:57:18Z,1.6716,-0.2606,1.8963,30.0,1777.6,NORMAL,0,
4,2026-10-01T22:57:18Z,1.0132,0.3681,1.9601,30.0,1786.1,NORMAL,0,
5,2026-10-01T22:57:18Z,1.4139,0.3307,1.9863,58.0,3536.8,NORMAL,0,
6,2026-10-01T22:57:18Z,1.0943,0.2134,1.9457,60.0,3571.6,NORMAL,0,
1,2026-10-01T22:58:18Z,1.5234,0.092,1.9878,30.0,1776.9,NORMAL,0,
2,2026-10-01T22:58:18Z,1.7238,0.3021,1.9024,30.0,1780.4,NORMAL,0,
3,2026-10-01T22:58:18Z,1.548,0.2976,1.9424,30.0,1790.0,NORMAL,0,
4,2026-10-01T22:58:18Z,1.0491,0.309,1.9467,30.0,1779.0,NORMAL,0,
5,2026-10-01T22:58:18Z,1.3597,-0.1637,1.9476,58.0,3533.0,NORMAL,0,
6,2026-10-01T22:58:18Z,1.0946,0.1089,1.8747,58.0,3533.4,NORMAL,0,
1,2026-10-01T22:59:18Z,1.5779,0.3142,1.9563,30.0,1785.1,NORMAL,0,
2,2026-10-01T22:59:18Z,1.7445,0.1795,1.9369,30.0,1771.5,NORMAL,0,
3,2026-10-01T22:59:18Z,1.5863,0.3149,2.0062,30.0,1788.4,NORMAL,0,
4,2026-10-01T22:59:18Z,1.0466,0.2773,1.9786,30.0,1788.8,NORMAL,0,
5,2026-10-01T22:59:18Z,1.3844,0.0881,1.9437,60.0,3581.5,NORMAL,0,
6,2026-10-01T22:59:18Z,1.0973,0.2501,1.8765,58.0,3524.5,NORMAL,0,
1,2026-10-01T23:00:18Z,1.8933,0.2908,3.195,30.0,1766.0,NORMAL,1,FALHA_ROLAMENTO
2,2026-10-01T23:00:18Z,1.7066,-0.0286,1.9396,30.0,1779.1,NORMAL,0,
3,2026-10-01T23:00:18Z,1.6037,0.0499,1.9668,30.0,1784.9,NORMAL,0,
4,2026-10-01T23:00:18Z,0.9945,0.0001,1.9531,30.0,1784.6,NORMAL,0,
5,2026-10-01T23:00:18Z,1.4251,0.1401,1.9265,60.0,3565.6,NORMAL,0,
6,2026-10-01T23:00:18Z,1.0862,-0.0532,1.865,60.0,3567.8,NORMAL,0,
1,2026-10-01T23:01:18Z,1.956,0.628,3.6675,30.0,1789.0,NORMAL,1,FALHA_ROLAMENTO
2,2026-10-01T23:01:18Z,1.6594,0.1274,1.9647,30.0,1785.6,NORMAL,0,
3,2026-10-01T23:01:18Z,1.5646,0.2052,1.8955,30.0,1776.8,NORMAL,0,
4,2026-10-01T23:01:18Z,1.0136,-0.296,1.9338,30.0,1764.4,NORMAL,0,
5,2026-10-01T23:01:18Z,1.4041,0.1607,1.8885,60.0,3567.3,NORMAL,0,
6,2026-10-01T23:01:18Z,1.0753,-0.3436,1.9592,60.0,3551.1,NORMAL,0,
1,2026-10-01T23:02:18Z,2.0099,0.3554,3.9856,30.0,1789.0,NORMAL,1,FALHA_ROLAMENTO
2,2026-10-01T23:02:18Z,1.7581,-0.1056,1.9768,30.0,1786.7,NORMAL,0,
3,2026-10-01T23:02:18Z,1.6628,0.0665,1.8715,30.0,1783.6,NORMAL,0,
4,2026-10-01T23:02:18Z,1.0808,0.0716,1.8977,30.0,1777.3,NORMAL,0,
5,2026-10-01T23:02:18Z,1.3503,0.0724,1.9349,60.0,3563.6,NORMAL,0,
6,2026-10-01T23:02:18Z,1.1306,-0.0441,1.9623,60.0,3542.5,NORMAL,0,
1,2026-10-01T23:03:18Z,2.1038,0.4488,4.217,30.0,1773.4,ATENCAO,1,FALHA_ROLAMENTO
2,2026-10-01T23:03:18Z,1.7123,0.2864,1.8981,30.0,1788.7,NORMAL,0,
3,2026-10-01T23:03:18Z,1.6155,0.1985,1.9838,30.0,1778.3,NORMAL,0,
4,2026-10-01T23:03:18Z,1.017,0.2619,2.0287,30.0,1788.9,NORMAL,0,
5,2026-10-01T23:03:18Z,1.3928,-0.1658,1.876,60.0,3557.0,NORMAL,0,
6,2026-10-01T23:03:18Z,1.1009,-0.0606,1.8625,60.0,3558.4,NORMAL,0,
1,2026-10-01T23:04:18Z,2.1433,0.6197,4.4435,30.0,1791.0,ATENCAO,1,FALHA_ROLAMENTO
2,2026-10-01T23:04:18Z,1.634,-0.2264,1.9837,30.0,1774.8,NORMAL,0,
3,2026-10-01T23:04:18Z,1.6091,-0.1424,1.9692,30.0,1780.8,NORMAL,0,
4,2026-10-01T23:04:18Z,0.988,0.018,1.9246,30.0,1789.7,NORMAL,0,
5,2026-10-01T23:04:18Z,1.3804,0.0836,1.9685,60.0,3568.8,NORMAL,0,
6,2026-10-01T23:04:18Z,1.1138,0.3225,1.9223,60.0,3566.6,NORMAL,0,
1,2026-10-01T23:05:18Z,2.2723,0.5282,4.6295,30.0,1783.1,ATENCAO,1,FALHA_ROLAMENTO
2,2026-10-01T23:05:18Z,1.6525,0.2657,1.9036,30.0,1783.4,NORMAL,0,
3,2026-10-01T23:05:18Z,1.5501,-0.1213,2.055,30.0,1780.4,NORMAL,0,
4,2026-10-01T23:05:18Z,1.023,0.327,1.9218,30.0,1788.7,NORMAL,0,
5,2026-10-01T23:05:18Z,1.3826,0.2939,1.965,60.0,3551.3,NORMAL,0,
6,2026-10-01T23:05:18Z,1.0573,0.3009,1.9519,60.0,3555.6,NORMAL,0,
1,2026-10-01T23:06:18Z,2.3873,0.8665,4.7918,30.0,1779.0,ATENCAO,1,FALHA_ROLAMENTO
2,2026-10-01T23:06:18Z,1.7796,0.3285,1.914,30.0,1778.0,NORMAL,0,
3,2026-10-01T23:06:18Z,1.6064,0.1233,1.9504,30.0,1769.8,NORMAL,0,
4,2026-10-01T23:06:18Z,1.0622,0.0281,1.8646,30.0,1787.9,NORMAL,0,
5,2026-10-01T23:06:18Z,1.4272,0.1735,1.9007,60.0,3559.3,NORMAL,0,
6,2026-10-01T23:06:18Z,1.1283,-0.1898,1.9213,60.0,3546.1,NORMAL,0,
1,2026-10-01T23:07:18Z,2.482,0.6873,4.8669,30.0,1771.3,ATENCAO,1,FALHA_ROLAMENTO
2,2026-10-01T23:07:18Z,1.6644,-0.2389,1.9263,30.0,1781.0,NORMAL,0,
3,2026-10-01T23:07:18Z,1.6136,0.2013,1.9504,30.0,1785.4,NORMAL,0,
4,2026-10-01T23:07:18Z,0.9792,0.323,1.9743,30.0,1789.2,NORMAL,0,
5,2026-10-01T23:07:18Z,1.4342,0.2267,1.8847,60.0,3560.1,NORMAL,0,
6,2026-10-01T23:07:18Z,1.0841,-0.1785,1.936,58.0,3538.7,NORMAL,0,
1,2026-10-01T23:08:18Z,2.4726,0.8888,5.6662,30.0,1778.2,ATENCAO,1,FALHA_ROLAMENTO
2,2026-10-01T23:08:18Z,1.7183,-0.2417,1.9277,30.0,1787.9,NORMAL,0,
3,2026-10-01T23:08:18Z,1.6055,0.1996,1.9196,30.0,1776.6,NORMAL,0,
4,2026-10-01T23:08:18Z,1.0263,0.3182,1.9164,30.0,1768.1,NORMAL,0,
5,2026-10-01T23:08:18Z,1.4253,-0.0103,1.9413,60.0,3544.7,NORMAL,0,
6,2026-10-01T23:08:18Z,1.1287,0.351,1.942,60.0,3582.0,NORMAL,0,
1,2026-10-01T23:09:18Z,2.6032,0.8669,5.4898,30.0,1777.6,ATENCAO,1,FALHA_ROLAMENTO
2,2026-10-01T23:09:18Z,1.6132,-0.1616,1.9038,30.0,1783.5,NORMAL,0,
3,2026-10-01T23:09:18Z,1.5734,0.2319,1.9243,30.0,1768.0,NORMAL,0,
4,2026-10-01T23:09:18Z,0.99,0.1918,1.903,30.0,1791.0,NORMAL,0,
5,2026-10-01T23:09:18Z,1.35,0.1692,1.9132,60.0,3568.2,NORMAL,0,
6,2026-10-01T23:09:18Z,1.1341,0.332,1.9089,60.0,3551.0,NORMAL,0,
1,2026-10-01T23:10:18Z,2.6263,0.906,6.0258,30.0,1771.0,ATENCAO,1,FALHA_ROLAMENTO
2,2026-10-01T23:10:18Z,1.7182,0.3009,1.9314,30.0,1774.1,NORMAL,0,
3,2026-10-01T23:10:18Z,1.6399,-0.2889,1.9131,30.0,1778.0,NORMAL,0,
4,2026-10-01T23:10:18Z,1.1134,0.336,1.8487,30.0,1784.6,NORMAL,0,
5,2026-10-01T23:10:18Z,1.4485,0.1825,1.8473,60.0,3557.6,NORMAL,0,
6,2026-10-01T23:10:18Z,1.1039,-0.3421,1.9619,60.0,3556.6,NORMAL,0,
1,2026-10-01T23:11:18Z,2.698,1.0163,6.138,30.0,1783.0,ATENCAO,1,FALHA_ROLAMENTO
2,2026-10-01T23:11:18Z,1.6929,0.2946,1.9355,30.0,1781.7,NORMAL,0,
3,2026-10-01T23:11:18Z,1.5741,0.1853,1.9176,30.0,1781.3,NORMAL,0,
4,2026-10-01T23:11:18Z,1.0291,0.0039,1.9728,30.0,1781.9,NORMAL,0,
5,2026-10-01T23:11:18Z,1.4382,0.2997,2.001,60.0,3588.8,NORMAL,0,
6,2026-10-01T23:11:18Z,1.0944,-0.102,1.9676,58.0,3538.0,NORMAL,0,
1,2026-10-01T23:12:18Z,2.8244,1.0108,6.3843,30.0,1771.0,ATENCAO,1,FALHA_ROLAMENTO
2,2026-10-01T23:12:18Z,1.7275,0.0111,1.9508,30.0,1781.5,NORMAL,0,
3,2026-10-01T23:12:18Z,1.5931,0.0985,1.9198,30.0,1770.9,NORMAL,0,
4,2026-10-01T23:12:18Z,1.0883,0.2218,1.9121,30.0,1771.4,NORMAL,0,
5,2026-10-01T23:12:18Z,1.4544,-0.187,1.8976,60.0,3546.7,NORMAL,0,
6,2026-10-01T23:12:18Z,1.077,-0.0293,1.9694,60.0,3573.4,NORMAL,0,
1,2026-10-01T23:13:18Z,2.9294,1.0476,6.4993,30.0,1784.9,ATENCAO,1,FALHA_ROLAMENTO
2,2026-10-01T23:13:18Z,1.6411,-0.1732,1.9156,30.0,1780.4,NORMAL,0,
3,2026-10-01T23:13:18Z,1.6267,0.1183,1.9219,30.0,1783.1,NORMAL,0,
4,2026-10-01T23:13:18Z,1.0447,0.34,1.9344,30.0,1782.3,NORMAL,0,
5,2026-10-01T23:13:18Z,1.4144,0.3429,1.9474,60.0,3569.7,NORMAL,0,
6,2026-10-01T23:13:18Z,1.1096,-0.3023,1.9432,60.0,3543.5,NORMAL,0,
1,2026-10-01T23:14:18Z,2.9565,1.2098,7.0556,30.0,1777.8,ATENCAO,1,FALHA_ROLAMENTO
2,2026-10-01T23:14:18Z,1.6884,0.2638,1.8835,30.0,1777.8,NORMAL,0,
3,2026-10-01T23:14:18Z,1.6256,0.0694,1.8764,30.0,1777.4,NORMAL,0,
4,2026-10-01T23:14:18Z,1.0495,0.0885,1.9056,30.0,1780.6,NORMAL,0,
5,2026-10-01T23:14:18Z,1.3413,0.2282,1.9924,60.0,3567.6,NORMAL,0,
6,2026-10-01T23:14:18Z,1.0586,0.318,1.8711,60.0,3562.4,NORMAL,0,
1,2026-10-01T23:15:18Z,3.0422,1.1737,6.9592,30.0,1784.0,ATENCAO,1,FALHA_ROLAMENTO
2,2026-10-01T23:15:18Z,1.703,0.2522,1.9382,30.0,1775.1,NORMAL,0,
3,2026-10-01T23:15:18Z,1.61,0.3639,2.0186,30.0,1786.1,NORMAL,0,
4,2026-10-01T23:15:18Z,1.0988,0.0718,1.8762,30.0,1776.4,NORMAL,0,
5,2026-10-01T23:15:18Z,1.4571,-0.0959,1.9037,60.0,3562.3,NORMAL,0,
6,2026-10-01T23:15:18Z,1.0619,0.0535,1.9514,60.0,3588.2,NORMAL,0,
1,2026-10-01T23:16:18Z,3.1728,1.2656,7.2295,30.0,1779.9,ATENCAO,1,FALHA_ROLAMENTO
2,2026-10-01T23:16:18Z,1.6321,0.1464,1.9488,30.0,1776.2,NORMAL,0,
3,2026-10-01T23:16:18Z,1.601,0.1533,1.8995,30.0,1788.5,NORMAL,0,
4,2026-10-01T23:16:18Z,1.0514,0.2904,1.937,30.0,1780.4,NORMAL,0,
5,2026-10-01T23:16:18Z,1.4843,0.3105,1.914,60.0,3584.5,NORMAL,0,
6,2026-10-01T23:16:18Z,1.081,0.2351,1.9355,60.0,3547.5,NORMAL,0,
1,2026-10-01T23:17:18Z,1.6335,0.0629,1.867,30.0,1774.4,NORMAL,0,
2,2026-10-01T23:17:18Z,1.6984,0.167,1.9149,30.0,1776.6,NORMAL,0,
3,2026-10-01T23:17:18Z,1.641,0.2931,1.8615,30.0,1779.7,NORMAL,0,
4,2026-10-01T23:17:18Z,0.9518,-0.0907,1.9799,30.0,1782.8,NORMAL,0,
5,2026-10-01T23:17:18Z,1.4512,-0.313,1.9065,58.0,3535.7,NORMAL,0,
6,2026-10-01T23:17:18Z,1.0956,0.1187,1.9295,60.0,3552.2,NORMAL,0,
1,2026-10-01T23:18:18Z,1.5613,-0.3114,1.9624,30.0,1775.6,NORMAL,0,
2,2026-10-01T23:18:18Z,1.7806,0.1332,1.9032,30.0,1781.9,NORMAL,0,
3,2026-10-01T23:18:18Z,1.6016,0.3393,1.9981,30.0,1792.7,NORMAL,0,
4,2026-10-01T23:18:18Z,1.0667,0.2628,1.9727,30.0,1779.2,NORMAL,0,
5,2026-10-01T23:18:18Z,1.4275,-0.2829,1.9496,60.0,3593.9,NORMAL,0,
6,2026-10-01T23:18:18Z,1.132,0.1302,1.9652,60.0,3553.9,NORMAL,0,
1,2026-10-01T23:19:18Z,1.5297,0.3461,1.9651,30.0,1771.5,NORMAL,0,
2,2026-10-01T23:19:18Z,1.6825,0.1253,1.9301,30.0,1785.2,NORMAL,0,
3,2026-10-01T23:19:18Z,1.6024,-0.2399,1.9324,30.0,1774.8,NORMAL,0,
4,2026-10-01T23:19:18Z,1.0123,0.2926,1.8995,30.0,1789.9,NORMAL,0,
5,2026-10-01T23:19:18Z,1.3771,0.2011,1.915,60.0,3569.0,NORMAL,0,
6,2026-10-01T23:19:18Z,1.1485,0.2069,1.9206,60.0,3553.2,NORMAL,0,
1,2026-10-01T23:20:18Z,1.6175,-0.0936,1.9202,30.0,1779.7,NORMAL,0,
2,2026-10-01T23:20:18Z,1.7944,-0.2793,1.9063,30.0,1779.9,NORMAL,0,
3,2026-10-01T23:20:18Z,1.5828,0.3176,1.9537,30.0,1781.5,NORMAL,0,
4,2026-10-01T23:20:18Z,0.9924,-0.0874,1.9453,30.0,1787.1,NORMAL,0,
5,2026-10-01T23:20:18Z,1.3851,0.0401,1.9677,60.0,3567.9,NORMAL,0,
6,2026-10-01T23:20:18Z,1.1002,0.1618,1.9252,60.0,3561.1,NORMAL,0,
1,2026-10-01T23:21:18Z,1.5461,0.0387,1.9125,30.0,1781.4,NORMAL,0,
2,2026-10-01T23:21:18Z,1.6388,-0.1856,1.9893,30.0,1775.4,NORMAL,0,
3,2026-10-01T23:21:18Z,1.5283,-0.3405,1.9991,30.0,1784.9,NORMAL,0,
4,2026-10-01T23:21:18Z,1.0343,0.1487,1.9068,30.0,1786.3,NORMAL,0,
5,2026-10-01T23:21:18Z,1.3248,0.2703,1.8927,58.0,3528.1,NORMAL,0,
6,2026-10-01T23:21:18Z,1.0836,-0.2669,1.93,60.0,3565.7,NORMAL,0,
1,2026-10-01T23:22:18Z,1.6076,-0.315,1.9319,30.0,1786.0,NORMAL,0,
2,2026-10-01T23:22:18Z,1.697,0.2008,1.9802,30.0,1783.2,NORMAL,0,
3,2026-10-01T23:22:18Z,1.5425,0.2414,1.8575,30.0,1773.7,NORMAL,0,
4,2026-10-01T23:22:18Z,1.0306,-0.1109,1.8803,30.0,1771.1,NORMAL,0,
5,2026-10-01T23:22:18Z,1.4515,-0.1158,1.9467,60.0,3576.3,NORMAL,0,
6,2026-10-01T23:22:18Z,1.0804,0.2879,1.9983,60.0,3558.2,NORMAL,0,
1,2026-10-01T23:23:18Z,1.6224,0.2827,1.8949,30.0,1777.2,NORMAL,0,
2,2026-10-01T23:23:18Z,1.7512,-0.2903,1.8899,30.0,1770.8,NORMAL,0,
3,2026-10-01T23:23:18Z,1.5956,0.1353,1.8901,30.0,1779.6,NORMAL,0,
4,2026-10-01T23:23:18Z,1.0515,0.0804,1.9264,30.0,1782.7,NORMAL,0,
5,2026-10-01T23:23:18Z,1.4416,0.1692,1.9248,60.0,3550.7,NORMAL,0,
6,2026-10-01T23:23:18Z,1.5631,0.2712,3.1769,60.0,3560.5,NORMAL,1,FALHA_ROLAMENTO
1,2026-10-01T23:24:18Z,1.5881,-0.1296,1.9761,30.0,1782.4,NORMAL,0,
2,2026-10-01T23:24:18Z,1.7994,-0.0036,1.8783,30.0,1762.8,NORMAL,0,
3,2026-10-01T23:24:18Z,1.5392,-0.2397,1.9264,30.0,1790.2,NORMAL,0,
4,2026-10-01T23:24:18Z,1.0683,0.1828,1.9451,30.0,1786.2,NORMAL,0,
5,2026-10-01T23:24:18Z,1.3812,-0.1142,1.9203,60.0,3558.4,NORMAL,0,
6,2026-10-01T23:24:18Z,1.6948,0.488,3.2297,60.0,3582.0,NORMAL,1,FALHA_ROLAMENTO
1,2026-10-01T23:25:18Z,1.6507,0.2849,1.869,30.0,1771.3,NORMAL,0,
2,2026-10-01T23:25:18Z,1.6843,0.1071,1.868,30.0,1776.9,NORMAL,0,
3,2026-10-01T23:25:18Z,1.5951,0.145,1.9338,30.0,1776.4,NORMAL,0,
4,2026-10-01T23:25:18Z,1.0528,-0.2716,1.891,30.0,1784.9,NORMAL,0,
5,2026-10-01T23:25:18Z,1.3321,0.2365,1.9678,60.0,3548.7,NORMAL,0,
6,2026-10-01T23:25:18Z,1.7411,0.4325,3.5324,60.0,3562.9,NORMAL,1,FALHA_ROLAMENTO
1,2026-10-01T23:26:18Z,1.512,0.1632,1.9179,30.0,1786.9,NORMAL,0,
2,2026-10-01T23:26:18Z,1.7814,0.34,1.9265,30.0,1770.7,NORMAL,0,
3,2026-10-01T23:26:18Z,1.5435,0.0561,1.987,30.0,1770.0,NORMAL,0,
4,2026-10-01T23:26:18Z,1.0117,0.2039,1.9065,30.0,1793.3,NORMAL,0,
5,2026-10-01T23:26:18Z,1.4437,-0.103,1.928,60.0,3574.0,NORMAL,0,
6,2026-10-01T23:26:18Z,1.8859,0.6185,3.6425,910.0,3558.6,NORMAL,1,FALHA_ROLAMENTO
1,2026-10-01T23:27:18Z,1.6454,0.188,1.9155,30.0,1778.7,NORMAL,0,
2,2026-10-01T23:27:18Z,1.7412,0.28,1.888,30.0,1778.0,NORMAL,0,
3,2026-10-01T23:27:18Z,1.5434,0.1036,1.9377,30.0,1782.5,NORMAL,0,
4,2026-10-01T23:27:18Z,1.05,-0.2911,1.8701,30.0,1796.0,NORMAL,0,
5,2026-10-01T23:27:18Z,1.447,0.0102,1.9628,60.0,3561.9,NORMAL,0,
6,2026-10-01T23:27:18Z,2.0247,0.615,3.6563,910.0,3528.9,NORMAL,1,FALHA_ROLAMENTO
1,2026-10-01T23:28:18Z,1.5924,-0.2571,1.8324,30.0,1781.3,NORMAL,0,
2,2026-10-01T23:28:18Z,1.7099,0.3179,1.9782,30.0,1773.8,NORMAL,0,
3,2026-10-01T23:28:18Z,1.6195,0.0773,1.9722,30.0,1776.5,NORMAL,0,
4,2026-10-01T23:28:18Z,0.9817,-0.0489,1.9221,30.0,1777.5,NORMAL,0,
5,2026-10-01T23:28:18Z,1.3776,-0.0388,1.9154,60.0,3559.4,NORMAL,0,
6,2026-10-01T23:28:18Z,2.1108,0.7332,3.9174,910.0,3541.9,NORMAL,1,FALHA_ROLAMENTO
1,2026-10-01T23:29:18Z,1.5551,0.2915,1.9962,30.0,1775.6,NORMAL,0,
2,2026-10-01T23:29:18Z,1.6968,-0.0065,1.9158,30.0,1787.6,NORMAL,0,
3,2026-10-01T23:29:18Z,1.6384,0.0057,1.9553,30.0,1775.8,NORMAL,0,
4,2026-10-01T23:29:18Z,1.0663,0.2311,1.9096,30.0,1782.7,NORMAL,0,
5,2026-10-01T23:29:18Z,1.4502,0.0916,1.9145,60.0,3550.2,NORMAL,0,
6,2026-10-01T23:29:18Z,2.2245,0.7376,3.9783,910.0,3544.8,NORMAL,1,FALHA_ROLAMENTO
1,2026-10-01T23:30:18Z,1.5797,0.0259,1.9673,30.0,1772.8,NORMAL,0,
2,2026-10-01T23:30:18Z,1.7478,0.0643,1.958,30.0,1781.2,NORMAL,0,
3,2026-10-01T23:30:18Z,1.5516,0.3702,1.9988,30.0,1772.0,NORMAL,0,
4,2026-10-01T23:30:18Z,1.0206,0.119,1.9403,30.0,1781.2,NORMAL,0,
5,2026-10-01T23:30:18Z,1.4187,0.0077,1.933,60.0,3561.6,NORMAL,0,
6,2026-10-01T23:30:18Z,2.3265,0.6834,3.9916,910.0,3548.8,NORMAL,1,FALHA_ROLAMENTO
1,2026-10-01T23:31:18Z,1.6342,-0.3383,1.9057,30.0,1772.6,NORMAL,0,
2,2026-10-01T23:31:18Z,1.6674,0.2552,1.8898,30.0,1772.8,NORMAL,0,
3,2026-10-01T23:31:18Z,1.6272,0.3198,1.9266,30.0,1769.4,NORMAL,0,
4,2026-10-01T23:31:18Z,1.0329,-0.2546,1.8773,30.0,1775.0,NORMAL,0,
5,2026-10-01T23:31:18Z,1.4499,0.0271,1.9299,60.0,3564.3,NORMAL,0,
6,2026-10-01T23:31:18Z,2.4565,0.7965,4.1877,910.0,3569.7,ATENCAO,1,FALHA_ROLAMENTO
1,2026-10-01T23:32:18Z,1.5993,0.2483,1.9396,30.0,1797.4,NORMAL,0,
2,2026-10-01T23:32:18Z,1.7087,-0.0678,1.9482,30.0,1773.8,NORMAL,0,
3,2026-10-01T23:32:18Z,1.6519,-0.3141,1.899,30.0,1782.2,NORMAL,0,
4,2026-10-01T23:32:18Z,1.0324,0.1204,1.9513,30.0,1788.5,NORMAL,0,
5,2026-10-01T23:32:18Z,1.3474,-0.1595,1.8822,60.0,3565.5,NORMAL,0,
6,2026-10-01T23:32:18Z,2.5925,0.7765,4.0924,910.0,3576.3,ATENCAO,1,FALHA_ROLAMENTO
1,2026-10-01T23:33:18Z,1.6296,0.2647,1.9911,30.0,1776.8,NORMAL,0,
2,2026-10-01T23:33:18Z,1.6877,0.2753,1.9059,30.0,1779.0,NORMAL,0,
3,2026-10-01T23:33:18Z,1.535,0.2793,1.9239,30.0,1790.2,NORMAL,0,
4,2026-10-01T23:33:18Z,1.0229,0.1005,1.9018,30.0,1763.3,NORMAL,0,
5,2026-10-01T23:33:18Z,1.3002,0.261,2.0215,60.0,3546.9,NORMAL,0,
6,2026-10-01T23:33:18Z,2.7331,0.8322,4.1865,910.0,3548.3,ATENCAO,1,FALHA_ROLAMENTO
1,2026-10-01T23:34:18Z,1.6275,0.0138,1.867,30.0,1782.7,NORMAL,0,
2,2026-10-01T23:34:18Z,1.7273,0.2131,2.0307,30.0,1787.1,NORMAL,0,
3,2026-10-01T23:34:18Z,1.6323,0.3781,1.9624,30.0,1777.6,NORMAL,0,
4,2026-10-01T23:34:18Z,1.0284,0.3384,1.9376,30.0,1783.9,NORMAL,0,
5,2026-10-01T23:34:18Z,1.3924,0.3618,2.0232,60.0,3578.0,NORMAL,0,
6,2026-10-01T23:34:18Z,2.8362,0.8022,4.1617,910.0,3562.4,ATENCAO,1,FALHA_ROLAMENTO
1,2026-10-01T23:35:18Z,1.5368,0.1365,1.9366,30.0,1778.9,NORMAL,0,
2,2026-10-01T23:35:18Z,1.6807,0.1874,1.9463,30.0,1772.9,NORMAL,0,
3,2026-10-01T23:35:18Z,1.5576,0.0168,1.8857,30.0,1781.7,NORMAL,0,
4,2026-10-01T23:35:18Z,1.0575,-0.0039,1.9171,30.0,1766.0,NORMAL,0,
5,2026-10-01T23:35:18Z,1.345,0.3123,1.9888,60.0,3575.5,NORMAL,0,
6,2026-10-01T23:35:18Z,2.9768,0.8203,4.272,910.0,3573.7,ATENCAO,1,FALHA_ROLAMENTO
1,2026-10-01T23:36:18Z,3.4039,0.1347,1.5816,30.0,1778.8,NORMAL,1,DESBALANCEAMENTO
2,2026-10-01T23:36:18Z,1.7162,-0.175,1.9352,30.0,1780.7,NORMAL,0,
3,2026-10-01T23:36:18Z,1.5825,0.1659,1.9233,30.0,1781.5,NORMAL,0,
4,2026-10-01T23:36:18Z,1.026,0.3217,1.9339,30.0,1783.5,NORMAL,0,
5,2026-10-01T23:36:18Z,1.3803,0.1465,1.965,60.0,3591.8,NORMAL,0,
6,2026-10-01T23:36:18Z,1.0884,0.2396,1.9331,60.0,3564.0,NORMAL,0,
1,2026-10-01T23:37:18Z,3.9591,-0.1289,1.5677,30.0,1779.8,NORMAL,1,DESBALANCEAMENTO
2,2026-10-01T23:37:18Z,1.7416,0.182,1.9386,30.0,1789.0,NORMAL,0,
3,2026-10-01T23:37:18Z,1.5913,0.2681,1.917,30.0,1773.2,NORMAL,0,
4,2026-10-01T23:37:18Z,1.0154,0.1399,1.946,30.0,1783.3,NORMAL,0,
5,2026-10-01T23:37:18Z,1.4056,0.285,1.9767,60.0,3569.9,NORMAL,0,
6,2026-10-01T23:37:18Z,1.0835,0.3137,1.872,60.0,3547.2,NORMAL,0,
1,2026-10-01T23:38:18Z,4.2282,0.0827,1.5574,30.0,1772.5,NORMAL,1,DESBALANCEAMENTO
2,2026-10-01T23:38:18Z,1.7089,0.1316,1.9379,30.0,1777.5,NORMAL,0,
3,2026-10-01T23:38:18Z,1.6456,-0.3091,1.9081,30.0,1788.2,NORMAL,0,
4,2026-10-01T23:38:18Z,1.0443,0.2837,1.904,30.0,1789.5,NORMAL,0,
5,2026-10-01T23:38:18Z,1.4239,0.1686,1.9278,60.0,3567.7,NORMAL,0,
6,2026-10-01T23:38:18Z,1.0866,0.3151,1.9287,60.0,3550.7,NORMAL,0,
1,2026-10-01T23:39:18Z,4.6099,-0.0742,1.5565,30.0,1766.9,ATENCAO,1,DESBALANCEAMENTO
2,2026-10-01T23:39:18Z,1.6737,0.2435,2.0414,30.0,1779.0,NORMAL,0,
3,2026-10-01T23:39:18Z,2.2174,-0.3591,92.7578,30.0,1780.4,CRITICO,1,PICO_ISOLADO
4,2026-10-01T23:39:18Z,1.0385,0.3383,1.9639,30.0,1761.0,NORMAL,0,
5,2026-10-01T23:39:18Z,1.3595,-0.0246,2.0246,60.0,3572.3,NORMAL,0,
6,2026-10-01T23:39:18Z,1.0872,-0.012,1.949,60.0,3548.3,NORMAL,0,
1,2026-10-01T23:40:18Z,4.7953,-0.0091,1.5586,30.0,1781.2,ATENCAO,1,DESBALANCEAMENTO
2,2026-10-01T23:40:18Z,1.6564,-0.1014,1.9207,30.0,1772.1,NORMAL,0,
3,2026-10-01T23:40:18Z,1.5853,0.0872,1.9535,30.0,1783.3,NORMAL,0,
4,2026-10-01T23:40:18Z,1.0158,0.1932,2.0327,30.0,1778.4,NORMAL,0,
5,2026-10-01T23:40:18Z,1.3997,0.3006,1.9557,60.0,3595.9,NORMAL,0,
6,2026-10-01T23:40:18Z,1.0502,0.2677,1.9576,60.0,3572.0,NORMAL,0,
1,2026-10-01T23:41:18Z,5.5936,-0.0931,1.5328,30.0,1782.5,ATENCAO,1,DESBALANCEAMENTO
2,2026-10-01T23:41:18Z,1.7308,-0.2096,1.9303,30.0,1764.1,NORMAL,0,
3,2026-10-01T23:41:18Z,1.6346,0.3494,1.9584,30.0,1781.6,NORMAL,0,
4,2026-10-01T23:41:18Z,1.0357,-0.2632,1.892,30.0,1788.4,NORMAL,0,
5,2026-10-01T23:41:18Z,1.449,-0.073,1.9367,60.0,3573.1,NORMAL,0,
6,2026-10-01T23:41:18Z,1.1355,0.0282,1.888,60.0,3552.5,NORMAL,0,
1,2026-10-01T23:42:18Z,5.7065,-0.0936,1.5235,30.0,1786.8,ATENCAO,1,DESBALANCEAMENTO
2,2026-10-01T23:42:18Z,1.7129,0.2956,1.8538,30.0,1784.9,NORMAL,0,
3,2026-10-01T23:42:18Z,1.5544,0.2977,1.9812,30.0,1778.1,NORMAL,0,
4,2026-10-01T23:42:18Z,1.031,0.0204,2.0175,30.0,1776.4,NORMAL,0,
5,2026-10-01T23:42:18Z,1.5076,-0.133,1.9077,60.0,3573.1,NORMAL,0,
6,2026-10-01T23:42:18Z,1.0508,0.2848,1.9152,60.0,3561.7,NORMAL,0,
1,2026-10-01T23:43:18Z,6.5349,0.0083,1.5253,30.0,1774.2,ATENCAO,1,DESBALANCEAMENTO
2,2026-10-01T23:43:18Z,1.6888,-0.2472,1.9301,30.0,1780.7,NORMAL,0,
3,2026-10-01T23:43:18Z,1.6569,0.3336,1.9153,30.0,1785.1,NORMAL,0,
4,2026-10-01T23:43:18Z,1.0645,-0.1663,1.9132,30.0,1782.9,NORMAL,0,
5,2026-10-01T23:43:18Z,1.4544,0.1438,1.9097,60.0,3563.6,NORMAL,0,
6,2026-10-01T23:43:18Z,1.0689,0.0604,1.9648,58.0,3535.2,NORMAL,0,
1,2026-10-01T23:44:18Z,6.3075,0.0027,1.527,30.0,1778.0,ATENCAO,1,DESBALANCEAMENTO
2,2026-10-01T23:44:18Z,1.6835,0.2133,1.8958,30.0,1780.4,NORMAL,0,
3,2026-10-01T23:44:18Z,1.5846,-0.2802,1.9587,30.0,1772.3,NORMAL,0,
4,2026-10-01T23:44:18Z,1.0784,0.1428,1.9661,30.0,1782.7,NORMAL,0,
5,2026-10-01T23:44:18Z,1.4298,0.3425,1.953,58.0,3533.4,NORMAL,0,
6,2026-10-01T23:44:18Z,1.0682,0.2878,1.9327,60.0,3572.4,NORMAL,0,
1,2026-10-01T23:45:18Z,1.5862,0.1819,1.9923,30.0,1792.0,NORMAL,0,
2,2026-10-01T23:45:18Z,1.7613,-0.2812,1.9092,30.0,1787.9,NORMAL,0,
3,2026-10-01T23:45:18Z,1.5966,-0.1546,1.9083,30.0,1784.2,NORMAL,0,
4,2026-10-01T23:45:18Z,1.0775,0.2349,1.9193,30.0,1774.6,NORMAL,0,
5,2026-10-01T23:45:18Z,1.3838,0.0129,1.918,60.0,3566.3,NORMAL,0,
6,2026-10-01T23:45:18Z,1.0186,0.2822,1.9707,58.0,3541.7,NORMAL,0,
1,2026-10-01T23:46:18Z,1.5873,0.2703,1.9467,30.0,1781.2,NORMAL,0,
2,2026-10-01T23:46:18Z,1.7208,0.302,1.9139,30.0,1788.2,NORMAL,0,
3,2026-10-01T23:46:18Z,1.5212,0.272,1.943,30.0,1782.9,NORMAL,0,
4,2026-10-01T23:46:18Z,1.0407,0.3057,1.9551,30.0,1773.0,NORMAL,0,
5,2026-10-01T23:46:18Z,1.4012,-0.2142,1.9299,60.0,3550.1,NORMAL,0,
6,2026-10-01T23:46:18Z,1.104,0.2161,1.9032,60.0,3554.2,NORMAL,0,
1,2026-10-01T23:47:18Z,1.5251,0.2446,1.9578,30.0,1789.8,NORMAL,0,
2,2026-10-01T23:47:18Z,1.6825,-0.2127,1.9866,30.0,1766.6,NORMAL,0,
3,2026-10-01T23:47:18Z,1.5504,0.1149,1.9691,30.0,1777.7,NORMAL,0,
4,2026-10-01T23:47:18Z,1.0606,-0.0423,1.9019,30.0,1770.4,NORMAL,0,
5,2026-10-01T23:47:18Z,1.3708,0.2292,1.9012,60.0,3574.7,NORMAL,0,
6,2026-10-01T23:47:18Z,1.0956,0.2159,1.8546,60.0,3579.9,NORMAL,0,
1,2026-10-01T23:48:18Z,1.5798,0.2828,1.9171,30.0,1777.0,NORMAL,0,
2,2026-10-01T23:48:18Z,1.6961,-0.2985,1.9272,30.0,1790.5,NORMAL,0,
3,2026-10-01T23:48:18Z,1.5952,-0.1143,1.8701,30.0,1774.0,NORMAL,0,
4,2026-10-01T23:48:18Z,1.0747,0.2458,1.8979,30.0,1778.5,NORMAL,0,
5,2026-10-01T23:48:18Z,1.3941,0.3511,1.9435,60.0,3563.5,NORMAL,0,
6,2026-10-01T23:48:18Z,1.1039,0.1376,1.9357,60.0,3557.0,NORMAL,0,
1,2026-10-01T23:49:18Z,1.5068,0.2383,1.9582,30.0,1781.1,NORMAL,0,
2,2026-10-01T23:49:18Z,1.7042,0.2365,1.848,30.0,1786.6,NORMAL,0,
3,2026-10-01T23:49:18Z,1.5884,0.1031,1.898,30.0,1775.7,NORMAL,0,
4,2026-10-01T23:49:18Z,0.9926,-0.1712,2.0082,30.0,1779.4,NORMAL,0,
5,2026-10-01T23:49:18Z,1.4486,0.2711,1.8928,60.0,3559.2,NORMAL,0,
6,2026-10-01T23:49:18Z,1.0546,-0.0826,1.8888,58.0,3532.9,NORMAL,0,
1,2026-10-01T23:50:18Z,1.615,0.1947,1.9273,30.0,1778.5,NORMAL,0,
2,2026-10-01T23:50:18Z,1.6771,0.2936,1.9794,30.0,1792.4,NORMAL,0,
3,2026-10-01T23:50:18Z,1.5844,-0.1921,1.9275,30.0,1767.7,NORMAL,0,
4,2026-10-01T23:50:18Z,1.0159,-0.0412,2.0188,30.0,1792.2,NORMAL,0,
5,2026-10-01T23:50:18Z,1.3478,-0.2543,1.8835,60.0,3551.4,NORMAL,0,
6,2026-10-01T23:50:18Z,1.0371,0.2351,1.9788,60.0,3543.3,NORMAL,0,
1,2026-10-01T23:51:18Z,1.5866,0.2259,1.9229,30.0,1797.8,NORMAL,0,
2,2026-10-01T23:51:18Z,1.7661,0.0522,1.9386,30.0,1780.8,NORMAL,0,
3,2026-10-01T23:51:18Z,1.6092,-0.3022,1.9194,30.0,1788.9,NORMAL,0,
4,2026-10-01T23:51:18Z,1.0023,0.193,2.0043,30.0,1793.3,NORMAL,0,
5,2026-10-01T23:51:18Z,1.3921,-0.3177,1.9075,58.0,3528.0,NORMAL,0,
6,2026-10-01T23:51:18Z,1.0736,0.1105,1.975,60.0,3568.5,NORMAL,0,
1,2026-10-01T23:52:18Z,1.492,0.0753,1.9691,30.0,1797.2,NORMAL,0,
2,2026-10-01T23:52:18Z,1.6722,-0.1341,1.93,30.0,1776.3,NORMAL,0,
3,2026-10-01T23:52:18Z,1.5546,-0.2328,1.9301,30.0,1772.6,NORMAL,0,
4,2026-10-01T23:52:18Z,1.0405,0.2542,1.8729,30.0,1783.9,NORMAL,0,
5,2026-10-01T23:52:18Z,1.4489,0.0742,1.903,60.0,3587.8,NORMAL,0,
6,2026-10-01T23:52:18Z,1.086,0.3521,2.0071,60.0,3563.9,NORMAL,0,
1,2026-10-01T23:53:18Z,1.5533,-0.2266,1.9295,30.0,1772.9,NORMAL,0,
2,2026-10-01T23:53:18Z,1.7491,0.1385,1.9226,30.0,1777.1,NORMAL,0,
3,2026-10-01T23:53:18Z,1.6983,-0.1463,1.9383,30.0,1772.5,NORMAL,0,
4,2026-10-01T23:53:18Z,1.0015,-0.2907,1.878,30.0,1784.4,NORMAL,0,
5,2026-10-01T23:53:18Z,1.3201,0.1303,1.9503,60.0,3548.1,NORMAL,0,
6,2026-10-01T23:53:18Z,1.1372,0.3456,1.8479,60.0,3548.1,NORMAL,0,
1,2026-10-01T23:54:18Z,1.5271,0.3099,1.9296,30.0,1784.6,NORMAL,0,
2,2026-10-01T23:54:18Z,1.6895,-0.2855,1.8983,30.0,1773.6,NORMAL,0,
3,2026-10-01T23:54:18Z,1.6355,-0.2407,1.8924,30.0,1782.0,NORMAL,0,
4,2026-10-01T23:54:18Z,0.0062,0.0925,3.1194,276.0,1784.2,ATENCAO,1,SENSOR_TRAVADO
5,2026-10-01T23:54:18Z,1.4168,-0.2889,1.9695,60.0,3556.2,NORMAL,0,
6,2026-10-01T23:54:18Z,1.1157,0.2845,1.9449,60.0,3552.8,NORMAL,0,
1,2026-10-01T23:55:18Z,1.5407,0.0617,1.9189,30.0,1780.4,NORMAL,0,
2,2026-10-01T23:55:18Z,1.6532,-0.1598,1.9589,30.0,1778.1,NORMAL,0,
3,2026-10-01T23:55:18Z,1.5501,0.3018,1.9318,30.0,1781.8,NORMAL,0,
4,2026-10-01T23:55:18Z,0.006,0.1401,3.0882,182.0,1789.0,ATENCAO,1,SENSOR_TRAVADO
5,2026-10-01T23:55:18Z,1.3636,0.2879,1.9919,60.0,3568.8,NORMAL,0,
6,2026-10-01T23:55:18Z,1.0777,0.1964,1.9101,60.0,3557.7,NORMAL,0,
1,2026-10-01T23:56:18Z,1.5723,-0.3121,1.8886,30.0,1784.0,NORMAL,0,
2,2026-10-01T23:56:18Z,1.6758,0.1126,1.9329,30.0,1780.7,NORMAL,0,
3,2026-10-01T23:56:18Z,1.6199,-0.302,1.9242,30.0,1785.1,NORMAL,0,
4,2026-10-01T23:56:18Z,0.0059,0.0142,2.8783,834.0,1777.3,ATENCAO,1,SENSOR_TRAVADO
5,2026-10-01T23:56:18Z,1.4178,-0.2774,1.9555,60.0,3546.8,NORMAL,0,
6,2026-10-01T23:56:18Z,1.1199,0.1402,1.9272,60.0,3559.5,NORMAL,0,
1,2026-10-01T23:57:18Z,1.5905,0.1138,1.8886,30.0,1789.5,NORMAL,0,
2,2026-10-01T23:57:18Z,1.7079,0.2051,1.8859,30.0,1790.3,NORMAL,0,
3,2026-10-01T23:57:18Z,2.0193,0.4187,3.3843,30.0,1781.1,NORMAL,1,FALHA_ROLAMENTO
4,2026-10-01T23:57:18Z,0.0062,-0.1436,3.1407,150.0,1796.6,ATENCAO,1,SENSOR_TRAVADO
5,2026-10-01T23:57:18Z,1.3814,-0.3044,1.9492,60.0,3569.4,NORMAL,0,
6,2026-10-01T23:57:18Z,1.0618,-0.3119,1.9359,60.0,3565.1,NORMAL,0,
1,2026-10-01T23:58:18Z,1.5652,0.2138,1.9851,30.0,1781.8,NORMAL,0,
2,2026-10-01T23:58:18Z,1.6435,0.3215,1.9625,30.0,1787.2,NORMAL,0,
3,2026-10-01T23:58:18Z,2.0165,0.6417,3.9424,30.0,1784.4,NORMAL,1,FALHA_ROLAMENTO
4,2026-10-01T23:58:18Z,2.3975,-0.0216,1.5488,30.0,1781.1,NORMAL,1,DESBALANCEAMENTO
5,2026-10-01T23:58:18Z,1.4298,0.2996,1.8823,60.0,3569.2,NORMAL,0,
6,2026-10-01T23:58:18Z,1.0977,-0.0893,1.942,60.0,3545.1,NORMAL,0,
1,2026-10-01T23:59:18Z,1.5574,0.3057,1.8557,30.0,1788.4,NORMAL,0,
2,2026-10-01T23:59:18Z,1.7187,0.0389,1.9426,30.0,1788.6,NORMAL,0,
3,2026-10-01T23:59:18Z,2.1958,0.674,4.5336,30.0,1783.8,ATENCAO,1,FALHA_ROLAMENTO
4,2026-10-01T23:59:18Z,2.6339,0.1366,1.5687,30.0,1786.6,NORMAL,1,DESBALANCEAMENTO
5,2026-10-01T23:59:18Z,1.3989,0.2236,1.9349,60.0,3564.8,NORMAL,0,
6,2026-10-01T23:59:18Z,1.1286,0.0119,1.8905,60.0,3557.3,NORMAL,0,
1,2026-10-02T00:00:18Z,1.5903,-0.254,1.8886,30.0,1776.3,NORMAL,0,
2,2026-10-02T00:00:18Z,1.6888,-0.3177,1.9517,30.0,1779.5,NORMAL,0,
3,2026-10-02T00:00:18Z,2.3968,0.8082,5.1684,30.0,1783.0,ATENCAO,1,FALHA_ROLAMENTO
4,2026-10-02T00:00:18Z,2.7277,-0.0796,1.5723,30.0,1765.1,NORMAL,1,DESBALANCEAMENTO
5,2026-10-02T00:00:18Z,2.4934,0.3289,2.2912,60.0,3560.6,NORMAL,1,DESALINHAMENTO
6,2026-10-02T00:00:18Z,1.0945,0.2839,2.0021,60.0,3562.0,NORMAL,0,
1,2026-10-02T00:01:18Z,1.5629,0.2856,1.9888,30.0,1772.5,NORMAL,0,
2,2026-10-02T00:01:18Z,1.6694,0.243,1.8844,30.0,1788.3,NORMAL,0,
3,2026-10-02T00:01:18Z,2.5656,0.7858,5.2595,30.0,1768.4,ATENCAO,1,FALHA_ROLAMENTO
4,2026-10-02T00:01:18Z,3.1129,0.0282,1.5554,30.0,1772.8,NORMAL,1,DESBALANCEAMENTO
5,2026-10-02T00:01:18Z,2.8729,0.5898,2.3164,60.0,3577.7,NORMAL,1,DESALINHAMENTO
6,2026-10-02T00:01:18Z,1.1079,0.2824,1.8939,60.0,3550.6,NORMAL,0,
1,2026-10-02T00:02:18Z,1.583,0.0658,1.9086,30.0,1779.5,NORMAL,0,
2,2026-10-02T00:02:18Z,1.6463,0.3276,1.9233,30.0,1788.0,NORMAL,0,
3,2026-10-02T00:02:18Z,2.676,1.0305,5.988,30.0,1778.8,ATENCAO,1,FALHA_ROLAMENTO
4,2026-10-02T00:02:18Z,3.2273,0.1006,1.5727,30.0,1774.8,NORMAL,1,DESBALANCEAMENTO
5,2026-10-02T00:02:18Z,3.1531,0.4533,2.2964,120.0,3585.8,NORMAL,1,DESALINHAMENTO
6,2026-10-02T00:02:18Z,1.0756,0.1636,2.0254,60.0,3553.2,NORMAL,0,
1,2026-10-02T00:03:18Z,1.5757,0.0598,1.8999,30.0,1764.1,NORMAL,0,
2,2026-10-02T00:03:18Z,1.6827,0.0185,1.9486,30.0,1782.6,NORMAL,0,
3,2026-10-02T00:03:18Z,2.8317,1.0875,6.6306,30.0,1780.7,ATENCAO,1,FALHA_ROLAMENTO
4,2026-10-02T00:03:18Z,3.4041,0.0819,1.5454,30.0,1779.8,NORMAL,1,DESBALANCEAMENTO
5,2026-10-02T00:03:18Z,3.6094,-0.0839,2.22,118.0,3559.8,NORMAL,1,DESALINHAMENTO
6,2026-10-02T00:03:18Z,1.103,0.2513,1.9471,60.0,3546.1,NORMAL,0,
1,2026-10-02T00:04:18Z,1.5801,-0.0579,1.8945,30.0,1771.7,NORMAL,0,
2,2026-10-02T00:04:18Z,1.6802,-0.1245,1.9518,30.0,1781.1,NORMAL,0,
3,2026-10-02T00:04:18Z,3.0258,1.0082,6.7147,30.0,1776.9,ATENCAO,1,FALHA_ROLAMENTO
4,2026-10-02T00:04:18Z,3.5743,0.1251,1.5375,30.0,1774.7,NORMAL,1,DESBALANCEAMENTO
5,2026-10-02T00:04:18Z,4.0782,-0.0497,2.2145,120.0,3573.5,NORMAL,1,DESALINHAMENTO
6,2026-10-02T00:04:18Z,1.0495,-0.1329,1.9561,60.0,3569.4,NORMAL,0,
1,2026-10-02T00:05:18Z,1.5333,0.2799,1.9541,30.0,1787.1,NORMAL,0,
2,2026-10-02T00:05:18Z,1.6555,-0.1468,1.9526,30.0,1780.3,NORMAL,0,
3,2026-10-02T00:05:18Z,3.1893,1.2624,7.1538,30.0,1781.7,ATENCAO,1,FALHA_ROLAMENTO
4,2026-10-02T00:05:18Z,3.9411,0.0118,1.5295,30.0,1785.0,NORMAL,1,DESBALANCEAMENTO
5,2026-10-02T00:05:18Z,4.3302,0.5299,2.1977,118.0,3554.9,NORMAL,1,DESALINHAMENTO
6,2026-10-02T00:05:18Z,1.0795,0.1812,1.8956,60.0,3568.6,NORMAL,0,
1,2026-10-02T00:06:18Z,1.5694,0.1813,1.9015,30.0,1775.8,NORMAL,0,
2,2026-10-02T00:06:18Z,1.7041,-0.3488,1.9288,30.0,1783.2,NORMAL,0,
3,2026-10-02T00:06:18Z,1.5608,0.1557,1.9599,30.0,1778.7,NORMAL,0,
4,2026-10-02T00:06:18Z,4.0568,0.0725,1.5178,30.0,1774.3,NORMAL,1,DESBALANCEAMENTO
5,2026-10-02T00:06:18Z,4.8664,0.5018,2.1317,118.0,3548.2,ATENCAO,1,DESALINHAMENTO
6,2026-10-02T00:06:18Z,1.0889,0.2084,1.9367,60.0,3548.4,NORMAL,0,
1,2026-10-02T00:07:18Z,1.5253,-0.0276,1.9849,30.0,1768.0,NORMAL,0,
2,2026-10-02T00:07:18Z,1.6479,-0.2008,1.9607,30.0,1780.3,NORMAL,0,
3,2026-10-02T00:07:18Z,1.5857,0.2958,1.8659,30.0,1792.9,NORMAL,0,
4,2026-10-02T00:07:18Z,4.4568,-0.0381,1.5058,30.0,1777.2,NORMAL,1,DESBALANCEAMENTO
5,2026-10-02T00:07:18Z,1.3575,0.2779,1.9702,60.0,3560.7,NORMAL,0,
6,2026-10-02T00:07:18Z,1.1042,0.3208,1.949,60.0,3548.1,NORMAL,0,
1,2026-10-02T00:08:18Z,1.5972,-0.3347,1.9408,30.0,1779.2,NORMAL,0,
2,2026-10-02T00:08:18Z,1.6883,-0.0778,1.8446,30.0,1780.8,NORMAL,0,
3,2026-10-02T00:08:18Z,1.6239,-0.1686,1.937,30.0,1779.9,NORMAL,0,
4,2026-10-02T00:08:18Z,1.0272,0.2525,1.9387,30.0,1776.6,NORMAL,0,
5,2026-10-02T00:08:18Z,1.4064,0.3582,1.9771,60.0,3550.8,NORMAL,0,
6,2026-10-02T00:08:18Z,1.1578,-0.1985,1.944,60.0,3573.0,NORMAL,0,
1,2026-10-02T00:09:18Z,1.604,0.2957,1.9165,30.0,1779.0,NORMAL,0,
2,2026-10-02T00:09:18Z,1.6417,0.278,1.9324,30.0,1783.1,NORMAL,0,
3,2026-10-02T00:09:18Z,1.5654,0.3715,2.0434,30.0,1780.6,NORMAL,0,
4,2026-10-02T00:09:18Z,1.0359,-0.0532,1.9336,30.0,1777.8,NORMAL,0,
5,2026-10-02T00:09:18Z,1.408,-0.111,1.9037,60.0,3562.5,NORMAL,0,
6,2026-10-02T00:09:18Z,1.0822,0.0609,1.9349,60.0,3554.5,NORMAL,0,
1,2026-10-02T00:10:18Z,1.5688,-0.1356,1.9311,30.0,1782.5,NORMAL,0,
2,2026-10-02T00:10:18Z,1.6772,-0.2748,1.8761,30.0,1775.4,NORMAL,0,
3,2026-10-02T00:10:18Z,1.5485,-0.2766,1.9702,30.0,1769.7,NORMAL,0,
4,2026-10-02T00:10:18Z,1.0348,0.2294,1.8481,30.0,1772.2,NORMAL,0,
5,2026-10-02T00:10:18Z,1.4077,0.2272,1.9257,60.0,3580.5,NORMAL,0,
6,2026-10-02T00:10:18Z,1.1057,-0.1493,1.918,58.0,3537.8,NORMAL,0,
1,2026-10-02T00:11:18Z,1.584,0.1247,1.9498,30.0,1775.0,NORMAL,0,
2,2026-10-02T00:11:18Z,1.7953,-0.3163,1.9239,30.0,1782.4,NORMAL,0,
3,2026-10-02T00:11:18Z,1.5843,0.2866,1.9383,30.0,1778.3,NORMAL,0,
4,2026-10-02T00:11:18Z,1.0262,-0.0382,1.8921,30.0,1762.3,NORMAL,0,
5,2026-10-02T00:11:18Z,1.4343,0.3414,1.9117,60.0,3571.0,NORMAL,0,
6,2026-10-02T00:11:18Z,1.1107,0.3136,1.9088,60.0,3540.3,NORMAL,0,
1,2026-10-02T00:12:18Z,1.6248,0.332,1.9435,30.0,1784.5,NORMAL,0,
2,2026-10-02T00:12:18Z,1.7512,-0.1547,1.879,30.0,1766.8,NORMAL,0,
